employee_id,age,experience_years,education_level,department,skill_level,technical_skill_score,communication_score,leadership_score,problem_solving_score,task_id,task_complexity,required_skill_level,deadline_days,workload_hours,task_priority,team_size,previous_task_success_rate,attendance_rate,performance_rating,idle_time_hours,conflict_rate,allocation_status
1,50,10,Master,Marketing,Low,73,64,84,46,7690,Medium,Expert,16,5,Critical,5,88,72,Average,4,3,Suboptimal
2,36,16,Diploma,Marketing,Expert,66,93,90,94,1449,High,Medium,12,6,Low,3,97,87,Excellent,2,0,Optimal
3,29,6,Diploma,R&D,Medium,54,97,70,48,2069,Low,High,20,10,High,8,90,79,Poor,5,2,Suboptimal
4,42,13,Master,Marketing,Medium,98,60,65,74,5017,Medium,High,2,3,Critical,2,99,84,Excellent,3,0,Reassignment Required
5,40,25,Diploma,IT,Low,89,40,31,51,3819,High,Low,28,10,Critical,3,72,87,Poor,3,2,Optimal
6,44,10,Bachelor,HR,Expert,48,97,51,91,3285,Low,High,11,6,Low,9,85,93,Poor,2,0,Suboptimal
7,32,27,PhD,R&D,Medium,65,44,51,96,2399,Medium,Medium,20,11,Medium,4,81,84,Poor,4,0,Suboptimal
8,32,21,Master,IT,Expert,42,92,70,85,3248,High,Low,23,2,Low,3,67,93,Poor,1,1,Optimal
9,45,8,Bachelor,R&D,Low,75,61,43,79,7375,Medium,Low,13,8,High,4,99,88,Average,1,1,Reassignment Required
10,57,22,Bachelor,HR,Low,86,46,64,83,1723,Low,Expert,3,6,Medium,3,66,89,Excellent,5,1,Suboptimal
11,45,12,Diploma,R&D,Expert,44,52,79,78,6273,Low,Low,17,4,Low,2,64,74,Average,3,2,Optimal
12,24,22,Bachelor,IT,High,59,84,38,63,8535,Medium,Expert,10,4,High,5,60,80,Average,0,4,Suboptimal
13,43,17,Master,Operations,Low,59,91,88,48,5820,Low,Medium,8,2,High,6,99,78,Good,4,4,Reassignment Required
14,23,27,Bachelor,HR,Low,44,62,85,51,1086,Low,High,6,8,Medium,3,70,74,Average,0,4,Optimal
15,45,10,PhD,Finance,Low,49,60,39,75,8697,Medium,Medium,14,3,Low,5,91,80,Poor,3,4,Suboptimal
16,51,14,Bachelor,HR,Low,55,45,54,76,7846,Medium,Low,19,9,Low,3,66,91,Good,5,2,Suboptimal
17,59,24,Bachelor,HR,Expert,64,59,74,48,5149,High,Expert,24,5,High,7,88,76,Good,5,1,Optimal
18,23,25,PhD,HR,Expert,83,51,40,78,2751,High,High,22,5,Critical,9,89,96,Average,4,1,Reassignment Required
19,42,24,Bachelor,Operations,Expert,64,79,38,85,6161,Medium,Low,1,6,Critical,5,80,71,Excellent,1,1,Suboptimal
20,54,21,Bachelor,IT,Expert,69,48,36,91,4420,Low,Medium,25,10,Medium,4,98,89,Good,5,2,Reassignment Required
21,33,28,Diploma,Finance,High,53,89,63,61,5837,Low,Low,11,8,Low,5,98,91,Average,1,0,Optimal
22,43,18,Master,IT,Expert,61,67,49,98,3483,Medium,Expert,25,4,Critical,6,79,89,Average,5,3,Suboptimal
23,46,0,Diploma,R&D,Expert,82,50,34,56,4212,Medium,Medium,25,5,Medium,9,81,90,Poor,0,2,Suboptimal
24,48,3,Master,R&D,Low,67,91,84,72,4922,Medium,Low,14,10,High,5,88,88,Excellent,4,0,Reassignment Required
25,49,13,PhD,R&D,High,69,71,44,96,7310,Low,Expert,13,2,Critical,8,63,87,Good,5,1,Reassignment Required
26,37,13,PhD,IT,Low,58,50,77,86,7042,High,Low,12,9,Low,6,62,99,Excellent,3,1,Reassignment Required
27,36,2,PhD,Marketing,High,77,63,33,63,9013,High,Expert,22,9,High,6,68,85,Excellent,2,4,Optimal
28,24,29,Master,Operations,Medium,81,95,50,54,4527,Low,Low,6,8,Low,5,64,70,Excellent,5,4,Reassignment Required
29,58,27,Master,Marketing,High,59,54,38,68,9264,High,Medium,29,7,High,9,62,72,Good,5,0,Suboptimal
30,28,16,Master,R&D,High,74,80,95,71,9916,Medium,Medium,4,8,Low,8,84,95,Good,5,3,Optimal
31,42,2,PhD,Operations,Low,61,74,64,72,4754,Medium,Medium,24,11,Medium,6,91,78,Excellent,5,0,Optimal
32,30,15,Master,IT,High,54,56,80,68,9162,Low,Medium,9,5,Low,6,92,86,Average,2,0,Optimal
33,39,13,Bachelor,R&D,High,50,64,66,54,5365,Low,Medium,28,5,Low,7,77,77,Good,2,3,Suboptimal
34,25,29,Diploma,IT,Low,93,88,35,66,9410,Medium,High,7,6,High,4,95,90,Poor,5,0,Reassignment Required
35,46,19,PhD,Operations,Medium,73,74,80,73,1546,Medium,Low,7,5,Low,8,88,85,Excellent,3,0,Optimal
36,35,28,Diploma,IT,Medium,96,58,95,43,4729,Low,Medium,13,5,Low,9,98,81,Good,2,2,Optimal
37,30,12,Bachelor,IT,Medium,63,80,46,88,8350,Low,High,2,10,Low,2,61,73,Good,0,3,Suboptimal
38,47,14,Master,Finance,High,45,70,94,87,6884,Medium,High,2,7,High,9,70,74,Excellent,1,1,Suboptimal
39,23,13,Diploma,Marketing,Low,56,56,38,57,2968,Medium,Low,28,4,Critical,4,90,96,Poor,2,4,Reassignment Required
40,41,23,Bachelor,Marketing,Medium,67,94,42,60,5516,High,Expert,15,4,Critical,2,63,76,Average,1,1,Reassignment Required
41,49,24,Bachelor,Marketing,Medium,89,89,87,87,2259,High,Low,26,11,Critical,2,88,99,Average,5,1,Reassignment Required
42,28,18,Diploma,HR,Medium,70,62,59,47,7992,Medium,Low,16,9,Low,4,62,93,Good,5,4,Suboptimal
43,29,5,PhD,Finance,Medium,75,86,60,45,8756,Low,Expert,27,4,Medium,6,61,87,Poor,0,4,Optimal
44,56,9,Diploma,R&D,Low,94,40,52,93,3933,High,Expert,2,5,Medium,7,95,91,Poor,4,0,Optimal
45,35,26,PhD,R&D,Medium,48,97,92,59,3509,High,Medium,20,7,High,8,73,99,Excellent,5,3,Suboptimal
46,38,14,Master,R&D,High,49,49,57,41,2562,Medium,Expert,25,10,Critical,4,63,89,Excellent,4,4,Reassignment Required
47,57,20,PhD,Marketing,High,60,47,88,90,9075,Low,Expert,5,7,Low,6,89,83,Poor,3,3,Optimal
48,25,21,Master,Marketing,Low,97,81,39,84,4669,Low,Low,2,4,High,4,78,77,Average,1,0,Optimal
49,23,19,Diploma,Finance,Expert,73,65,55,61,3481,Medium,Low,20,7,Low,9,78,82,Excellent,3,1,Suboptimal
50,27,25,Master,IT,Medium,70,73,46,93,8198,Low,Low,7,5,High,4,90,97,Excellent,2,4,Reassignment Required
51,25,5,Bachelor,Marketing,Medium,68,58,69,60,1204,Medium,Expert,5,6,Critical,9,74,73,Average,3,4,Optimal
52,50,22,Master,R&D,High,82,53,97,45,1741,Low,High,11,6,Low,7,88,81,Average,5,0,Reassignment Required
53,39,24,PhD,IT,Low,82,47,52,98,8049,Medium,Medium,8,4,Critical,3,62,72,Excellent,0,3,Suboptimal
54,47,9,PhD,Marketing,Expert,50,90,64,71,5263,Low,Low,17,6,Critical,5,78,74,Poor,3,3,Suboptimal
55,55,6,PhD,Operations,High,72,40,38,45,8837,Medium,High,14,6,Low,4,81,73,Excellent,5,2,Reassignment Required
56,31,21,Master,HR,Expert,97,87,74,52,5737,Medium,Medium,29,8,Critical,5,79,84,Average,2,1,Optimal
57,57,16,PhD,Marketing,Low,85,64,66,40,2105,Low,Low,5,10,High,6,66,97,Excellent,2,2,Optimal
58,35,17,PhD,Operations,Low,40,63,98,61,7830,Medium,High,4,6,High,9,63,74,Good,0,3,Optimal
59,52,16,Bachelor,Finance,Low,60,86,48,92,5197,High,Medium,3,10,High,3,60,78,Average,1,2,Reassignment Required
60,36,8,Master,Operations,High,62,59,56,63,1088,Low,Low,7,6,Critical,7,66,83,Excellent,4,3,Reassignment Required
61,29,9,Bachelor,Finance,Low,96,95,42,80,7488,Medium,Low,26,5,Low,9,81,96,Good,0,4,Optimal
62,35,9,PhD,Marketing,High,48,69,86,69,4381,Low,High,11,7,Critical,3,96,85,Average,4,0,Suboptimal
63,44,24,PhD,Finance,High,95,44,89,61,4185,Low,Expert,1,9,Critical,2,89,72,Good,0,2,Suboptimal
64,42,6,PhD,Operations,Medium,40,42,41,83,7679,Medium,Expert,22,5,High,8,68,84,Poor,0,4,Optimal
65,37,15,Master,HR,High,60,71,38,51,7306,High,Low,24,6,Low,8,86,99,Average,3,4,Reassignment Required
66,39,28,Diploma,IT,High,61,56,56,65,1864,Low,High,18,11,Medium,9,97,87,Good,3,0,Optimal
67,45,17,PhD,IT,Medium,93,81,92,43,9246,High,Expert,22,2,Medium,7,82,87,Poor,3,0,Suboptimal
68,47,5,PhD,HR,Expert,43,44,58,58,5671,High,Expert,27,11,Low,8,71,83,Good,0,4,Suboptimal
69,46,26,PhD,R&D,Medium,40,50,51,55,1557,Medium,Expert,1,2,Low,7,72,94,Average,3,4,Suboptimal
70,50,19,PhD,IT,Medium,90,77,48,97,5291,Medium,High,29,9,High,5,92,76,Average,5,2,Optimal
71,36,0,Master,Marketing,Low,49,43,67,51,1447,Low,High,16,8,Low,3,74,95,Average,0,2,Optimal
72,22,0,Diploma,R&D,Low,54,78,68,72,2821,Medium,Medium,13,6,Low,6,75,97,Poor,3,1,Suboptimal
73,46,11,Diploma,Marketing,Medium,91,58,44,94,4819,Low,Expert,6,10,Critical,2,93,89,Excellent,4,1,Suboptimal
74,28,20,Diploma,Operations,Low,75,78,83,60,1091,Low,High,6,2,Critical,3,68,75,Average,1,4,Suboptimal
75,30,27,PhD,Operations,Medium,68,85,61,75,1607,High,Medium,21,4,Medium,6,86,95,Poor,3,1,Suboptimal
76,45,1,PhD,R&D,Low,91,88,75,48,1285,Medium,Low,23,7,High,5,74,85,Poor,2,4,Reassignment Required
77,22,3,Diploma,R&D,High,85,62,90,78,3921,Medium,Medium,14,2,High,6,94,91,Average,5,0,Optimal
78,29,16,Diploma,R&D,Low,44,56,81,81,1101,Low,Expert,5,7,Low,6,93,88,Average,1,0,Reassignment Required
79,45,3,PhD,R&D,Low,68,52,63,84,4835,High,High,8,3,High,8,99,78,Average,2,2,Suboptimal
80,32,10,PhD,Finance,High,86,66,64,47,9169,Medium,Expert,18,11,Medium,8,89,89,Average,1,3,Suboptimal
81,38,21,Bachelor,R&D,Medium,86,40,99,59,5235,High,Expert,6,6,Critical,9,82,70,Excellent,3,4,Reassignment Required
82,29,25,Bachelor,R&D,Low,66,41,66,49,8509,High,Low,5,11,Medium,6,68,87,Excellent,4,2,Reassignment Required
83,56,3,Bachelor,Operations,Low,64,57,90,71,7716,Low,High,10,3,Medium,4,91,90,Good,3,1,Reassignment Required
84,56,0,Diploma,Marketing,High,55,75,78,67,1534,Medium,High,18,2,Low,7,94,83,Excellent,5,4,Suboptimal
85,54,6,Master,Operations,High,55,84,38,49,7666,Medium,Low,27,5,Critical,3,91,83,Good,0,2,Optimal
86,26,29,PhD,IT,High,75,72,48,47,9207,Medium,High,13,3,Low,6,75,77,Good,2,1,Optimal
87,49,17,Bachelor,Finance,Expert,64,75,57,91,9752,High,Medium,23,10,Medium,9,91,92,Poor,1,4,Reassignment Required
88,28,8,Master,Finance,High,80,41,55,86,3925,Medium,Expert,20,4,Medium,2,84,94,Excellent,4,2,Reassignment Required
89,30,28,PhD,Marketing,Medium,40,43,67,72,1909,Low,Low,6,10,High,4,89,86,Excellent,2,3,Reassignment Required
90,29,2,Master,R&D,Low,44,55,69,98,6008,High,Low,21,5,High,6,96,87,Excellent,4,2,Suboptimal
91,33,7,Diploma,Operations,Low,80,43,54,86,1118,Medium,Expert,4,11,High,6,96,84,Poor,2,4,Reassignment Required
92,55,28,Diploma,IT,Expert,59,96,98,95,4113,High,Low,13,8,High,7,94,79,Good,3,1,Suboptimal
93,54,23,Diploma,Operations,Low,44,48,52,88,7153,High,High,18,8,Medium,3,67,89,Excellent,5,4,Optimal
94,44,18,Bachelor,R&D,Low,75,88,94,52,2491,High,High,13,7,High,8,99,85,Average,0,4,Suboptimal
95,45,3,PhD,R&D,Medium,68,60,51,83,3096,Low,Expert,13,9,Critical,9,95,76,Poor,2,2,Reassignment Required
96,58,17,Diploma,HR,Low,87,62,93,74,8944,Medium,Low,7,7,Medium,9,84,98,Poor,4,4,Suboptimal
97,56,19,Bachelor,Operations,Medium,73,91,97,94,3254,Medium,Medium,5,10,Medium,8,77,98,Poor,3,0,Suboptimal
98,43,26,Bachelor,Marketing,Expert,97,99,87,90,9705,High,Expert,29,6,Critical,4,98,86,Poor,1,3,Suboptimal
99,48,10,Bachelor,Operations,Medium,87,92,57,68,7103,Medium,High,3,4,Low,6,69,74,Good,1,1,Suboptimal
100,56,26,Bachelor,Finance,High,57,41,97,95,2233,High,High,6,6,High,6,60,87,Good,5,3,Suboptimal
101,22,13,Diploma,IT,High,41,42,33,44,6258,High,High,8,5,Medium,5,63,83,Excellent,3,2,Suboptimal
102,56,24,Bachelor,Marketing,Expert,55,62,30,42,6631,High,Medium,27,4,Critical,2,85,87,Excellent,5,2,Optimal
103,58,17,Diploma,HR,Low,68,65,55,92,4349,Low,High,26,2,Low,2,70,87,Poor,1,0,Optimal
104,35,27,Diploma,IT,Medium,72,86,62,76,1129,Medium,Expert,26,9,Low,3,74,84,Average,4,2,Optimal
105,24,27,Bachelor,IT,High,55,46,56,95,4716,High,Expert,12,5,Critical,8,91,94,Good,5,2,Reassignment Required
106,22,28,Diploma,Finance,Medium,74,75,71,99,7754,Medium,Expert,2,4,Medium,4,74,80,Poor,0,2,Optimal
107,26,15,PhD,Finance,High,86,83,98,80,4743,Low,High,11,5,Medium,7,87,95,Good,5,3,Reassignment Required
108,47,2,PhD,Finance,Medium,82,72,93,45,2771,Low,Medium,26,2,High,7,82,74,Poor,3,0,Optimal
109,35,14,Master,Marketing,Low,81,88,54,87,5454,High,Medium,28,7,High,6,62,85,Average,0,4,Suboptimal
110,48,26,PhD,Operations,Expert,56,75,33,81,7770,Low,High,20,4,Critical,8,91,77,Poor,0,1,Suboptimal
111,30,26,Diploma,IT,Low,43,43,41,55,8250,Low,Low,3,9,Critical,9,79,82,Poor,3,0,Optimal
112,36,3,Diploma,Operations,Medium,88,93,87,74,6273,Low,Low,23,11,Medium,8,73,95,Poor,2,3,Optimal
113,36,4,PhD,Operations,High,43,62,40,57,9697,Low,Expert,10,6,Medium,9,94,91,Average,4,4,Reassignment Required
114,47,16,Bachelor,Finance,High,90,64,88,50,6628,Low,Medium,8,10,Critical,7,99,96,Excellent,3,4,Reassignment Required
115,34,6,Bachelor,Operations,Expert,64,80,65,90,5913,Low,High,8,10,Critical,4,68,86,Excellent,4,1,Reassignment Required
116,53,15,Diploma,IT,Low,72,65,51,96,5718,Medium,Medium,14,3,Low,3,83,95,Excellent,0,4,Suboptimal
117,53,13,Bachelor,IT,Low,53,67,94,62,3676,Low,Medium,4,6,Low,8,63,78,Poor,0,0,Optimal
118,25,25,Master,R&D,Low,63,67,79,86,1096,Medium,Low,15,8,Low,5,71,84,Excellent,2,4,Reassignment Required
119,51,15,Master,HR,High,50,60,33,50,2963,High,Medium,10,8,Low,3,83,76,Poor,0,3,Optimal
120,58,6,PhD,Marketing,Expert,64,49,81,98,6401,Low,Medium,18,11,Low,2,60,96,Good,3,4,Optimal
121,44,8,PhD,Operations,High,67,66,72,96,8767,Low,High,22,4,Critical,8,73,87,Poor,4,3,Optimal
122,36,3,Bachelor,Marketing,Low,46,90,75,68,1598,Medium,High,15,8,High,5,90,83,Good,2,4,Suboptimal
123,50,29,Diploma,Marketing,Medium,88,90,33,93,4963,Low,Medium,19,8,Critical,6,69,77,Poor,5,1,Suboptimal
124,57,29,PhD,Marketing,High,75,54,42,95,9620,Medium,Medium,24,5,Low,3,92,71,Average,3,0,Reassignment Required
125,34,21,Master,R&D,Expert,49,93,67,81,8293,Medium,High,3,8,Critical,4,95,87,Average,4,3,Optimal
126,53,10,PhD,Marketing,Low,88,56,74,66,2324,Low,Low,2,9,Medium,4,94,73,Excellent,4,4,Reassignment Required
127,28,1,PhD,R&D,Medium,75,78,54,48,9111,High,High,13,4,Critical,2,77,93,Average,1,2,Optimal
128,43,11,Master,IT,High,70,74,96,74,2767,High,High,13,3,Critical,2,84,92,Poor,1,2,Optimal
129,49,11,Diploma,Operations,Medium,58,44,84,94,6164,High,High,25,10,High,7,71,71,Average,3,0,Optimal
130,23,29,PhD,R&D,Medium,57,55,68,48,2339,Medium,High,9,8,Low,2,87,79,Average,2,3,Suboptimal
131,27,3,PhD,HR,Expert,88,62,94,57,7466,Medium,High,25,2,Low,8,68,75,Poor,4,1,Suboptimal
132,49,17,PhD,Marketing,High,45,78,31,83,6463,Low,Low,3,11,Critical,8,83,80,Excellent,4,1,Optimal
133,49,25,Bachelor,HR,Expert,67,87,98,94,6490,Medium,Expert,2,11,Critical,8,79,96,Excellent,3,0,Reassignment Required
134,41,20,PhD,IT,Low,46,48,91,60,5061,High,High,14,10,Low,8,85,89,Excellent,2,1,Reassignment Required
135,51,6,Master,IT,Medium,77,72,75,95,8604,Low,High,16,6,Medium,2,64,79,Good,5,4,Suboptimal
136,32,28,Diploma,Finance,Expert,96,74,60,87,2270,High,Low,14,3,Low,6,86,98,Excellent,0,0,Optimal
137,49,0,Diploma,Marketing,Expert,51,96,64,75,1218,Low,Expert,4,8,Medium,5,87,86,Poor,5,3,Suboptimal
138,46,25,Master,Finance,Low,80,79,74,40,1533,High,Medium,2,10,Critical,7,96,93,Excellent,2,1,Reassignment Required
139,54,25,Bachelor,HR,High,89,89,83,66,8951,Low,Low,16,4,Critical,2,99,77,Poor,0,4,Reassignment Required
140,22,22,Master,Operations,Expert,73,63,98,84,4823,High,High,8,5,Medium,3,66,75,Good,4,1,Suboptimal
141,48,25,Diploma,Finance,Medium,64,63,58,97,1064,Medium,Medium,26,10,Low,6,78,85,Average,1,0,Optimal
142,34,12,Master,IT,Medium,56,89,37,79,5341,High,Low,1,3,Critical,5,81,79,Poor,1,0,Suboptimal
143,24,5,Bachelor,Marketing,Medium,92,63,83,77,6082,Low,Medium,18,5,Low,6,77,99,Good,3,1,Suboptimal
144,27,5,Diploma,HR,Medium,72,58,36,68,3985,High,Low,22,6,Critical,4,74,92,Good,5,0,Suboptimal
145,29,11,Bachelor,R&D,Expert,62,78,52,79,6594,Medium,Low,9,5,High,6,92,97,Average,2,2,Optimal
146,48,7,Master,IT,Medium,48,64,61,58,4913,Low,Medium,26,8,High,7,98,98,Poor,2,0,Optimal
147,30,23,PhD,R&D,Expert,45,91,91,63,9017,Medium,Expert,12,7,High,8,64,88,Excellent,0,3,Reassignment Required
148,58,21,Master,Operations,High,41,70,74,95,5255,High,Medium,5,10,Medium,6,99,94,Good,3,1,Optimal
149,54,18,Bachelor,Marketing,Medium,77,98,97,83,2004,Low,Medium,21,5,Low,4,96,73,Excellent,2,2,Optimal
150,45,4,Master,Operations,High,48,77,59,40,3122,High,Expert,3,10,High,4,64,96,Poor,3,1,Optimal
151,36,17,PhD,Operations,Expert,42,64,68,75,7696,Low,Medium,8,2,Medium,4,96,71,Poor,0,0,Suboptimal
152,53,29,Bachelor,Marketing,Low,55,66,34,62,4981,Medium,Expert,28,7,High,9,66,89,Average,5,2,Reassignment Required
153,53,4,Master,Marketing,High,64,71,96,52,1471,Medium,Expert,22,8,Critical,7,61,71,Excellent,4,1,Reassignment Required
154,45,29,Bachelor,R&D,Medium,63,50,51,69,4405,Medium,Expert,26,10,High,7,89,81,Poor,3,0,Suboptimal
155,33,24,Bachelor,Operations,Low,86,44,57,98,1308,High,High,28,2,Low,6,70,73,Average,1,0,Reassignment Required
156,23,9,Diploma,HR,High,68,83,51,88,8695,Low,Low,16,2,Low,4,96,85,Good,4,1,Suboptimal
157,24,0,Diploma,R&D,Expert,83,72,58,90,8707,Medium,High,18,3,Medium,2,98,71,Excellent,2,1,Suboptimal
158,58,9,Bachelor,Marketing,Expert,94,58,72,90,4047,High,Low,12,7,Low,3,92,85,Average,5,1,Optimal
159,38,4,Master,IT,Expert,79,82,71,93,3017,High,High,12,4,High,8,68,97,Average,0,2,Optimal
160,23,11,Master,R&D,High,65,86,89,76,5881,Low,Expert,21,7,Critical,3,70,84,Good,0,2,Optimal
161,23,21,Master,Finance,Expert,77,96,97,99,2478,Medium,High,4,3,Critical,8,71,83,Average,1,3,Reassignment Required
162,49,29,PhD,HR,High,74,55,88,50,5197,High,Low,27,11,Medium,4,69,80,Average,3,2,Optimal
163,44,26,Bachelor,R&D,Medium,62,74,35,46,8721,Medium,High,10,7,Critical,5,70,84,Good,1,0,Reassignment Required
164,58,6,Bachelor,Marketing,Medium,43,50,57,74,5870,Low,Medium,9,8,Medium,8,92,93,Average,3,2,Optimal
165,53,8,PhD,Marketing,High,98,50,60,50,4459,Medium,Medium,4,7,Medium,6,79,75,Excellent,1,1,Optimal
166,54,21,Bachelor,HR,High,81,49,68,88,6434,Medium,Expert,24,3,Medium,3,64,99,Poor,1,1,Reassignment Required
167,22,20,Bachelor,Finance,Low,53,73,79,82,1571,High,High,1,6,Low,7,83,93,Average,0,2,Reassignment Required
168,40,11,PhD,R&D,Expert,92,91,66,86,4589,High,High,5,11,High,7,91,96,Average,3,0,Optimal
169,23,22,Diploma,R&D,Medium,95,44,44,90,9339,Low,Low,25,7,Low,8,90,85,Poor,1,3,Suboptimal
170,47,28,Bachelor,Operations,Medium,86,62,80,79,6918,Low,Low,3,9,Critical,2,73,70,Average,5,1,Reassignment Required
171,53,0,PhD,IT,Low,78,94,99,87,1596,Low,High,11,10,Low,5,78,94,Good,5,4,Reassignment Required
172,27,10,Master,Marketing,High,46,64,52,60,6073,High,Low,13,6,Medium,5,83,97,Excellent,2,3,Optimal
173,53,29,Diploma,R&D,High,47,68,54,86,2070,Low,Medium,22,8,Low,2,91,80,Good,5,4,Optimal
174,25,20,Master,R&D,Low,81,79,75,42,5250,Low,Medium,11,5,Low,6,71,83,Poor,5,4,Reassignment Required
175,32,14,Bachelor,R&D,Expert,90,52,52,69,5325,High,Expert,26,11,Critical,6,80,71,Good,5,4,Optimal
176,38,1,Diploma,Finance,High,58,86,39,63,4371,Low,Medium,6,6,High,4,95,93,Excellent,0,1,Suboptimal
177,59,19,PhD,IT,High,41,71,61,77,1157,High,Low,27,2,Medium,8,84,85,Average,0,1,Reassignment Required
178,45,6,Bachelor,R&D,Expert,86,73,80,42,4318,Low,Low,22,4,Low,9,73,73,Good,0,4,Suboptimal
179,26,20,PhD,HR,Expert,40,51,70,76,7711,High,Low,4,3,Critical,2,67,83,Average,0,4,Reassignment Required
180,55,11,Diploma,Marketing,Low,81,63,94,72,8221,Medium,Low,7,7,Critical,2,88,85,Average,1,3,Suboptimal
181,27,21,Master,Operations,Low,77,79,94,61,9957,High,High,3,10,Medium,7,84,84,Excellent,5,1,Optimal
182,43,17,Bachelor,HR,Low,93,60,69,70,3612,High,High,22,11,Critical,9,82,71,Excellent,1,4,Optimal
183,32,2,Bachelor,Marketing,High,52,68,47,85,5562,High,High,10,4,High,8,95,82,Average,5,0,Reassignment Required
184,37,6,PhD,Finance,Low,81,90,65,51,1443,Low,High,5,3,Critical,2,71,86,Excellent,0,1,Reassignment Required
185,54,10,Diploma,IT,High,83,96,60,84,6973,High,Medium,19,3,Low,4,71,97,Average,1,1,Suboptimal
186,30,17,PhD,IT,Medium,63,99,83,53,1904,High,Low,18,7,High,3,77,89,Average,1,0,Optimal
187,27,11,Diploma,Marketing,Expert,71,62,92,96,3910,Low,Medium,28,11,High,6,95,79,Good,3,4,Optimal
188,37,5,Bachelor,HR,Expert,69,72,30,51,2801,Medium,Low,17,7,Critical,8,78,84,Average,2,2,Suboptimal
189,50,4,Diploma,Operations,Medium,45,47,81,94,1925,High,High,24,6,Medium,4,94,86,Poor,3,1,Reassignment Required
190,24,25,Bachelor,Finance,Low,77,81,86,66,8851,Low,Medium,1,10,Medium,9,86,77,Excellent,4,4,Suboptimal
191,41,0,Diploma,Marketing,High,72,52,38,52,6930,Medium,Low,5,8,Medium,8,62,71,Poor,3,0,Suboptimal
192,57,11,Master,Finance,High,83,44,85,63,9943,High,High,21,8,Low,8,72,93,Poor,2,0,Suboptimal
193,40,26,Diploma,IT,High,94,93,76,77,3922,Medium,Expert,17,2,Critical,8,97,95,Good,2,1,Suboptimal
194,47,25,Master,R&D,Expert,62,80,32,98,9854,High,Low,25,11,Medium,4,78,70,Poor,3,0,Reassignment Required
195,24,10,Diploma,R&D,Low,49,49,31,92,8555,High,Expert,21,11,Low,7,94,92,Excellent,5,0,Suboptimal
196,40,3,Diploma,Operations,High,96,53,83,86,1919,Medium,Low,9,3,High,4,74,92,Average,3,4,Optimal
197,41,26,PhD,Finance,High,85,63,66,99,6004,Medium,High,11,4,Medium,9,75,74,Excellent,5,0,Reassignment Required
198,53,17,PhD,Marketing,High,54,50,85,93,5219,Medium,Medium,22,6,High,7,94,72,Good,4,2,Suboptimal
199,28,3,Bachelor,Operations,Medium,99,85,60,94,9259,High,Low,7,5,Medium,7,64,91,Good,5,4,Suboptimal
200,54,16,PhD,HR,High,62,42,41,87,5570,High,Expert,7,9,Critical,8,66,80,Average,0,4,Optimal
201,39,1,Diploma,R&D,Medium,95,68,87,48,5453,Low,High,2,5,High,2,80,85,Poor,2,1,Suboptimal
202,22,28,PhD,Marketing,High,75,92,96,47,6575,Low,Low,14,7,Critical,4,60,90,Average,0,4,Optimal
203,32,23,Diploma,Finance,High,96,87,55,76,2953,Low,Expert,16,10,Low,3,84,78,Poor,5,1,Optimal
204,49,21,Master,Operations,High,40,91,41,54,3568,High,Low,5,3,High,8,89,73,Poor,4,0,Suboptimal
205,46,1,Diploma,Marketing,Medium,47,69,45,46,8945,Medium,Expert,18,9,Low,5,78,78,Poor,1,3,Reassignment Required
206,44,11,Bachelor,Operations,High,42,88,82,63,4708,Low,Low,4,6,Medium,9,83,83,Poor,1,2,Reassignment Required
207,52,5,Master,Operations,Low,53,76,78,88,5928,High,Medium,12,11,Medium,9,74,79,Poor,5,2,Suboptimal
208,51,9,Bachelor,Operations,High,56,97,78,55,4399,Medium,Medium,19,7,Medium,4,94,91,Average,0,0,Suboptimal
209,56,24,Bachelor,Finance,Medium,73,46,36,63,7570,Low,Medium,28,4,Low,8,83,85,Good,3,3,Reassignment Required
210,28,22,Bachelor,Marketing,Medium,86,56,44,82,1442,Medium,Medium,13,9,Medium,7,95,78,Good,2,4,Suboptimal
211,37,24,PhD,IT,Low,45,59,65,46,1600,Medium,High,27,3,Critical,3,73,72,Good,0,3,Suboptimal
212,47,20,Bachelor,IT,Expert,44,93,44,82,5582,Low,Medium,6,2,Low,7,81,97,Average,3,4,Optimal
213,23,22,Master,Finance,Low,85,50,91,99,3786,Low,Low,11,2,Low,2,98,99,Excellent,4,4,Reassignment Required
214,22,26,Diploma,Finance,Low,90,83,47,67,3695,High,High,15,9,High,5,67,98,Average,3,4,Optimal
215,33,15,Bachelor,R&D,Medium,80,64,75,41,3052,Medium,Low,21,3,Medium,6,75,70,Good,4,3,Reassignment Required
216,26,13,Master,Operations,High,79,98,90,73,1631,Low,Expert,17,6,High,6,76,97,Excellent,0,0,Optimal
217,58,6,Bachelor,Marketing,High,68,63,72,99,4442,Low,Medium,2,3,Low,9,64,91,Poor,1,4,Reassignment Required
218,53,27,Diploma,Marketing,Expert,74,41,73,77,2754,Medium,Low,13,5,High,2,94,89,Good,5,0,Reassignment Required
219,30,27,Master,HR,Expert,57,66,95,42,8020,Medium,Low,23,10,Critical,8,96,80,Good,2,4,Optimal
220,56,18,Master,HR,Expert,79,58,84,40,1025,Medium,Low,25,3,Medium,9,77,95,Poor,0,0,Suboptimal
221,40,22,Diploma,IT,Expert,87,97,68,70,8946,Low,Expert,1,5,Low,2,80,89,Excellent,1,0,Reassignment Required
222,37,16,Master,HR,Low,69,68,34,95,8297,Low,Expert,4,11,High,6,60,89,Poor,4,0,Suboptimal
223,24,8,Diploma,HR,Low,54,76,86,62,7553,High,Expert,15,6,Medium,2,76,70,Poor,2,1,Suboptimal
224,41,25,Master,IT,High,92,50,44,59,6759,Medium,Low,16,11,Critical,8,67,74,Average,3,3,Optimal
225,45,12,Master,R&D,Low,54,94,45,55,8755,Low,Expert,11,11,Medium,6,88,78,Poor,0,4,Suboptimal
226,54,21,Diploma,IT,High,55,58,86,85,2129,Low,Medium,3,6,High,2,79,72,Good,3,4,Suboptimal
227,45,4,Diploma,HR,High,96,67,54,71,5996,Medium,Expert,12,6,Critical,6,96,81,Good,2,1,Reassignment Required
228,32,22,Master,Marketing,High,72,78,51,56,5145,Low,Expert,12,11,Low,3,98,87,Good,0,0,Reassignment Required
229,29,4,Master,HR,High,49,60,60,57,6641,Medium,Low,11,11,Critical,9,64,97,Excellent,0,0,Reassignment Required
230,57,9,Diploma,Operations,Medium,58,65,63,96,9633,Low,Low,16,3,Medium,2,69,71,Good,5,4,Suboptimal
231,59,20,PhD,Operations,High,76,61,45,43,6897,Medium,Low,29,9,Low,6,65,79,Poor,3,2,Reassignment Required
232,41,26,Diploma,Operations,Low,89,45,99,74,8369,Medium,Low,21,6,Medium,9,66,76,Average,3,4,Reassignment Required
233,56,9,Master,R&D,Low,42,50,88,79,4895,Low,Medium,21,7,Low,2,94,99,Good,1,4,Reassignment Required
234,46,26,Master,Finance,Low,75,98,44,75,5797,Medium,Low,13,9,Critical,8,86,91,Excellent,5,1,Optimal
235,56,6,Master,Operations,Low,43,53,42,62,2828,High,High,12,9,Low,6,80,87,Poor,3,0,Suboptimal
236,46,25,Diploma,Marketing,Medium,50,99,53,54,1559,High,High,10,11,Medium,6,83,85,Poor,4,3,Optimal
237,50,14,Master,R&D,Expert,80,75,42,52,4914,Medium,Low,26,8,High,7,88,82,Excellent,1,4,Optimal
238,39,6,PhD,Finance,Expert,72,99,94,53,9430,High,Low,11,9,High,7,86,70,Average,3,4,Optimal
239,39,28,Bachelor,Finance,High,67,79,65,53,9050,Low,Medium,18,11,High,8,97,76,Excellent,0,3,Reassignment Required
240,23,26,PhD,Operations,High,71,80,78,76,7900,Low,High,5,8,Low,5,61,99,Average,3,1,Optimal
241,56,14,Diploma,HR,Low,96,41,77,44,6587,Medium,Expert,20,11,High,8,84,80,Excellent,5,2,Suboptimal
242,37,2,Master,IT,Low,55,96,72,98,6412,Low,Medium,13,7,High,9,61,75,Poor,2,1,Optimal
243,57,18,Diploma,HR,Expert,48,82,35,61,5612,Low,Expert,17,6,Medium,2,97,90,Good,1,4,Optimal
244,54,9,Bachelor,HR,Expert,50,99,97,67,4683,High,Low,12,6,Critical,3,77,74,Good,0,1,Suboptimal
245,25,27,Diploma,Finance,Low,45,59,43,84,9396,Low,High,17,9,Low,4,66,79,Average,3,3,Reassignment Required
246,54,28,Master,Finance,High,98,61,59,43,8347,Low,Expert,1,2,High,4,63,98,Poor,2,1,Optimal
247,35,14,Bachelor,R&D,Medium,88,78,37,89,4600,High,High,8,3,Medium,7,99,72,Good,1,4,Suboptimal
248,42,2,Bachelor,R&D,Medium,66,43,83,77,7643,Medium,Expert,16,2,Low,9,69,96,Excellent,1,3,Optimal
249,41,5,Master,Finance,Expert,51,95,95,68,2213,Medium,Medium,15,11,Medium,2,87,84,Poor,1,3,Optimal
250,29,11,Master,Marketing,Expert,61,68,33,76,8347,High,Low,19,8,Critical,9,89,81,Poor,0,4,Reassignment Required
251,28,14,Master,Marketing,Expert,79,85,89,74,4091,High,High,25,10,High,7,83,74,Good,3,4,Suboptimal
252,24,5,Diploma,IT,Medium,87,97,82,59,2382,Low,Medium,10,8,Low,6,95,83,Excellent,0,4,Optimal
253,38,12,PhD,Finance,Medium,76,63,44,74,4680,Low,High,2,10,Low,9,75,81,Excellent,4,2,Optimal
254,54,28,Diploma,Operations,Low,60,40,30,74,9198,Medium,Expert,25,5,High,6,92,91,Good,3,4,Suboptimal
255,33,18,Diploma,R&D,High,72,63,51,59,4498,Medium,Expert,27,8,Medium,3,69,80,Excellent,4,1,Optimal
256,43,2,PhD,Finance,Expert,56,97,44,41,9487,High,Low,25,11,Critical,2,80,92,Good,3,0,Reassignment Required
257,43,7,Master,Marketing,Low,95,69,51,91,6506,Low,Expert,4,11,Low,4,86,92,Average,1,2,Suboptimal
258,51,7,Master,Finance,Medium,68,51,79,97,9455,High,Low,4,8,Low,3,80,82,Average,0,2,Reassignment Required
259,59,22,PhD,Marketing,Low,92,58,77,98,3137,Medium,Low,20,11,Critical,8,86,79,Poor,4,0,Suboptimal
260,59,25,PhD,Finance,Medium,79,76,80,57,8655,Medium,Medium,12,11,Low,2,91,79,Good,1,1,Optimal
261,29,19,Diploma,Operations,High,49,97,46,69,9124,High,Low,17,3,Critical,9,64,93,Excellent,1,2,Suboptimal
262,48,14,Bachelor,IT,Medium,57,79,80,81,5948,Low,Medium,21,3,High,2,94,90,Excellent,5,2,Suboptimal
263,48,3,PhD,Operations,Low,86,82,66,95,4865,Low,High,29,9,Critical,7,81,83,Good,4,4,Suboptimal
264,55,18,Diploma,Marketing,High,91,93,78,97,6460,High,Expert,22,3,Critical,7,95,89,Poor,3,3,Optimal
265,42,20,Bachelor,R&D,Medium,52,43,88,92,6448,Medium,Expert,4,2,Medium,2,69,85,Good,4,2,Optimal
266,51,2,Master,R&D,Expert,66,54,39,68,5496,High,Expert,8,2,Critical,5,93,81,Excellent,0,1,Reassignment Required
267,54,12,Master,HR,Medium,49,59,59,78,5452,High,Low,16,2,High,3,65,92,Good,2,3,Reassignment Required
268,49,7,Diploma,Operations,High,71,83,50,98,7898,Low,Medium,15,7,Low,2,73,87,Excellent,3,0,Optimal
269,54,22,Diploma,Finance,Low,80,59,63,91,3546,Medium,Medium,14,6,Medium,9,96,93,Excellent,1,2,Optimal
270,26,15,PhD,IT,High,84,93,79,97,5929,Medium,Medium,19,8,Critical,8,78,73,Good,5,1,Suboptimal
271,40,12,Master,Finance,Low,42,94,76,61,9310,Low,Low,11,4,Medium,7,91,79,Average,4,0,Optimal
272,25,2,Diploma,Finance,Medium,61,60,35,68,8214,Medium,Expert,25,6,High,8,79,70,Excellent,5,4,Reassignment Required
273,56,15,Master,Operations,Medium,66,49,79,99,3395,Medium,Expert,13,3,High,3,80,87,Excellent,5,4,Optimal
274,38,8,Master,IT,High,94,69,92,85,8671,Low,Medium,23,10,Low,4,74,84,Poor,2,3,Reassignment Required
275,49,27,PhD,HR,Expert,42,63,41,49,6514,Medium,Low,8,10,High,2,76,86,Excellent,5,0,Optimal
276,51,13,Bachelor,Finance,Medium,72,87,70,59,2702,Medium,Expert,23,5,High,9,83,90,Good,4,3,Optimal
277,50,12,PhD,IT,Expert,41,94,60,55,9721,High,Low,9,3,Critical,6,80,70,Average,2,0,Suboptimal
278,27,20,Diploma,HR,Expert,50,79,31,45,4674,Medium,High,2,11,High,2,74,96,Excellent,3,0,Reassignment Required
279,56,24,PhD,Finance,High,85,91,45,56,9494,High,High,20,9,High,2,70,83,Average,4,4,Optimal
280,58,6,PhD,IT,Medium,49,79,30,45,5251,High,Low,2,5,High,3,96,81,Poor,4,3,Suboptimal
281,45,14,Master,Operations,Expert,78,77,33,61,1013,High,High,8,6,Low,8,89,94,Good,2,4,Suboptimal
282,50,6,PhD,R&D,Medium,94,42,76,57,8187,Low,Expert,18,5,Critical,3,77,96,Excellent,0,0,Reassignment Required
283,52,5,Diploma,R&D,Low,99,68,94,71,3803,Low,Medium,24,3,Critical,7,87,80,Average,5,4,Suboptimal
284,56,1,Bachelor,Finance,Expert,72,47,81,67,1888,Medium,Low,22,7,Medium,5,72,89,Excellent,1,3,Reassignment Required
285,54,8,PhD,Finance,High,97,68,76,81,5540,High,High,7,2,High,2,69,95,Average,2,3,Reassignment Required
286,42,21,PhD,IT,High,46,94,79,49,9090,Medium,Medium,11,9,Medium,7,98,88,Poor,5,1,Reassignment Required
287,53,23,Bachelor,R&D,Expert,54,49,74,80,3169,Medium,Expert,29,2,Medium,4,71,99,Average,4,4,Suboptimal
288,44,16,Diploma,Finance,Medium,65,44,71,61,4651,Medium,Expert,22,6,High,3,97,94,Excellent,2,1,Suboptimal
289,54,4,Diploma,HR,Low,50,50,85,67,9017,Medium,Low,28,10,Critical,9,99,73,Good,2,0,Reassignment Required
290,24,11,PhD,Finance,Low,77,43,86,54,9240,Medium,Medium,25,2,High,5,85,86,Average,4,4,Suboptimal
291,39,0,Master,R&D,High,66,88,62,82,1180,High,Expert,20,11,Medium,8,78,87,Average,4,2,Suboptimal
292,46,9,PhD,Marketing,High,93,97,57,68,4878,High,Low,1,8,Low,9,82,73,Good,0,1,Reassignment Required
293,52,10,Bachelor,R&D,Medium,78,74,73,46,4464,High,High,25,8,Medium,6,95,96,Excellent,0,3,Reassignment Required
294,24,15,Bachelor,HR,High,46,89,85,89,1529,High,Medium,16,6,Critical,6,86,70,Average,0,1,Suboptimal
295,45,13,Bachelor,IT,Medium,40,79,73,73,6771,Low,Expert,16,5,Low,5,75,75,Poor,5,4,Reassignment Required
296,53,7,PhD,HR,Expert,49,95,63,71,5679,High,High,29,10,Medium,7,66,76,Excellent,4,1,Reassignment Required
297,43,23,PhD,Marketing,Low,60,51,43,41,8940,High,Medium,10,6,High,9,72,70,Average,3,3,Optimal
298,44,16,Diploma,Marketing,Expert,54,60,97,65,2286,High,Medium,24,2,Critical,8,71,75,Poor,0,1,Reassignment Required
299,23,24,Master,Finance,High,69,55,58,84,3190,Low,Medium,17,10,Low,6,86,72,Poor,1,1,Optimal
300,48,17,PhD,Finance,Low,69,53,46,50,9898,Medium,Expert,29,6,Critical,2,92,92,Good,5,2,Suboptimal
301,23,11,Diploma,R&D,Low,47,60,38,64,9485,Low,Medium,10,10,Medium,3,90,85,Excellent,5,0,Suboptimal
302,47,24,PhD,Operations,Expert,63,87,56,58,2561,High,High,6,9,Critical,4,70,96,Poor,3,3,Optimal
303,38,16,Diploma,HR,Medium,58,66,78,59,6628,High,Expert,14,11,Low,6,76,71,Average,0,0,Optimal
304,54,27,Diploma,R&D,Low,42,75,66,72,3611,Low,Medium,26,8,High,2,97,71,Excellent,1,2,Optimal
305,30,25,Master,Operations,Medium,94,40,57,56,7560,Medium,High,28,7,Low,8,61,80,Good,4,4,Optimal
306,50,13,PhD,R&D,Expert,54,40,79,91,1660,Low,Expert,28,10,Critical,7,62,89,Poor,1,4,Optimal
307,47,15,Diploma,Marketing,Expert,75,61,84,69,4178,Low,Medium,15,5,High,9,93,80,Poor,0,2,Optimal
308,56,13,Bachelor,Finance,Medium,45,54,33,57,4389,High,Low,4,6,High,3,91,77,Poor,2,4,Optimal
309,46,8,Bachelor,Finance,Expert,96,91,48,71,4063,Low,Low,27,2,Critical,2,83,88,Average,2,4,Suboptimal
310,45,3,Bachelor,R&D,Low,81,59,66,79,7401,Low,Medium,2,8,Low,2,83,93,Excellent,1,1,Optimal
311,34,24,Master,Finance,Expert,89,42,33,84,9127,Low,Low,19,7,High,7,72,92,Average,4,1,Optimal
312,28,22,Diploma,IT,Expert,87,53,66,43,3840,Low,Expert,28,8,High,3,81,90,Poor,3,1,Suboptimal
313,57,10,Master,R&D,Low,57,48,80,71,7309,Low,Medium,13,2,Critical,6,78,84,Good,2,2,Suboptimal
314,41,5,PhD,Marketing,Medium,77,58,61,58,8192,Low,High,12,8,High,8,89,97,Average,5,4,Optimal
315,22,14,PhD,R&D,Expert,58,79,74,42,7054,High,Low,25,8,Low,8,98,89,Good,3,0,Optimal
316,29,4,Diploma,R&D,Medium,88,73,41,77,7146,High,Medium,21,9,High,9,80,83,Average,4,3,Reassignment Required
317,37,10,Bachelor,Finance,Low,89,43,70,67,7561,High,Expert,23,3,Medium,6,82,95,Good,2,4,Optimal
318,35,24,Diploma,Marketing,Medium,69,72,85,77,9560,High,Medium,13,2,High,2,75,95,Good,4,2,Reassignment Required
319,33,17,Diploma,R&D,Medium,52,82,43,93,1538,Low,High,15,2,Medium,5,66,87,Poor,0,1,Reassignment Required
320,44,29,Diploma,Finance,High,78,76,83,45,3927,Low,High,2,9,Low,6,79,94,Poor,3,3,Suboptimal
321,36,12,Master,HR,High,91,41,92,95,3393,Low,Medium,8,8,Medium,2,73,89,Excellent,0,3,Reassignment Required
322,49,10,PhD,Marketing,Expert,51,66,94,79,9922,Low,Medium,3,10,High,7,85,74,Poor,4,3,Optimal
323,55,13,Diploma,Operations,High,73,84,87,96,1896,High,Medium,1,3,High,4,81,71,Excellent,4,0,Reassignment Required
324,23,27,Diploma,IT,High,98,56,50,56,7867,High,Medium,29,5,Critical,8,95,71,Poor,1,1,Suboptimal
325,53,17,Diploma,Operations,High,51,88,33,81,7345,Low,Expert,24,9,Critical,4,85,71,Good,1,1,Reassignment Required
326,44,26,Master,Marketing,Medium,83,89,75,95,3368,Low,Medium,11,7,High,5,71,95,Excellent,2,1,Reassignment Required
327,43,27,Master,R&D,Medium,63,92,41,44,5559,Low,Expert,27,3,High,7,90,71,Poor,0,1,Reassignment Required
328,46,24,Master,Finance,High,43,99,59,58,8747,Low,Medium,9,11,High,2,99,78,Average,0,4,Reassignment Required
329,43,27,Diploma,Marketing,Low,75,70,89,82,3380,Medium,Expert,24,3,High,4,63,98,Poor,4,3,Reassignment Required
330,43,18,Bachelor,IT,High,89,80,94,81,1014,Medium,High,17,8,Low,8,99,81,Poor,1,3,Reassignment Required
331,27,23,Bachelor,Marketing,Low,87,45,43,74,4135,Medium,Low,28,10,High,7,86,90,Average,3,3,Reassignment Required
332,36,26,Bachelor,Finance,Medium,53,99,73,61,3277,Medium,Medium,7,9,Medium,6,68,96,Poor,4,2,Suboptimal
333,58,14,PhD,Operations,Low,56,91,55,63,9202,Low,Medium,23,3,Critical,9,71,91,Excellent,0,1,Optimal
334,54,8,Diploma,HR,Medium,88,70,45,49,2656,Low,High,4,4,Medium,2,88,89,Poor,0,4,Suboptimal
335,29,7,Bachelor,Operations,Low,42,42,36,41,2660,Low,Low,29,9,Medium,5,87,87,Poor,4,4,Reassignment Required
336,26,19,Bachelor,Finance,Medium,77,79,61,67,2763,Medium,High,29,5,Low,5,75,72,Average,4,2,Reassignment Required
337,25,27,Bachelor,Finance,Medium,62,42,45,80,9733,Medium,High,13,7,Medium,6,67,99,Average,5,2,Suboptimal
338,27,0,Diploma,IT,High,52,72,91,76,2529,Low,Medium,28,3,Medium,9,72,88,Poor,4,3,Reassignment Required
339,53,3,Bachelor,Marketing,Expert,48,91,59,92,8865,Medium,Medium,24,2,Medium,4,73,85,Average,0,3,Suboptimal
340,51,13,Bachelor,Marketing,Expert,60,98,41,56,6838,High,High,5,7,Critical,7,74,80,Good,5,3,Reassignment Required
341,56,24,Diploma,Operations,Medium,80,52,96,45,7910,Medium,Medium,29,9,Low,4,68,96,Average,3,3,Reassignment Required
342,37,1,PhD,HR,High,47,60,75,82,3617,Medium,Medium,12,6,Medium,9,91,95,Excellent,0,3,Optimal
343,34,15,Master,HR,Expert,56,76,72,98,3754,Medium,Medium,20,2,Medium,5,81,93,Poor,4,1,Reassignment Required
344,51,2,Bachelor,IT,Expert,55,55,84,44,9101,Medium,Low,29,11,Low,3,84,93,Average,1,4,Optimal
345,40,25,Master,Finance,High,55,60,74,78,2426,Low,Low,5,3,High,7,85,84,Poor,3,1,Optimal
346,38,7,PhD,IT,High,98,95,89,46,9067,High,Medium,11,4,Medium,8,88,91,Excellent,5,4,Suboptimal
347,40,5,PhD,Marketing,Expert,67,87,61,71,6208,Low,High,2,3,Critical,7,77,80,Good,5,0,Optimal
348,49,15,Bachelor,R&D,Expert,90,95,37,43,7222,Medium,Low,4,10,Critical,7,95,98,Good,2,0,Suboptimal
349,47,23,Diploma,R&D,Low,95,83,91,60,8808,Medium,High,10,11,High,5,79,79,Poor,5,0,Suboptimal
350,58,15,PhD,R&D,Low,55,52,49,81,3061,Medium,Expert,24,3,Medium,7,92,96,Average,0,4,Optimal
351,47,6,Master,Finance,Medium,96,43,47,71,3563,Medium,Expert,7,4,Low,5,79,93,Good,3,2,Suboptimal
352,44,29,Master,IT,Expert,85,70,35,95,3803,Medium,Medium,12,10,High,2,62,88,Poor,3,1,Optimal
353,30,12,Master,Operations,High,91,48,58,57,7209,High,High,8,4,Critical,6,93,92,Poor,4,2,Reassignment Required
354,33,12,Master,Marketing,High,85,87,33,72,3293,Low,High,23,9,Critical,2,65,74,Good,3,4,Suboptimal
355,22,4,PhD,R&D,Expert,53,72,72,53,2625,Medium,Expert,23,9,Low,5,90,83,Poor,5,3,Optimal
356,22,24,Bachelor,HR,Medium,85,76,63,45,6809,High,Low,27,4,High,2,94,78,Good,0,2,Optimal
357,55,19,Bachelor,IT,High,83,92,62,50,1571,Low,High,23,11,Low,4,91,94,Good,1,4,Optimal
358,53,21,Master,Marketing,Expert,77,76,44,85,8399,Low,High,16,11,High,5,68,90,Average,3,0,Optimal
359,46,17,Bachelor,Marketing,Expert,59,63,69,59,3400,Low,Low,2,4,High,4,86,75,Poor,5,3,Reassignment Required
360,22,14,Master,HR,Medium,84,64,34,68,9574,Medium,Medium,3,9,High,9,83,70,Good,0,0,Suboptimal
361,37,17,Master,HR,Expert,87,90,79,97,6829,Medium,Expert,17,4,Medium,4,81,97,Good,5,2,Optimal
362,26,1,Diploma,HR,High,80,80,95,74,2083,High,High,15,5,Critical,6,89,99,Average,5,2,Suboptimal
363,43,9,PhD,R&D,Low,73,68,83,55,2949,High,Medium,18,6,Critical,4,95,81,Good,5,1,Optimal
364,50,22,PhD,R&D,Medium,93,98,75,87,6530,Low,Medium,10,8,Critical,2,85,83,Average,4,1,Suboptimal
365,24,12,Master,IT,Expert,98,79,40,46,6202,Medium,Medium,22,2,High,9,61,73,Good,3,4,Optimal
366,33,17,PhD,HR,Medium,68,90,78,79,6430,Low,Low,2,9,High,2,66,84,Poor,2,2,Optimal
367,47,14,Bachelor,Operations,Expert,42,89,52,98,4497,Low,Medium,17,4,Medium,7,86,86,Poor,2,0,Reassignment Required
368,37,11,Master,Marketing,Low,49,86,84,99,6496,High,High,16,8,Critical,3,75,89,Poor,1,1,Suboptimal
369,58,14,Diploma,HR,Medium,59,75,34,75,5930,Medium,Medium,24,11,Critical,6,88,81,Average,4,0,Optimal
370,43,12,Bachelor,Marketing,Expert,41,54,93,83,4394,High,Medium,25,4,Medium,7,80,70,Poor,0,4,Optimal
371,50,17,Diploma,Finance,Low,66,84,64,83,1773,Medium,Medium,7,10,Critical,7,85,82,Average,3,0,Reassignment Required
372,35,14,Diploma,Finance,High,71,99,98,70,8793,Low,Expert,19,11,Low,7,77,99,Excellent,0,0,Reassignment Required
373,49,24,PhD,HR,Expert,95,57,83,81,3597,Low,High,16,6,Low,3,60,79,Average,2,3,Reassignment Required
374,26,22,PhD,Marketing,Low,49,59,32,83,8981,Low,Expert,1,4,Medium,4,61,73,Excellent,4,4,Reassignment Required
375,51,10,Master,Finance,Low,79,44,35,82,4061,Medium,Expert,4,4,Critical,7,73,75,Average,0,1,Reassignment Required
376,26,18,PhD,HR,Medium,56,57,85,82,4325,Low,Medium,13,5,Medium,5,97,78,Good,3,3,Suboptimal
377,33,2,Diploma,Marketing,Expert,97,99,31,86,2403,Medium,Medium,10,6,Medium,2,74,87,Average,4,2,Optimal
378,37,6,Diploma,HR,High,93,79,67,45,4320,Medium,Medium,11,6,Medium,5,95,71,Good,3,2,Suboptimal
379,47,20,Bachelor,R&D,Expert,72,40,85,68,8239,High,Low,19,9,Critical,3,83,75,Average,3,1,Reassignment Required
380,47,25,Diploma,Marketing,Low,45,58,34,66,7649,Low,High,15,11,Medium,9,84,80,Average,4,4,Optimal
381,42,13,Master,Finance,High,78,62,75,82,8420,High,Low,11,7,Critical,7,68,95,Excellent,4,2,Suboptimal
382,57,13,Master,HR,Low,86,65,40,41,8139,Medium,High,3,6,Low,8,74,97,Excellent,5,2,Reassignment Required
383,54,21,PhD,Finance,Medium,57,88,94,95,1869,Low,Medium,2,3,Medium,8,96,82,Good,3,2,Suboptimal
384,51,12,PhD,HR,Expert,48,68,39,61,7442,Low,High,11,6,Medium,8,65,75,Good,2,4,Suboptimal
385,58,11,PhD,IT,Low,47,98,70,98,1973,Medium,High,10,8,Critical,3,71,81,Poor,3,2,Reassignment Required
386,44,23,Master,Finance,Low,64,73,73,48,2188,Low,Expert,3,4,Low,2,86,88,Poor,4,1,Optimal
387,31,8,Diploma,Finance,Expert,70,58,62,50,6147,Medium,High,27,8,Critical,8,66,87,Excellent,5,1,Reassignment Required
388,26,0,PhD,Operations,High,81,87,85,55,4443,Low,High,5,2,High,7,87,99,Good,1,1,Reassignment Required
389,57,18,Bachelor,R&D,Low,43,57,41,84,6684,Low,Expert,15,7,Critical,3,71,88,Poor,0,3,Suboptimal
390,55,10,PhD,Finance,Expert,59,41,31,52,2321,Medium,Low,4,2,Low,5,94,97,Good,3,1,Optimal
391,52,22,Master,Marketing,Medium,67,99,30,93,3023,High,High,17,8,Low,3,61,81,Excellent,5,0,Reassignment Required
392,31,21,PhD,HR,Medium,79,66,94,93,7740,Medium,Low,1,7,Medium,5,85,89,Good,0,2,Optimal
393,40,22,Diploma,IT,Expert,40,45,62,99,6468,Low,Low,1,11,Critical,8,79,82,Excellent,3,1,Suboptimal
394,53,23,PhD,Marketing,Low,79,78,65,57,1438,Medium,Medium,12,2,Critical,9,84,89,Poor,5,4,Reassignment Required
395,22,21,Master,Marketing,Expert,94,45,50,92,1164,Medium,High,10,10,High,7,80,92,Good,3,4,Optimal
396,26,18,Master,Marketing,Expert,83,98,65,64,6678,Medium,Expert,9,6,Low,9,60,73,Good,5,4,Optimal
397,25,17,Bachelor,Marketing,Low,62,45,55,72,8835,Low,Expert,9,8,Critical,4,87,95,Poor,1,3,Suboptimal
398,37,11,Master,IT,High,96,70,76,91,4337,High,Medium,25,2,High,7,97,99,Average,4,4,Optimal
399,45,22,Bachelor,Operations,High,86,80,30,49,4350,High,Expert,26,9,Critical,6,72,91,Average,5,3,Optimal
400,37,27,Diploma,R&D,Medium,52,79,67,97,1987,Low,High,20,9,Low,2,89,75,Excellent,2,2,Optimal
401,23,27,Master,Finance,High,55,69,43,69,3529,High,Low,20,10,Medium,3,69,82,Good,5,0,Reassignment Required
402,49,27,PhD,Marketing,Expert,65,95,75,90,5612,Medium,Low,14,3,Critical,8,81,99,Poor,4,4,Reassignment Required
403,53,26,Diploma,Finance,Low,94,93,71,88,4845,Medium,Expert,26,7,Low,7,88,79,Excellent,0,4,Suboptimal
404,48,0,PhD,Finance,Medium,70,60,36,40,6756,High,Expert,23,11,Low,2,64,72,Poor,0,3,Suboptimal
405,41,18,PhD,Marketing,High,89,80,84,72,9105,High,Expert,29,6,Low,3,67,78,Average,3,3,Reassignment Required
406,45,27,PhD,Operations,Expert,40,83,85,88,2326,High,Low,19,7,High,9,70,84,Good,4,0,Optimal
407,33,26,Diploma,Finance,Medium,56,57,92,54,9219,Medium,High,10,6,High,9,85,99,Excellent,1,1,Reassignment Required
408,56,19,Diploma,HR,Low,55,62,53,68,7924,Medium,High,3,2,Medium,8,78,95,Average,2,3,Suboptimal
409,54,28,Master,Finance,High,94,77,33,41,5593,Low,High,20,3,Critical,4,78,99,Average,4,0,Suboptimal
410,54,29,PhD,R&D,Expert,76,62,71,50,7662,Low,High,27,4,High,8,89,74,Good,3,2,Reassignment Required
411,58,16,Bachelor,Marketing,Low,91,67,99,92,1193,Medium,High,22,8,High,8,95,95,Good,0,4,Suboptimal
412,33,4,Master,IT,Expert,92,75,57,73,9783,Medium,Medium,17,11,High,5,68,94,Good,4,4,Suboptimal
413,24,25,Diploma,Finance,Expert,49,64,69,91,3489,Low,Expert,27,10,Critical,2,66,95,Good,0,0,Suboptimal
414,22,2,Bachelor,Operations,Expert,97,46,80,80,7401,Low,High,3,3,Medium,4,77,91,Excellent,5,0,Suboptimal
415,54,1,Diploma,HR,Low,77,57,58,58,9304,Medium,Medium,12,11,Medium,4,68,91,Good,3,4,Suboptimal
416,31,2,Bachelor,HR,Medium,83,59,71,41,2737,High,High,15,2,Medium,6,65,78,Excellent,0,3,Optimal
417,50,7,Master,IT,Expert,70,44,98,87,3061,Medium,Expert,5,2,Critical,4,65,98,Good,3,1,Reassignment Required
418,34,15,Bachelor,R&D,Medium,49,57,34,59,7283,High,High,27,5,Critical,6,81,95,Excellent,5,2,Suboptimal
419,33,5,Master,IT,Medium,93,81,70,80,7840,Medium,High,15,10,Medium,8,76,84,Excellent,2,1,Suboptimal
420,52,12,Diploma,R&D,High,88,79,90,91,4559,Low,High,20,5,Low,4,74,82,Good,1,1,Suboptimal
421,23,29,Bachelor,Finance,High,73,72,84,70,6461,Low,Expert,24,4,Critical,8,68,90,Poor,0,1,Reassignment Required
422,56,22,PhD,Marketing,Medium,90,54,57,99,8599,Low,Low,16,11,Critical,5,65,72,Excellent,4,4,Reassignment Required
423,44,27,PhD,Operations,High,91,74,70,92,4883,Medium,Expert,9,9,Medium,9,82,88,Excellent,2,1,Reassignment Required
424,38,21,Diploma,HR,High,45,86,38,43,4251,Medium,Low,8,10,Medium,9,76,71,Poor,1,3,Suboptimal
425,47,21,Bachelor,IT,Medium,67,85,58,68,6053,Medium,Medium,11,6,Low,4,91,87,Excellent,4,3,Suboptimal
426,29,15,PhD,Operations,Low,67,40,67,95,4014,High,Medium,27,3,Low,9,91,83,Average,5,3,Reassignment Required
427,50,27,Master,R&D,High,98,60,91,69,2128,Medium,High,9,5,High,9,96,91,Average,4,0,Optimal
428,47,15,Bachelor,Marketing,High,52,47,83,52,7865,High,High,16,11,High,9,62,93,Poor,3,2,Optimal
429,31,2,Bachelor,HR,Low,80,46,81,54,7472,High,High,14,9,Medium,7,75,82,Poor,1,3,Reassignment Required
430,47,27,PhD,HR,Low,51,80,63,59,8416,High,Expert,15,3,High,5,61,96,Good,4,1,Suboptimal
431,55,12,Master,R&D,Low,89,89,66,73,2696,Low,High,14,10,Critical,3,62,93,Excellent,4,0,Suboptimal
432,28,13,Master,Marketing,Medium,79,83,78,67,9324,High,Low,24,6,Low,9,73,77,Average,4,4,Optimal
433,25,7,Master,HR,Low,96,79,71,59,8407,High,Medium,10,8,High,4,73,79,Poor,2,3,Suboptimal
434,32,11,Bachelor,Marketing,Medium,89,79,43,89,8245,Low,Medium,13,6,High,8,89,92,Good,1,1,Reassignment Required
435,50,22,Diploma,HR,Expert,96,69,62,64,5665,High,Medium,1,4,Medium,4,99,71,Poor,3,1,Suboptimal
436,57,22,Bachelor,Finance,Expert,94,77,46,66,5220,Medium,Low,23,3,Low,3,86,79,Average,5,4,Suboptimal
437,46,21,Bachelor,R&D,Low,96,74,61,69,8574,Medium,High,9,4,Low,8,76,96,Poor,2,0,Reassignment Required
438,42,20,PhD,Marketing,Low,93,41,97,95,7170,Low,Low,17,3,High,6,98,71,Poor,2,1,Optimal
439,57,25,Diploma,Operations,Expert,41,85,68,80,1311,Low,Low,26,3,Critical,5,68,98,Excellent,2,2,Reassignment Required
440,31,7,Master,Finance,Medium,47,47,39,59,6434,High,Expert,17,3,Critical,3,95,95,Average,3,3,Suboptimal
441,58,20,PhD,Operations,Medium,81,77,53,40,1401,High,Expert,10,3,Critical,3,69,92,Excellent,3,0,Reassignment Required
442,30,24,Bachelor,R&D,Low,48,43,87,74,6554,High,Medium,13,9,Critical,7,88,73,Poor,5,3,Reassignment Required
443,45,8,Diploma,HR,Low,99,76,98,94,2596,Low,Low,18,6,Critical,8,63,91,Average,2,3,Optimal
444,56,0,Master,Operations,Low,95,60,93,88,1121,High,Medium,13,10,High,2,80,78,Good,2,4,Optimal
445,56,5,Master,Finance,Expert,89,52,48,82,1750,Medium,Low,21,6,Critical,3,96,90,Excellent,5,2,Suboptimal
446,57,22,Bachelor,Marketing,High,47,48,37,63,1105,Medium,Medium,29,2,High,9,61,79,Excellent,0,2,Reassignment Required
447,39,18,Master,IT,Low,90,84,69,64,7934,High,Medium,28,9,Medium,9,74,73,Good,3,4,Suboptimal
448,53,22,Master,Operations,Medium,42,68,42,79,4238,Low,High,24,4,High,6,87,72,Poor,4,3,Reassignment Required
449,45,10,Diploma,IT,High,48,80,56,92,2244,Medium,Medium,13,11,Critical,9,84,76,Good,1,2,Reassignment Required
450,44,10,PhD,R&D,Medium,52,95,31,51,9267,Low,Expert,24,11,High,6,85,92,Average,1,3,Optimal
451,53,22,Diploma,Operations,High,48,63,45,50,7865,Medium,Low,10,3,Critical,9,68,92,Excellent,1,0,Reassignment Required
452,58,29,PhD,Operations,Expert,70,55,43,69,4282,High,Medium,20,7,Medium,6,89,85,Average,5,4,Optimal
453,33,12,PhD,Marketing,High,64,51,46,99,3275,High,Low,7,5,Critical,8,68,74,Poor,2,4,Reassignment Required
454,34,10,PhD,HR,Medium,91,41,89,52,4808,Low,Medium,7,5,Low,5,60,82,Good,5,2,Suboptimal
455,44,17,Master,Finance,High,83,58,99,86,9644,High,Expert,9,10,Medium,5,71,79,Average,3,0,Suboptimal
456,46,22,Diploma,Finance,Expert,94,69,46,64,1765,Low,High,16,11,High,9,72,93,Excellent,0,3,Reassignment Required
457,56,14,Master,Finance,Medium,84,55,74,91,5582,Low,High,15,9,High,8,73,96,Average,0,2,Optimal
458,51,0,Bachelor,R&D,Low,47,63,67,64,3715,Medium,Low,25,4,Critical,4,69,71,Excellent,5,3,Optimal
459,38,20,Diploma,HR,High,86,52,93,56,2497,Medium,Medium,3,10,Low,3,76,85,Poor,1,0,Optimal
460,41,24,PhD,IT,Medium,70,44,35,51,3838,High,Expert,13,2,Medium,7,76,89,Good,4,1,Reassignment Required
461,46,6,Master,Finance,High,84,62,89,98,7036,Low,Low,11,8,High,6,90,70,Average,4,2,Suboptimal
462,43,22,Master,IT,Expert,92,95,78,90,6066,Medium,High,8,8,Critical,3,85,75,Poor,4,2,Optimal
463,34,26,Diploma,HR,Medium,84,77,50,91,1489,High,Low,21,3,Low,9,94,91,Poor,4,4,Suboptimal
464,40,12,Diploma,R&D,Low,70,70,52,50,7374,High,Low,21,8,High,8,95,88,Average,0,1,Optimal
465,57,11,PhD,HR,Low,56,92,86,49,2935,Medium,Medium,24,8,Critical,4,70,70,Average,0,2,Reassignment Required
466,33,17,PhD,Marketing,High,86,95,93,56,3749,High,Expert,6,10,Critical,8,75,97,Excellent,3,3,Reassignment Required
467,40,23,Bachelor,Finance,Expert,96,56,58,99,8812,Medium,High,10,7,Low,4,88,74,Poor,0,0,Optimal
468,33,18,PhD,R&D,Expert,93,88,56,93,8464,Low,High,26,11,High,6,77,81,Good,3,1,Suboptimal
469,30,14,Master,Marketing,High,58,88,35,84,8777,High,Expert,17,11,Critical,3,70,99,Poor,3,4,Optimal
470,28,7,Bachelor,Finance,Medium,42,42,50,55,9417,Low,Medium,20,10,High,4,70,86,Good,5,4,Optimal
471,49,18,Bachelor,HR,Medium,85,65,70,91,7286,Medium,Expert,9,4,Low,2,68,88,Average,2,3,Optimal
472,35,9,Bachelor,HR,High,69,52,34,59,5149,Low,Expert,21,9,Low,5,84,77,Excellent,0,0,Suboptimal
473,52,6,Diploma,Operations,Medium,49,83,44,88,6848,Medium,Medium,14,5,High,3,91,79,Excellent,4,4,Optimal
474,40,17,PhD,Operations,Medium,88,77,50,44,8656,High,Medium,20,2,Low,6,93,94,Average,1,4,Optimal
475,37,15,Bachelor,HR,Medium,68,61,87,80,3345,High,High,27,8,Critical,4,62,72,Excellent,3,0,Reassignment Required
476,26,19,Diploma,HR,High,79,60,33,93,6549,High,High,13,4,High,4,73,78,Average,1,1,Suboptimal
477,56,26,Diploma,IT,Low,57,68,98,95,7680,Low,Medium,26,5,Critical,4,99,76,Excellent,4,2,Reassignment Required
478,33,5,Bachelor,IT,Expert,51,84,36,71,9770,Low,Low,1,4,High,5,84,93,Poor,3,2,Reassignment Required
479,46,26,Bachelor,Marketing,Low,88,85,64,66,2698,Low,High,25,7,Medium,3,75,75,Excellent,3,0,Optimal
480,42,8,Master,Operations,Medium,62,78,65,43,7984,Medium,Medium,24,11,Critical,4,95,84,Good,5,0,Optimal
481,57,20,Bachelor,Operations,High,50,44,44,80,7037,High,Medium,19,2,Critical,7,68,82,Poor,0,0,Optimal
482,44,12,Master,HR,Expert,48,53,31,87,6256,Low,Low,9,11,High,5,63,83,Excellent,2,3,Reassignment Required
483,37,24,Bachelor,HR,Medium,93,57,86,46,7551,Medium,Expert,17,8,High,2,61,74,Poor,1,3,Suboptimal
484,35,20,Bachelor,Marketing,Expert,95,43,34,85,1278,Low,Medium,15,11,Critical,3,84,95,Poor,5,0,Suboptimal
485,52,25,PhD,R&D,Expert,63,72,61,53,2468,Medium,Low,20,9,Low,6,81,98,Good,5,3,Reassignment Required
486,26,7,Bachelor,R&D,Low,64,78,70,78,3318,High,Low,5,4,Critical,3,64,93,Good,4,2,Reassignment Required
487,56,15,Bachelor,R&D,Medium,94,59,71,63,5536,Low,High,4,10,Medium,4,80,97,Average,2,0,Suboptimal
488,44,12,Master,Operations,Expert,64,52,94,87,6347,High,Medium,4,3,Low,8,69,99,Poor,5,2,Optimal
489,50,12,Master,IT,Low,86,75,69,57,6939,Low,High,25,11,Low,6,82,99,Excellent,5,2,Suboptimal
490,32,16,PhD,R&D,High,48,84,67,99,2783,Medium,Expert,15,11,High,7,86,99,Good,2,3,Reassignment Required
491,39,22,Bachelor,Finance,Expert,51,43,71,77,7630,High,Expert,5,10,High,9,89,71,Poor,5,4,Optimal
492,33,19,Bachelor,Marketing,Medium,50,74,66,78,4226,Low,High,17,6,Critical,3,63,76,Average,0,4,Optimal
493,30,4,Master,R&D,High,88,47,85,90,3819,Low,High,7,7,Critical,6,65,99,Average,5,1,Suboptimal
494,31,21,Diploma,Finance,Expert,77,91,84,79,4970,High,Medium,6,3,High,3,85,70,Poor,3,1,Optimal
495,38,20,Diploma,R&D,Expert,67,79,83,40,1424,Medium,Medium,15,6,Critical,7,69,85,Average,4,4,Reassignment Required
496,59,27,Diploma,IT,Medium,47,96,51,56,3105,High,Medium,25,7,Low,2,64,76,Excellent,2,0,Suboptimal
497,28,16,Master,IT,Expert,49,88,56,65,3470,Low,Expert,20,6,Critical,2,98,84,Excellent,2,4,Reassignment Required
498,34,27,Master,R&D,Medium,64,86,76,90,6894,High,High,14,5,Low,2,96,75,Excellent,1,3,Reassignment Required
499,30,8,Diploma,Finance,Medium,86,75,67,61,4794,High,Low,10,9,High,3,99,89,Excellent,4,4,Reassignment Required
500,48,1,Diploma,Marketing,Medium,75,45,68,78,3891,Medium,High,6,3,Critical,6,60,88,Good,5,0,Suboptimal
501,23,24,Bachelor,Finance,Medium,89,95,44,57,4147,Medium,Low,10,2,Low,2,93,78,Excellent,4,0,Reassignment Required
502,26,25,Master,Marketing,Expert,82,61,95,77,5051,High,Medium,23,3,Medium,5,67,91,Good,2,1,Reassignment Required
503,50,17,Master,R&D,High,48,99,90,67,4651,Medium,Medium,20,5,Medium,5,80,99,Good,3,1,Optimal
504,58,8,Diploma,Marketing,High,80,45,89,60,8901,Medium,High,28,2,Medium,9,90,75,Good,4,0,Optimal
505,59,5,Diploma,HR,Low,99,81,37,77,2174,Low,Low,9,10,Low,2,82,98,Average,4,2,Reassignment Required
506,40,10,PhD,Operations,Medium,47,75,73,72,3949,Medium,Expert,13,2,Critical,2,70,86,Good,1,1,Optimal
507,29,24,Master,Operations,Expert,42,48,72,69,9628,High,Medium,14,6,Medium,9,75,74,Average,1,3,Suboptimal
508,22,28,PhD,IT,Expert,92,55,35,81,7116,High,Medium,1,9,High,4,86,84,Excellent,5,2,Optimal
509,43,5,Bachelor,HR,Low,57,78,56,94,1234,Low,High,1,10,High,8,66,97,Average,1,3,Suboptimal
510,38,5,PhD,Operations,High,85,85,74,47,8912,Low,High,19,10,High,5,83,76,Poor,5,3,Suboptimal
511,28,12,Diploma,R&D,Expert,74,98,52,69,5770,Low,Expert,9,9,Medium,9,91,83,Average,5,0,Optimal
512,46,10,Master,Marketing,Low,56,77,42,78,6128,High,High,5,7,Medium,8,94,89,Poor,3,2,Optimal
513,25,13,Master,Marketing,High,75,72,97,48,5856,High,Expert,17,7,Critical,5,90,97,Average,3,1,Suboptimal
514,57,1,PhD,Finance,Expert,92,57,93,72,9159,Medium,Low,16,10,Low,2,88,99,Good,4,0,Reassignment Required
515,27,7,PhD,Finance,Medium,67,51,54,97,3474,Low,Expert,12,3,High,9,63,87,Poor,3,4,Reassignment Required
516,52,2,Bachelor,Marketing,Low,89,93,81,96,1226,Medium,Low,5,4,Critical,7,94,98,Average,1,1,Reassignment Required
517,40,22,Bachelor,R&D,Expert,54,66,77,82,7160,Medium,Medium,6,7,Low,4,70,94,Excellent,3,4,Reassignment Required
518,48,20,Diploma,Marketing,Low,58,86,90,98,5801,High,High,20,9,Medium,6,93,91,Average,4,0,Optimal
519,31,2,Diploma,Finance,Low,99,40,46,68,6357,Medium,Medium,23,8,Low,4,98,94,Poor,2,3,Optimal
520,47,0,Diploma,Operations,Low,61,54,69,70,8548,Low,Expert,11,9,High,9,74,93,Excellent,0,3,Suboptimal
521,40,23,PhD,IT,Medium,45,86,98,42,4995,Low,Expert,19,6,Low,4,73,86,Poor,3,2,Suboptimal
522,24,18,PhD,Finance,High,86,66,55,89,2410,High,Expert,21,10,Low,5,80,87,Good,2,1,Reassignment Required
523,34,17,Master,R&D,High,46,55,85,77,5764,High,Low,6,7,Medium,2,66,71,Good,4,4,Suboptimal
524,49,16,Diploma,Operations,Expert,83,60,69,50,2337,High,Medium,23,11,Medium,2,76,98,Average,2,4,Optimal
525,41,19,PhD,Operations,Medium,87,40,97,44,6420,Low,Medium,10,3,Critical,8,77,87,Average,2,2,Reassignment Required
526,49,28,Master,Operations,High,48,68,37,70,1117,High,Expert,15,7,Medium,2,73,83,Average,2,1,Reassignment Required
527,29,23,Diploma,HR,Expert,59,42,74,59,2868,Low,High,18,5,Medium,4,97,73,Average,5,3,Reassignment Required
528,22,12,Bachelor,HR,Expert,76,51,46,43,3097,Medium,Medium,21,6,High,8,88,76,Poor,1,0,Suboptimal
529,24,2,Bachelor,Operations,Low,50,99,70,47,2813,High,High,29,6,High,8,69,76,Poor,3,2,Reassignment Required
530,34,29,PhD,R&D,Medium,41,67,38,81,9734,High,Medium,7,2,Low,4,76,70,Average,2,0,Optimal
531,49,0,Master,Marketing,High,61,78,99,74,3374,High,Expert,23,11,High,7,91,77,Average,4,0,Reassignment Required
532,46,3,Bachelor,R&D,Medium,87,76,53,52,2526,Low,Expert,28,6,Critical,3,79,89,Good,0,2,Suboptimal
533,54,24,Master,HR,Medium,75,70,40,88,8087,Medium,Medium,3,11,Critical,9,76,93,Average,5,4,Suboptimal
534,59,12,Master,Finance,High,44,99,64,44,9793,High,Low,24,10,Low,6,66,79,Good,0,1,Reassignment Required
535,27,16,Bachelor,HR,High,46,70,58,79,4614,Medium,Low,16,9,Critical,3,98,78,Good,0,4,Reassignment Required
536,53,27,Master,Marketing,Medium,45,97,37,58,3149,High,Medium,13,9,Critical,7,89,76,Average,5,3,Suboptimal
537,42,29,Bachelor,IT,Expert,95,72,46,57,4301,Low,Expert,17,4,Medium,6,97,72,Poor,1,1,Optimal
538,37,10,PhD,HR,Medium,61,72,41,72,9579,Medium,Medium,4,10,Low,8,99,81,Good,3,2,Optimal
539,42,1,Diploma,R&D,High,49,86,79,43,4680,Medium,High,19,10,Critical,3,69,72,Good,0,2,Reassignment Required
540,32,24,Diploma,R&D,Medium,85,79,53,98,4282,High,Expert,4,11,Low,3,91,74,Average,1,2,Reassignment Required
541,58,15,PhD,Operations,High,79,50,66,57,3696,Medium,Low,27,8,Critical,3,85,76,Poor,4,0,Reassignment Required
542,57,1,Bachelor,Operations,Expert,85,85,40,85,5151,Low,Low,25,7,High,3,76,99,Excellent,4,2,Suboptimal
543,56,28,Bachelor,Operations,Medium,85,68,88,63,2305,Medium,Medium,27,10,Low,4,60,81,Good,1,3,Suboptimal
544,40,18,Bachelor,IT,Expert,59,64,84,82,1716,Medium,High,12,7,High,6,98,92,Average,3,3,Reassignment Required
545,41,22,Bachelor,Marketing,Medium,67,94,56,68,6845,Medium,Expert,24,4,Low,7,85,94,Poor,4,2,Suboptimal
546,39,18,PhD,Finance,Medium,62,52,96,70,6758,Medium,Low,27,7,High,3,89,86,Poor,5,1,Suboptimal
547,35,24,Diploma,R&D,High,74,90,89,97,4655,High,Medium,4,3,Medium,3,68,83,Poor,3,3,Optimal
548,36,15,Master,R&D,Low,40,83,31,67,7359,High,Medium,29,3,High,7,92,72,Good,1,1,Suboptimal
549,52,21,Master,Marketing,High,68,93,97,48,9505,Medium,Expert,24,8,Critical,2,85,70,Excellent,4,1,Reassignment Required
550,22,18,Diploma,IT,Medium,48,58,47,84,3280,Medium,Medium,17,9,Medium,4,69,91,Poor,4,1,Optimal
551,24,8,PhD,Operations,Low,48,97,49,65,3622,Low,Medium,28,8,High,5,91,97,Good,2,2,Suboptimal
552,37,0,Master,Marketing,Low,61,75,92,88,5342,High,Medium,24,6,Medium,2,98,95,Average,5,0,Optimal
553,44,9,Diploma,Finance,Expert,41,67,31,86,3489,High,Low,26,5,Medium,7,92,92,Poor,4,2,Suboptimal
554,32,18,PhD,Operations,Medium,55,43,71,41,2922,High,Low,18,9,Critical,5,86,87,Good,5,3,Suboptimal
555,33,0,Master,Finance,High,79,42,57,45,7278,Medium,High,22,10,High,3,88,83,Excellent,0,3,Optimal
556,31,1,Bachelor,HR,Low,97,97,58,68,9115,High,Expert,6,8,Medium,6,78,94,Poor,2,3,Suboptimal
557,53,15,Bachelor,Finance,Low,45,77,98,65,9049,Low,Expert,19,2,Critical,8,77,82,Excellent,1,3,Reassignment Required
558,37,11,PhD,Operations,High,94,76,57,67,5029,Low,Expert,29,5,Low,5,94,81,Good,0,0,Suboptimal
559,29,7,Bachelor,HR,High,52,82,89,46,4063,Low,Expert,5,5,Low,9,87,74,Average,0,1,Optimal
560,59,22,PhD,Operations,Low,72,64,34,73,9352,Low,Medium,2,11,Medium,8,97,72,Good,5,2,Optimal
561,33,17,Diploma,R&D,High,58,80,44,95,4892,Low,Expert,11,4,Medium,8,69,83,Excellent,3,3,Suboptimal
562,45,1,Diploma,Operations,Expert,54,74,61,84,2737,High,High,24,5,Medium,9,62,76,Excellent,2,1,Reassignment Required
563,49,24,Master,HR,Low,72,68,81,49,5220,Medium,Expert,24,10,Critical,9,88,76,Average,5,2,Suboptimal
564,29,28,PhD,Finance,Expert,49,80,66,87,8080,Medium,Expert,13,2,Critical,5,75,86,Poor,3,0,Suboptimal
565,49,12,Master,R&D,Medium,40,68,44,80,4395,Medium,Medium,5,3,High,5,95,75,Good,2,4,Suboptimal
566,57,5,Master,IT,Expert,99,51,70,79,3454,Medium,Medium,23,8,Low,8,60,84,Average,2,0,Suboptimal
567,47,20,Diploma,IT,High,51,74,33,96,5957,High,Medium,8,10,Medium,6,77,88,Poor,0,4,Reassignment Required
568,29,25,Master,IT,Low,82,59,82,86,3287,High,High,11,8,Medium,2,63,84,Average,4,3,Suboptimal
569,49,5,Bachelor,IT,Expert,68,56,56,61,9150,High,Medium,4,2,Critical,4,64,76,Excellent,3,1,Reassignment Required
570,49,8,Master,Marketing,High,56,92,50,66,7292,Low,Expert,18,8,Critical,6,80,74,Poor,3,1,Suboptimal
571,58,15,PhD,IT,High,43,51,89,78,9696,Medium,High,15,7,High,2,63,84,Average,5,2,Reassignment Required
572,57,10,Bachelor,HR,Expert,68,96,93,61,4733,High,Low,5,2,Low,3,79,89,Good,0,4,Suboptimal
573,48,6,Diploma,IT,Low,94,89,76,94,9892,High,Medium,23,2,Medium,2,78,82,Average,4,4,Optimal
574,38,9,PhD,Operations,Expert,46,75,83,58,6113,High,High,12,3,Critical,5,94,95,Poor,5,2,Suboptimal
575,30,9,Bachelor,IT,Medium,83,49,60,75,4005,Medium,Low,4,7,Low,2,83,76,Average,5,1,Suboptimal
576,54,29,PhD,Finance,Expert,52,57,46,48,5790,Medium,Medium,4,5,High,8,79,82,Average,5,1,Optimal
577,41,24,Bachelor,HR,Expert,44,69,79,58,1010,Low,Low,20,5,Low,2,87,82,Good,2,2,Optimal
578,34,19,PhD,HR,Low,99,47,36,41,6221,Low,Medium,9,7,Medium,8,97,82,Poor,2,4,Suboptimal
579,49,17,PhD,R&D,Expert,45,80,57,67,4677,Low,High,9,10,Critical,9,83,92,Poor,5,3,Reassignment Required
580,50,27,Bachelor,Marketing,High,73,90,39,98,8334,Medium,Medium,14,2,Medium,3,79,77,Excellent,4,2,Optimal
581,34,23,Diploma,Operations,Low,92,52,56,78,6164,Low,Medium,27,3,Low,3,83,74,Average,2,1,Optimal
582,56,19,Diploma,HR,High,46,70,42,61,7860,Low,High,26,9,Critical,2,65,73,Poor,3,3,Optimal
583,27,28,PhD,Finance,Low,85,96,95,90,9105,High,High,24,9,High,6,97,86,Poor,3,3,Optimal
584,39,8,PhD,IT,Medium,96,45,89,45,1284,Medium,Expert,27,7,High,8,84,89,Poor,3,4,Optimal
585,26,14,Diploma,HR,Medium,93,93,72,86,7543,Low,Expert,8,7,Critical,3,91,83,Good,0,2,Optimal
586,46,3,Diploma,Finance,Medium,67,46,98,46,6570,Low,High,23,9,High,5,76,80,Good,2,3,Suboptimal
587,23,7,Master,IT,Expert,85,99,92,45,6731,Medium,Medium,1,3,High,8,76,79,Good,0,0,Suboptimal
588,31,8,Diploma,Marketing,Medium,49,60,99,72,8611,Low,Low,24,3,Critical,6,64,70,Poor,2,3,Optimal
589,51,12,PhD,HR,Low,43,77,94,99,3435,Medium,High,11,2,Medium,7,76,76,Good,3,3,Reassignment Required
590,26,8,Bachelor,HR,Medium,42,82,96,53,8523,Medium,Low,27,7,Low,2,68,75,Poor,3,3,Reassignment Required
591,54,25,Diploma,Finance,Low,64,88,83,40,2029,Medium,Expert,4,7,Medium,7,79,76,Good,4,2,Reassignment Required
592,22,3,Master,R&D,High,62,90,65,64,7584,Low,Expert,29,7,Low,8,61,93,Average,2,4,Suboptimal
593,39,16,Master,Operations,Expert,66,67,44,45,9091,Low,High,17,3,Low,9,78,84,Poor,1,4,Suboptimal
594,53,15,Master,Marketing,High,53,96,47,67,5451,Low,High,17,8,Critical,5,68,75,Excellent,0,0,Suboptimal
595,32,14,Bachelor,Operations,High,77,83,33,57,3966,Medium,Medium,19,4,High,5,99,87,Average,3,0,Suboptimal
596,42,2,Diploma,HR,Medium,71,60,40,66,8755,Low,Expert,13,2,High,9,78,71,Average,4,3,Optimal
597,47,24,Diploma,Operations,Medium,62,60,35,88,1553,High,Expert,19,2,Low,9,63,78,Average,4,3,Optimal
598,46,19,Diploma,IT,Medium,86,63,80,98,1267,Medium,High,26,10,Low,6,65,75,Excellent,3,3,Reassignment Required
599,43,4,Bachelor,Marketing,High,79,66,87,99,8135,Low,Low,17,4,Critical,2,95,91,Excellent,2,0,Reassignment Required
600,48,22,Bachelor,Operations,Expert,76,66,89,41,2240,Medium,Medium,24,9,Low,5,70,86,Excellent,4,4,Optimal
601,34,4,PhD,IT,Expert,42,52,47,79,5159,Low,High,20,11,Medium,7,80,93,Good,2,0,Reassignment Required
602,54,19,Master,Finance,High,74,89,96,60,3489,Medium,Low,12,8,Low,8,84,99,Good,4,4,Suboptimal
603,55,14,Master,Operations,Expert,52,68,46,62,8858,High,Medium,20,3,Medium,7,89,80,Average,0,0,Reassignment Required
604,56,17,Diploma,Marketing,High,73,78,63,94,6394,Medium,Low,14,3,Critical,3,77,93,Excellent,2,4,Suboptimal
605,22,14,Bachelor,IT,High,63,96,59,41,9661,Medium,Medium,22,5,Low,9,84,73,Average,4,0,Reassignment Required
606,42,1,Bachelor,Operations,Expert,40,94,48,55,4287,Medium,Medium,9,3,High,3,80,76,Average,3,4,Suboptimal
607,27,28,Diploma,Finance,Low,51,67,38,43,3019,Low,Medium,25,6,Critical,6,82,84,Excellent,1,2,Reassignment Required
608,49,12,Diploma,Operations,Low,47,76,69,73,6313,Medium,Expert,12,11,Low,8,89,94,Good,3,2,Suboptimal
609,38,3,PhD,IT,Medium,58,68,73,94,5317,Low,High,24,8,Low,8,77,99,Average,2,1,Optimal
610,26,9,Master,Operations,Expert,48,87,88,44,6824,Medium,Expert,17,3,Medium,8,92,96,Average,5,4,Optimal
611,52,12,Master,Marketing,Medium,67,61,54,88,1838,Low,Expert,16,10,Low,3,94,98,Poor,3,4,Suboptimal
612,26,9,Master,HR,High,53,75,82,73,9943,Low,Medium,12,2,Medium,8,81,86,Excellent,3,4,Optimal
613,59,28,PhD,IT,Low,99,69,77,61,9461,Low,High,10,3,Medium,4,83,81,Average,5,1,Reassignment Required
614,24,8,Diploma,IT,Expert,66,67,82,85,5827,Low,High,26,8,High,2,82,82,Excellent,1,0,Optimal
615,44,7,Diploma,IT,Expert,57,62,78,59,7987,Medium,High,2,6,High,5,60,90,Poor,5,2,Suboptimal
616,58,2,Master,IT,Expert,81,72,72,78,4503,Medium,High,3,2,High,5,74,82,Excellent,3,1,Optimal
617,58,15,Master,Operations,Low,80,43,48,86,8824,Low,Medium,27,5,Critical,6,87,77,Poor,4,2,Reassignment Required
618,31,13,PhD,Marketing,Medium,45,42,95,89,3075,Low,High,5,9,High,6,79,76,Poor,0,3,Suboptimal
619,31,8,Bachelor,Finance,Low,72,71,63,52,2312,Low,Low,16,6,Medium,5,95,98,Good,1,1,Optimal
620,40,29,Bachelor,Marketing,Medium,76,43,83,83,3284,High,Low,21,3,Low,3,75,95,Average,2,1,Optimal
621,38,20,Master,IT,High,81,40,30,73,9575,High,Expert,13,10,Medium,6,64,73,Average,4,2,Optimal
622,42,10,PhD,R&D,High,64,51,84,83,3808,Medium,Medium,26,2,High,4,74,72,Excellent,2,4,Reassignment Required
623,35,2,Master,Operations,Medium,52,52,44,45,9995,High,Expert,24,2,Low,6,61,86,Excellent,1,3,Optimal
624,30,4,Bachelor,R&D,High,93,73,44,95,7521,High,Expert,18,11,Medium,3,83,85,Poor,1,2,Reassignment Required
625,22,28,Master,Operations,High,62,99,52,68,7355,Low,High,2,6,Low,2,72,88,Poor,3,1,Suboptimal
626,34,9,Bachelor,IT,Expert,75,98,95,72,4719,Low,Low,24,10,Medium,4,82,71,Excellent,5,4,Reassignment Required
627,25,12,Bachelor,Operations,Expert,72,68,75,92,5771,High,Low,1,7,Low,6,71,90,Excellent,1,3,Optimal
628,22,3,Bachelor,IT,Low,60,48,38,40,3696,High,High,9,6,Low,2,92,83,Excellent,2,4,Suboptimal
629,53,23,Diploma,Marketing,Low,73,70,95,86,6796,High,High,18,7,High,2,84,85,Poor,1,2,Optimal
630,55,12,Diploma,HR,Low,95,46,95,98,1808,Low,Medium,28,7,Critical,9,94,86,Excellent,0,4,Optimal
631,49,11,Master,Operations,Expert,75,52,47,87,4293,Medium,Low,5,10,High,9,94,73,Poor,3,1,Reassignment Required
632,52,4,Bachelor,IT,Low,56,93,46,93,4459,High,Expert,3,10,Low,7,60,77,Average,1,1,Optimal
633,29,9,Diploma,R&D,Low,49,41,63,46,3419,Medium,Expert,5,6,Low,5,63,78,Average,0,0,Reassignment Required
634,47,27,Master,IT,Expert,62,72,98,61,5224,Medium,Medium,12,5,High,3,90,85,Poor,2,3,Suboptimal
635,55,23,Master,R&D,Medium,83,89,93,71,8571,High,Low,8,2,Medium,5,87,85,Poor,2,2,Suboptimal
636,24,8,Master,Operations,Expert,98,46,73,53,7363,Medium,High,8,7,Low,7,70,86,Poor,0,4,Suboptimal
637,33,19,Master,Finance,Medium,41,57,58,96,5567,Low,Expert,22,8,Medium,3,91,72,Poor,0,1,Optimal
638,22,6,Master,R&D,Expert,74,90,91,90,4524,High,Low,25,8,High,7,61,91,Good,5,0,Reassignment Required
639,26,1,PhD,IT,Low,53,47,45,63,7751,High,Low,7,2,Critical,2,72,90,Average,1,2,Optimal
640,51,21,Bachelor,Operations,High,96,94,81,58,7237,High,Low,2,7,Critical,6,76,97,Average,3,1,Optimal
641,51,23,Master,IT,High,86,51,31,66,6319,High,High,1,9,Low,3,63,86,Good,3,2,Reassignment Required
642,38,27,PhD,Finance,Medium,84,82,90,99,2867,Low,Expert,24,4,Medium,3,90,87,Excellent,4,1,Optimal
643,44,22,Bachelor,HR,Medium,80,98,33,62,2375,Low,High,1,2,High,2,97,87,Poor,0,2,Suboptimal
644,36,6,Diploma,Finance,Medium,41,69,81,84,9130,Medium,Low,8,8,Low,4,62,92,Poor,2,1,Reassignment Required
645,58,7,Master,Marketing,High,58,98,70,60,6401,High,Low,28,5,Critical,2,71,75,Excellent,4,4,Suboptimal
646,42,6,PhD,Operations,Medium,55,48,81,83,9803,High,Expert,25,6,Critical,7,77,98,Average,0,3,Optimal
647,35,20,Diploma,Finance,Expert,82,67,60,68,7992,Medium,Expert,17,3,Medium,2,89,75,Good,0,1,Optimal
648,23,22,PhD,HR,Expert,83,43,55,40,4316,Low,High,23,8,Low,9,70,70,Poor,4,2,Suboptimal
649,32,28,Bachelor,IT,High,64,78,56,70,2598,High,High,5,2,Medium,3,83,98,Average,3,1,Optimal
650,59,13,Bachelor,Operations,Expert,40,56,80,66,5949,Medium,High,29,5,Medium,2,80,85,Average,0,0,Optimal
651,55,25,Diploma,R&D,Medium,41,50,77,83,7572,Low,Low,14,9,Low,5,94,86,Average,5,4,Reassignment Required
652,59,18,PhD,Finance,High,87,98,40,75,1638,Medium,Expert,8,8,High,2,63,73,Good,4,0,Reassignment Required
653,55,4,Master,HR,Medium,66,41,37,66,5166,Medium,Medium,20,8,Critical,6,85,85,Good,1,2,Suboptimal
654,39,22,Master,Finance,Expert,41,62,41,54,1645,Low,Expert,18,8,Low,8,67,95,Good,1,1,Optimal
655,51,24,Diploma,Marketing,Medium,97,89,74,64,6884,High,Expert,23,6,Critical,2,83,91,Good,2,1,Suboptimal
656,36,17,Diploma,Operations,High,69,61,63,87,7668,Low,Expert,29,11,High,2,71,96,Good,3,0,Optimal
657,48,19,Diploma,IT,Medium,90,65,76,54,1089,High,Medium,7,4,Critical,8,64,91,Good,4,3,Reassignment Required
658,55,11,PhD,HR,Expert,49,51,50,79,1550,Low,High,24,11,Critical,6,75,90,Excellent,3,4,Reassignment Required
659,59,22,Master,Finance,Low,58,71,70,58,9251,High,Medium,14,8,Medium,4,91,89,Average,3,1,Optimal
660,54,16,Master,Operations,High,81,48,51,86,6224,High,Expert,25,9,Medium,9,88,71,Average,4,1,Reassignment Required
661,45,12,Master,Finance,Medium,55,82,50,89,6581,Medium,Expert,14,8,Medium,4,92,92,Excellent,0,2,Reassignment Required
662,36,1,Diploma,Operations,High,52,44,57,50,5178,Medium,Low,6,7,High,9,73,81,Poor,1,0,Optimal
663,51,24,Master,Marketing,Medium,87,65,96,80,4479,High,Expert,3,10,Medium,4,84,85,Excellent,2,2,Reassignment Required
664,38,12,Bachelor,Finance,Low,89,46,43,72,7091,Low,Medium,21,7,Critical,5,67,75,Poor,0,4,Optimal
665,26,25,Diploma,Marketing,Expert,95,68,81,80,3633,High,Medium,14,6,Critical,6,86,85,Poor,3,1,Suboptimal
666,50,6,Master,R&D,Medium,47,72,72,99,7790,Low,Medium,14,7,Critical,5,94,76,Excellent,3,0,Optimal
667,25,27,PhD,R&D,Medium,95,63,48,62,4501,High,High,3,11,Low,5,81,83,Excellent,4,0,Suboptimal
668,31,9,Diploma,HR,Low,89,64,56,51,1889,Low,Low,10,5,Critical,7,66,72,Good,1,0,Optimal
669,38,22,Bachelor,Marketing,High,70,70,47,41,9765,Medium,High,9,7,Medium,5,95,70,Excellent,1,4,Optimal
670,31,5,Bachelor,Operations,Expert,84,68,42,82,9704,Low,Medium,21,5,High,6,71,86,Good,2,3,Optimal
671,38,2,PhD,HR,Medium,64,44,30,60,8246,Medium,High,7,6,High,3,68,89,Excellent,0,3,Optimal
672,41,25,PhD,Finance,Medium,98,77,63,53,5160,Low,Low,26,7,Critical,3,94,73,Excellent,5,3,Optimal
673,45,2,Diploma,Finance,Expert,78,84,42,73,5051,Medium,Low,7,2,Critical,4,98,76,Poor,2,2,Suboptimal
674,26,17,Diploma,Operations,Low,99,50,80,54,3230,Low,Low,7,7,Low,5,78,98,Excellent,3,2,Reassignment Required
675,55,10,Bachelor,IT,High,60,71,30,60,6185,High,Low,12,7,Critical,8,87,76,Poor,5,4,Optimal
676,27,21,PhD,IT,Expert,94,47,57,62,8375,Low,Medium,26,2,Critical,4,88,73,Good,3,0,Suboptimal
677,23,19,Diploma,Finance,High,95,59,61,60,7197,Medium,Expert,4,8,Critical,5,67,76,Excellent,1,3,Suboptimal
678,34,4,Bachelor,Operations,Low,96,73,84,89,3283,Medium,Medium,20,11,Low,4,86,77,Good,3,1,Optimal
679,32,18,PhD,IT,Low,89,86,55,98,5984,Low,Medium,13,6,High,2,64,78,Excellent,0,3,Optimal
680,44,21,Bachelor,Marketing,Expert,77,81,43,53,1611,High,Medium,3,9,Critical,6,88,91,Excellent,0,4,Optimal
681,37,26,Master,Finance,Medium,80,47,97,60,9629,Low,Medium,20,6,High,5,94,84,Average,2,3,Suboptimal
682,52,27,PhD,R&D,Low,68,41,92,99,7837,Low,High,9,11,Low,9,92,73,Excellent,5,1,Optimal
683,32,18,Diploma,Marketing,Low,45,60,43,51,8106,Medium,Low,21,6,Low,7,91,95,Poor,0,1,Optimal
684,37,29,Diploma,Operations,Expert,57,54,56,81,8275,High,Expert,22,3,Critical,5,80,87,Good,3,1,Reassignment Required
685,29,14,Master,R&D,Expert,88,45,70,85,9715,High,Expert,20,5,Low,5,69,94,Average,4,4,Suboptimal
686,25,29,PhD,Marketing,Expert,83,44,32,93,4577,High,Expert,13,5,Low,6,75,81,Average,5,3,Optimal
687,25,15,Bachelor,IT,Low,74,93,88,86,7486,High,Medium,1,11,High,2,70,92,Good,1,4,Suboptimal
688,46,23,Diploma,IT,High,66,93,52,44,3261,Low,Low,29,11,Medium,9,78,75,Good,1,1,Optimal
689,24,8,Master,R&D,Low,44,42,47,41,2023,High,Low,23,9,High,3,72,73,Average,1,3,Optimal
690,53,3,Master,HR,Expert,46,82,70,61,9513,High,Expert,29,4,Critical,6,74,73,Excellent,4,2,Suboptimal
691,24,14,PhD,Finance,Medium,49,82,37,45,8235,High,Expert,23,2,Low,2,95,87,Average,3,4,Suboptimal
692,48,24,PhD,R&D,Medium,49,55,61,83,4757,Medium,Medium,6,8,Critical,4,91,70,Excellent,0,2,Suboptimal
693,50,11,Diploma,Operations,Expert,90,74,70,41,9068,Medium,Expert,20,10,High,5,78,90,Good,3,2,Suboptimal
694,53,22,Master,Finance,Medium,96,48,74,68,9641,Medium,Medium,26,7,Low,8,74,75,Excellent,2,0,Reassignment Required
695,40,2,Bachelor,Marketing,Low,97,74,38,75,2284,High,Expert,29,3,Critical,5,97,95,Excellent,3,1,Suboptimal
696,42,22,Master,Operations,High,67,58,77,46,2660,Low,Low,24,3,Critical,3,81,78,Excellent,3,2,Optimal
697,26,13,Bachelor,Operations,Low,75,82,53,55,6353,Low,Low,28,2,High,4,72,86,Poor,1,4,Optimal
698,39,16,Bachelor,IT,Expert,49,85,73,72,1903,Medium,Low,8,7,Critical,2,79,90,Excellent,3,1,Suboptimal
699,49,18,Diploma,Marketing,Low,89,73,87,72,9521,Medium,High,17,9,Low,9,74,80,Poor,4,1,Suboptimal
700,43,5,Master,IT,Medium,74,78,95,53,9828,High,Expert,25,2,Critical,9,66,98,Excellent,1,4,Suboptimal
701,42,3,Bachelor,IT,Low,92,49,47,82,7010,Medium,High,24,2,Low,4,81,90,Excellent,2,3,Suboptimal
702,27,6,PhD,HR,High,74,49,58,51,1412,Medium,Low,18,2,Critical,4,79,78,Poor,4,4,Suboptimal
703,22,29,Bachelor,IT,Medium,76,59,31,82,7639,Medium,Expert,25,11,High,3,78,80,Excellent,4,3,Optimal
704,26,18,PhD,Finance,High,87,40,97,45,4833,Medium,High,4,6,Low,2,86,96,Excellent,2,1,Reassignment Required
705,33,16,PhD,Operations,High,59,45,68,94,3415,Low,Low,26,8,Critical,3,67,73,Poor,0,4,Suboptimal
706,47,24,Master,IT,High,52,92,70,51,3586,High,Low,12,5,Medium,2,77,82,Poor,3,2,Suboptimal
707,55,15,PhD,R&D,Low,50,85,51,92,6571,Low,Expert,22,2,Low,6,69,98,Poor,3,4,Suboptimal
708,35,14,Bachelor,Finance,Low,97,98,78,70,9672,Medium,Expert,16,2,Low,9,94,88,Poor,0,2,Suboptimal
709,47,21,PhD,Marketing,Low,84,41,57,51,7557,High,Medium,18,11,Low,6,74,72,Excellent,5,2,Reassignment Required
710,48,7,Master,Operations,Low,58,77,45,49,7280,High,Expert,10,4,Medium,8,82,91,Excellent,2,1,Reassignment Required
711,30,18,Diploma,R&D,Medium,67,72,97,79,3882,Low,Low,4,6,High,5,71,96,Good,5,3,Optimal
712,47,7,Bachelor,R&D,Low,77,42,91,66,3519,Low,Medium,2,6,Critical,3,86,70,Excellent,5,3,Suboptimal
713,43,17,Bachelor,Marketing,Medium,95,75,65,91,5400,Medium,Medium,28,10,Medium,6,65,86,Average,0,2,Suboptimal
714,51,27,Master,R&D,High,84,52,51,90,9846,Low,Expert,25,10,Critical,9,83,86,Average,1,3,Optimal
715,38,15,Master,Finance,Medium,99,74,40,46,1180,Medium,Low,15,10,Medium,8,81,76,Average,1,4,Optimal
716,47,19,Master,Marketing,Expert,43,54,71,85,5125,Medium,High,9,9,Medium,7,68,83,Excellent,1,2,Suboptimal
717,57,18,Master,R&D,Low,96,84,84,75,4019,Medium,Low,15,10,Critical,9,69,74,Average,0,2,Reassignment Required
718,22,9,Bachelor,Marketing,Expert,93,61,64,72,1764,High,Low,5,9,Critical,9,62,99,Excellent,4,0,Optimal
719,29,16,Diploma,Marketing,Medium,76,82,86,66,5135,High,Expert,19,9,Critical,4,65,83,Poor,1,4,Suboptimal
720,56,12,PhD,IT,Low,58,43,63,47,6038,Low,High,3,9,High,4,85,80,Excellent,0,3,Suboptimal
721,36,12,PhD,IT,Expert,76,56,99,44,7799,Low,Medium,17,9,Low,6,73,94,Good,1,3,Suboptimal
722,43,6,Diploma,IT,Low,92,44,33,47,4390,High,High,13,6,Medium,3,95,97,Excellent,1,0,Optimal
723,35,26,Diploma,R&D,Medium,53,60,75,79,2064,Low,Expert,24,11,Low,5,78,96,Average,3,4,Optimal
724,47,9,Diploma,Operations,Expert,70,96,40,99,3456,Medium,Low,3,4,Critical,8,98,99,Poor,0,1,Optimal
725,49,1,Master,Finance,Medium,67,63,90,60,6681,Medium,Low,28,5,Critical,4,82,72,Poor,3,1,Suboptimal
726,44,3,Bachelor,R&D,Expert,99,70,64,63,2346,High,High,4,10,Medium,5,64,75,Poor,2,4,Optimal
727,35,24,Bachelor,IT,High,75,79,98,46,7997,Low,High,18,8,Medium,4,74,76,Good,1,3,Suboptimal
728,45,5,Bachelor,Marketing,High,83,92,86,58,5132,Low,Expert,24,10,Medium,8,89,88,Good,5,1,Reassignment Required
729,23,23,Master,R&D,High,77,95,40,70,3453,High,High,3,8,Medium,2,92,78,Good,5,1,Reassignment Required
730,47,17,Bachelor,Marketing,High,58,69,41,75,1538,Medium,Expert,14,9,Medium,9,97,71,Average,1,3,Reassignment Required
731,35,22,Master,Marketing,High,81,81,72,66,3303,Medium,Medium,16,4,Critical,6,78,97,Average,3,4,Optimal
732,28,5,Bachelor,Marketing,Medium,40,46,48,99,7421,Low,High,12,9,Medium,3,64,81,Good,5,0,Suboptimal
733,24,28,Diploma,HR,High,62,88,97,68,1248,High,Low,11,5,High,4,68,76,Excellent,0,4,Optimal
734,44,29,PhD,Operations,Medium,94,99,88,62,2391,High,High,2,7,Low,6,66,79,Good,4,0,Reassignment Required
735,39,24,PhD,Finance,High,67,46,31,59,3172,Medium,Low,1,2,Low,5,83,89,Good,5,4,Suboptimal
736,59,22,Master,Finance,Low,87,66,37,45,2335,Medium,Medium,13,3,High,3,75,84,Good,4,1,Reassignment Required
737,56,16,Bachelor,IT,High,43,63,51,51,3259,Low,Medium,26,8,Medium,3,96,94,Poor,2,2,Suboptimal
738,36,13,PhD,HR,Low,80,58,50,89,7615,High,High,18,7,Critical,6,69,92,Average,0,2,Optimal
739,46,23,Diploma,R&D,Medium,99,80,58,51,6534,Low,Expert,18,11,Critical,6,80,93,Poor,0,3,Suboptimal
740,58,10,Diploma,R&D,High,57,95,66,89,9691,Low,Low,13,6,High,8,80,96,Excellent,3,4,Reassignment Required
741,49,25,Diploma,Finance,Expert,88,73,58,42,1810,High,Medium,4,8,High,6,74,95,Excellent,1,4,Suboptimal
742,31,18,Master,Operations,Medium,86,61,66,81,5984,High,High,27,3,High,2,72,88,Average,1,3,Suboptimal
743,38,29,Master,Marketing,High,90,91,50,78,8348,Medium,Medium,1,11,Low,2,66,75,Excellent,0,3,Reassignment Required
744,43,1,Bachelor,IT,Medium,78,90,41,74,8556,High,High,15,5,High,3,99,89,Poor,4,0,Reassignment Required
745,47,27,Diploma,Operations,Expert,64,66,77,99,4713,Low,Low,17,6,Critical,9,67,82,Poor,2,0,Reassignment Required
746,46,2,Bachelor,Finance,High,57,45,76,58,4704,Low,High,6,9,Medium,6,97,89,Poor,3,2,Reassignment Required
747,38,10,Bachelor,HR,Expert,45,49,44,84,2210,High,Low,5,7,Critical,7,61,81,Excellent,0,1,Suboptimal
748,34,5,Diploma,IT,High,58,84,96,43,4745,Low,Medium,1,7,High,7,96,87,Good,2,4,Suboptimal
749,41,28,Bachelor,Finance,Low,92,70,42,70,8791,High,Low,22,6,Critical,2,81,85,Poor,0,2,Reassignment Required
750,46,13,PhD,R&D,Medium,51,64,88,81,2491,Medium,Low,16,11,Low,3,63,80,Poor,2,2,Suboptimal
751,25,18,Master,IT,Expert,64,41,42,77,8301,Medium,Expert,14,6,Critical,4,66,95,Good,2,1,Reassignment Required
752,31,25,Bachelor,Finance,Medium,74,49,48,72,7460,High,Medium,24,2,Low,9,60,94,Good,5,2,Suboptimal
753,24,15,Diploma,R&D,Expert,40,49,86,45,4048,Low,Low,29,5,Medium,8,78,80,Average,1,2,Optimal
754,39,20,Master,R&D,Medium,44,65,61,47,5919,High,Expert,5,10,High,9,89,70,Excellent,5,1,Suboptimal
755,57,21,Master,Marketing,Medium,40,44,50,67,3934,High,Expert,3,3,Medium,7,61,70,Poor,3,2,Reassignment Required
756,43,23,Bachelor,HR,Medium,47,61,43,54,7110,Medium,Low,3,7,High,6,72,76,Average,3,4,Optimal
757,55,6,PhD,Marketing,Low,78,43,53,70,2817,High,High,29,3,Medium,2,87,95,Excellent,5,3,Optimal
758,29,29,Bachelor,Finance,High,86,94,78,47,7613,Medium,Low,27,10,Medium,3,73,76,Average,1,1,Reassignment Required
759,40,26,PhD,Operations,Low,82,73,61,93,5319,Medium,High,12,6,Medium,6,62,73,Excellent,4,3,Reassignment Required
760,58,7,Master,Marketing,Medium,57,46,40,45,2275,High,Low,18,10,Low,3,75,83,Poor,5,4,Suboptimal
761,27,18,Bachelor,Operations,Expert,85,89,89,68,8231,High,Medium,9,11,Low,4,84,93,Average,3,2,Suboptimal
762,47,19,Diploma,R&D,Medium,98,56,97,90,3877,High,Expert,25,6,Critical,7,62,74,Excellent,1,2,Optimal
763,55,15,Bachelor,Finance,High,48,50,90,85,5014,High,Low,23,10,Critical,3,93,91,Excellent,2,2,Suboptimal
764,27,21,PhD,HR,Low,44,92,34,73,5087,Medium,Low,17,3,Critical,8,62,81,Excellent,2,3,Suboptimal
765,58,26,PhD,Operations,High,94,89,65,46,2147,High,Low,17,8,High,8,88,73,Good,3,0,Suboptimal
766,54,6,Bachelor,Finance,Expert,43,47,93,79,1237,Medium,High,20,9,Low,3,99,72,Excellent,2,3,Optimal
767,43,8,PhD,Operations,High,83,67,61,49,3122,Medium,Medium,28,4,Medium,4,78,87,Good,3,0,Suboptimal
768,42,12,Master,Marketing,Low,68,99,95,52,8609,Low,Medium,18,2,Critical,5,79,93,Poor,0,3,Suboptimal
769,27,0,Bachelor,Finance,Expert,40,83,39,61,5595,Medium,Low,29,3,Low,8,80,96,Average,1,4,Reassignment Required
770,27,28,PhD,Marketing,High,69,95,50,60,4983,Low,Expert,3,11,Low,6,79,74,Poor,4,3,Optimal
771,25,7,Bachelor,IT,Low,95,72,69,91,9134,High,Expert,18,6,High,4,87,95,Good,3,3,Reassignment Required
772,51,23,Bachelor,Finance,Low,84,91,71,40,6606,Low,Low,15,10,Medium,8,86,75,Poor,4,1,Optimal
773,32,21,Diploma,Operations,Medium,40,64,75,80,2623,High,High,1,6,Low,7,84,83,Good,1,2,Reassignment Required
774,51,3,Bachelor,IT,High,42,60,70,98,8226,Medium,Expert,3,2,Low,4,61,75,Good,5,2,Reassignment Required
775,52,2,Diploma,Marketing,Expert,61,51,33,81,1722,Low,Medium,7,2,Critical,9,83,89,Excellent,1,2,Reassignment Required
776,45,26,PhD,Marketing,Medium,47,98,43,91,2095,High,Expert,10,3,High,7,92,94,Good,0,0,Reassignment Required
777,30,2,Diploma,Operations,High,95,65,43,41,4827,High,Expert,9,2,High,9,78,92,Excellent,1,4,Suboptimal
778,24,21,Diploma,IT,High,57,68,82,91,5285,Low,Low,26,9,Medium,6,85,81,Average,2,0,Suboptimal
779,52,12,Diploma,R&D,Expert,64,77,58,68,1995,Low,Expert,9,3,High,7,62,97,Excellent,5,1,Suboptimal
780,58,7,Master,HR,Medium,87,74,52,50,6681,High,Low,8,9,Medium,3,86,95,Excellent,4,1,Reassignment Required
781,57,6,Diploma,Operations,Medium,91,76,60,76,5661,High,Medium,6,6,Medium,2,73,81,Excellent,1,3,Optimal
782,45,26,Bachelor,Marketing,Expert,59,85,90,89,1992,Medium,Expert,1,2,Critical,6,79,98,Excellent,1,1,Optimal
783,52,0,Diploma,Finance,Medium,70,83,52,46,3783,High,Low,16,5,Critical,9,94,77,Average,4,1,Reassignment Required
784,27,26,Bachelor,IT,Low,69,84,37,74,9347,Low,Low,24,3,Low,4,82,92,Average,4,4,Reassignment Required
785,23,15,Diploma,R&D,Expert,55,84,45,69,6682,High,Medium,24,7,Critical,3,84,89,Average,0,1,Suboptimal
786,41,5,Master,HR,High,41,68,55,55,6961,High,Expert,28,6,Low,7,63,94,Good,1,3,Reassignment Required
787,49,6,PhD,Finance,Expert,56,88,58,54,5768,Low,High,25,10,Low,5,61,71,Good,2,2,Suboptimal
788,32,11,Diploma,IT,Low,49,63,35,79,6760,Medium,Expert,10,4,Low,3,61,99,Excellent,2,0,Suboptimal
789,25,22,Diploma,R&D,Expert,46,98,66,59,6204,High,Low,11,6,Low,2,84,74,Excellent,0,0,Reassignment Required
790,36,8,Master,Operations,High,98,54,62,67,8552,Low,Low,12,11,Medium,3,82,99,Good,1,0,Optimal
791,27,26,Diploma,R&D,High,81,45,75,98,9246,Low,Medium,22,8,Low,8,80,87,Excellent,4,3,Optimal
792,51,10,Bachelor,Operations,Expert,90,71,90,76,1084,Low,Medium,3,10,Low,2,84,93,Average,2,4,Reassignment Required
793,59,9,Diploma,IT,Expert,91,83,70,42,6976,Low,High,6,4,Low,5,86,94,Poor,5,3,Suboptimal
794,23,20,Diploma,R&D,Low,98,73,47,68,9147,Medium,High,8,5,Medium,5,70,72,Excellent,5,0,Suboptimal
795,36,0,PhD,HR,Low,48,75,45,98,8084,Low,Low,23,2,High,3,73,85,Poor,1,3,Optimal
796,32,17,PhD,R&D,High,93,59,80,76,3779,High,High,13,3,High,6,76,74,Average,0,3,Suboptimal
797,29,3,Diploma,IT,Medium,56,96,66,48,7055,Medium,High,24,4,Low,6,74,78,Excellent,0,3,Optimal
798,47,4,Master,Finance,Medium,48,96,43,66,3669,Low,High,19,11,High,6,90,75,Average,5,2,Reassignment Required
799,26,8,PhD,Finance,Medium,48,92,97,71,2008,High,Expert,8,8,Critical,7,93,88,Average,4,3,Reassignment Required
800,27,26,Diploma,R&D,Medium,76,51,59,87,3364,Medium,Expert,21,8,Critical,7,95,91,Average,0,4,Suboptimal
801,47,16,PhD,R&D,High,63,74,89,85,4686,High,Low,23,2,Critical,5,99,94,Good,0,2,Reassignment Required
802,25,2,Diploma,Operations,Medium,78,88,82,89,7768,Medium,Expert,13,10,Critical,8,72,96,Excellent,0,3,Reassignment Required
803,40,15,PhD,IT,Medium,50,77,65,78,3199,Low,High,4,4,Medium,2,77,96,Average,2,1,Suboptimal
804,41,4,PhD,Operations,Expert,47,95,59,70,1909,High,High,3,4,Low,7,76,85,Good,4,0,Suboptimal
805,54,15,Bachelor,HR,Medium,64,56,93,86,4439,Low,High,22,3,Medium,7,98,95,Excellent,4,2,Optimal
806,41,2,Diploma,Finance,Expert,85,66,43,65,6882,Medium,Expert,25,4,Medium,4,87,76,Average,4,1,Reassignment Required
807,33,19,Diploma,Marketing,High,41,56,52,79,3913,Low,Medium,20,7,Low,3,85,73,Excellent,0,0,Reassignment Required
808,22,14,Diploma,Marketing,Expert,49,50,77,42,5695,Low,High,28,11,Medium,7,73,85,Good,0,4,Suboptimal
809,47,29,Diploma,IT,Low,92,94,57,50,2006,High,High,25,5,Low,7,96,89,Good,5,1,Reassignment Required
810,35,2,PhD,IT,Expert,63,78,36,91,8114,Low,Medium,3,3,Medium,2,70,86,Excellent,2,4,Optimal
811,59,19,Bachelor,Marketing,Medium,87,41,71,68,2143,Low,Medium,22,9,High,4,91,88,Excellent,0,4,Optimal
812,58,13,Bachelor,IT,Expert,55,90,39,66,8552,Low,Low,12,2,High,5,83,97,Good,2,1,Suboptimal
813,32,15,Master,Finance,Expert,58,41,97,97,2224,Medium,Low,5,11,Critical,4,90,94,Average,4,1,Reassignment Required
814,57,28,Diploma,HR,High,98,93,73,89,5495,High,Expert,25,9,High,8,99,86,Good,2,2,Optimal
815,34,28,Master,HR,High,70,68,42,86,9259,High,Medium,6,3,Critical,5,67,82,Average,1,4,Reassignment Required
816,24,16,PhD,Operations,Medium,50,84,62,49,1181,Low,Low,18,10,Critical,5,98,71,Good,3,1,Suboptimal
817,54,27,Master,Finance,Low,45,63,61,96,7332,High,High,20,5,Critical,7,67,71,Good,0,4,Suboptimal
818,27,23,Diploma,IT,Low,45,63,77,74,5946,Medium,Low,14,5,Medium,7,90,93,Average,4,3,Reassignment Required
819,31,19,Bachelor,IT,Expert,71,55,34,86,8450,Medium,High,5,8,Low,7,78,91,Poor,3,3,Optimal
820,26,22,Bachelor,Operations,Low,78,70,90,96,3945,Low,High,11,4,High,2,95,92,Average,5,3,Suboptimal
821,44,17,Diploma,Operations,High,87,88,32,62,9846,Low,High,27,11,Low,6,98,96,Poor,3,4,Reassignment Required
822,31,17,PhD,IT,Medium,52,82,53,45,4686,Medium,Expert,9,4,High,8,91,73,Average,4,4,Reassignment Required
823,23,21,Diploma,IT,Medium,98,48,63,50,3288,Medium,Medium,29,5,High,6,80,85,Good,5,1,Optimal
824,34,13,PhD,Finance,High,42,66,71,99,3831,Medium,Expert,17,11,Medium,2,82,96,Average,3,1,Suboptimal
825,23,17,Bachelor,Operations,Medium,95,95,49,82,9913,Low,Low,12,4,High,9,95,73,Poor,2,2,Reassignment Required
826,41,14,PhD,Finance,Expert,95,80,70,90,4248,Medium,Low,25,11,Low,3,74,89,Good,4,2,Suboptimal
827,22,14,Diploma,R&D,Medium,80,53,49,66,9501,Low,Medium,26,9,Low,5,61,81,Average,4,2,Suboptimal
828,58,5,Diploma,IT,Low,95,84,35,94,2025,Medium,Medium,1,10,High,3,71,91,Average,5,0,Suboptimal
829,30,26,Diploma,Marketing,Medium,74,64,86,70,5412,Medium,Low,1,6,Low,8,97,97,Good,2,3,Reassignment Required
830,38,14,PhD,Marketing,Medium,77,82,71,98,6902,High,Medium,4,4,Critical,5,65,97,Poor,1,4,Reassignment Required
831,30,17,PhD,R&D,High,96,83,54,69,4643,Medium,Medium,29,8,Low,7,97,98,Average,1,3,Optimal
832,32,3,PhD,IT,High,56,61,70,42,9559,Low,High,22,4,Critical,5,60,98,Poor,3,4,Optimal
833,36,22,Bachelor,Operations,Low,42,74,70,52,5650,Medium,Expert,18,7,Critical,9,97,89,Average,4,0,Suboptimal
834,45,7,Master,Marketing,High,73,72,32,98,2249,High,Expert,17,5,Low,7,85,83,Average,2,4,Reassignment Required
835,59,14,Master,Operations,Low,51,66,72,93,3983,Medium,Expert,12,8,Critical,6,82,70,Excellent,5,2,Suboptimal
836,56,2,Diploma,Marketing,Expert,63,79,75,79,5575,Medium,High,20,7,Low,9,60,86,Excellent,4,3,Reassignment Required
837,51,29,Bachelor,Operations,Low,45,65,86,60,8447,Medium,High,24,8,Low,8,80,93,Average,5,3,Reassignment Required
838,52,14,PhD,Marketing,Medium,81,58,80,82,5109,Low,Medium,22,5,High,6,78,87,Excellent,5,3,Suboptimal
839,26,12,Diploma,Operations,Low,50,84,34,50,5023,Medium,Medium,12,7,Low,5,88,81,Poor,2,0,Optimal
840,35,8,Bachelor,R&D,Expert,87,78,44,84,8969,Medium,High,5,11,Low,8,85,94,Excellent,1,3,Reassignment Required
841,32,1,Diploma,Finance,Medium,66,84,68,42,1589,Medium,High,1,8,High,8,93,79,Good,1,1,Suboptimal
842,30,23,Bachelor,Operations,Low,87,65,99,77,2782,High,Low,19,11,Medium,7,76,93,Excellent,3,2,Optimal
843,55,7,Bachelor,Finance,High,63,45,67,70,5568,Low,High,7,9,Low,6,77,84,Average,5,2,Optimal
844,33,28,Master,Finance,High,57,42,68,63,5412,Low,High,15,11,Medium,6,91,86,Good,5,4,Reassignment Required
845,56,29,Diploma,IT,High,66,45,81,81,5680,High,Expert,14,10,Medium,7,63,95,Average,2,0,Suboptimal
846,56,19,PhD,R&D,Low,93,67,32,90,9990,Low,Low,26,4,High,9,89,80,Excellent,5,4,Optimal
847,22,16,Master,Finance,Low,94,42,58,51,1470,High,Expert,3,6,Medium,9,90,93,Average,1,4,Reassignment Required
848,43,12,Master,HR,Expert,95,52,60,85,5827,Medium,Expert,5,11,Medium,4,77,94,Excellent,0,2,Suboptimal
849,50,0,PhD,Finance,Medium,80,52,95,82,6067,Low,Low,6,4,Critical,8,64,89,Poor,1,1,Reassignment Required
850,29,1,Bachelor,Operations,Medium,60,96,74,66,3994,Medium,Low,25,6,Medium,8,91,76,Good,4,0,Suboptimal
851,32,29,PhD,Finance,Medium,98,52,51,60,4129,Medium,Low,11,3,High,4,88,89,Good,5,0,Reassignment Required
852,58,14,Diploma,Operations,Medium,90,40,39,64,7167,Low,Medium,19,4,Low,7,71,98,Poor,5,0,Reassignment Required
853,35,11,PhD,Operations,Low,73,79,50,69,2313,Medium,Low,22,8,Critical,5,74,88,Good,5,1,Suboptimal
854,51,13,Bachelor,HR,Low,95,76,46,69,7546,Medium,Expert,27,9,High,8,74,80,Average,2,0,Reassignment Required
855,56,24,PhD,Finance,Expert,72,70,96,97,8934,High,Low,2,6,High,6,94,70,Average,5,3,Suboptimal
856,42,28,Bachelor,Finance,Medium,97,91,36,49,6358,Low,Medium,25,4,Critical,8,94,87,Excellent,0,1,Optimal
857,58,1,Bachelor,Marketing,Low,87,56,65,42,1282,Medium,Expert,12,5,Critical,8,73,92,Good,5,4,Optimal
858,26,17,Diploma,Marketing,Low,93,48,96,52,8609,High,Low,25,4,High,9,98,91,Good,1,3,Reassignment Required
859,40,21,PhD,IT,Low,57,84,59,99,2398,Low,Low,23,4,Low,4,77,84,Good,1,4,Suboptimal
860,35,6,PhD,Operations,Low,42,96,58,66,3733,Medium,Expert,14,10,Medium,3,97,82,Poor,2,0,Optimal
861,47,28,Diploma,HR,Medium,63,52,62,57,5067,Medium,Expert,27,5,Low,5,81,93,Excellent,0,1,Suboptimal
862,25,22,Bachelor,Marketing,Medium,40,76,88,98,3357,Medium,Low,9,7,Medium,5,97,96,Good,2,3,Optimal
863,46,28,PhD,Finance,Low,45,53,49,84,4238,Medium,Medium,20,4,Low,8,70,85,Good,1,1,Suboptimal
864,46,24,Diploma,IT,High,58,50,58,63,8989,Medium,Expert,16,9,Critical,3,62,88,Average,3,1,Suboptimal
865,39,5,Bachelor,HR,Expert,61,64,82,85,8210,Low,High,26,5,Critical,5,73,75,Poor,2,1,Optimal
866,29,13,Diploma,R&D,Medium,90,70,30,53,1787,Low,Low,17,9,Critical,6,84,97,Good,5,4,Optimal
867,35,7,PhD,Finance,Medium,82,97,63,78,9234,High,Expert,17,3,High,8,73,91,Good,1,1,Reassignment Required
868,53,26,Diploma,Finance,High,98,53,73,83,6784,High,Expert,2,10,High,9,90,97,Poor,2,0,Suboptimal
869,59,21,Master,R&D,Medium,47,96,43,96,5643,High,Low,10,3,Medium,4,84,85,Average,1,3,Reassignment Required
870,54,1,Bachelor,Operations,High,44,46,66,43,5321,Low,Low,11,4,Critical,2,78,87,Poor,2,2,Optimal
871,44,16,Master,Operations,High,91,63,64,55,5728,Low,Low,3,4,High,8,71,70,Excellent,1,1,Optimal
872,36,4,Master,Marketing,Low,48,88,88,90,6640,Low,Medium,2,6,High,4,66,87,Average,0,3,Suboptimal
873,54,13,Bachelor,Marketing,Medium,86,75,53,49,4410,Medium,High,4,4,Critical,7,73,78,Good,4,4,Suboptimal
874,46,24,Bachelor,Finance,Expert,60,81,94,87,2358,Low,Expert,8,9,Low,3,88,82,Good,4,4,Optimal
875,38,23,Diploma,Finance,High,67,81,35,76,1537,Low,Low,19,11,Critical,2,73,85,Excellent,2,1,Reassignment Required
876,54,29,Bachelor,Marketing,Expert,85,86,97,66,4868,Medium,Low,20,8,Medium,7,82,91,Poor,5,1,Suboptimal
877,23,28,Master,R&D,Low,43,91,67,87,5576,High,Medium,18,2,Critical,9,73,88,Good,1,0,Suboptimal
878,35,19,Master,Marketing,Medium,95,83,30,40,5525,High,High,1,7,Low,7,82,95,Poor,4,2,Reassignment Required
879,27,20,PhD,Finance,Low,63,80,70,44,4583,High,Expert,24,3,Low,9,67,92,Poor,4,1,Optimal
880,27,28,Bachelor,HR,Low,47,42,60,52,8898,Medium,High,23,9,Critical,6,72,70,Poor,2,1,Optimal
881,24,20,Master,Finance,Expert,91,86,65,84,2350,Medium,High,26,11,High,6,95,99,Good,5,0,Optimal
882,28,21,PhD,HR,Expert,56,83,83,42,4856,Medium,Low,2,9,Low,8,60,98,Average,2,4,Optimal
883,29,2,PhD,HR,High,73,65,60,56,3625,Low,Low,8,8,Medium,9,96,77,Good,2,2,Reassignment Required
884,36,4,Diploma,Finance,Medium,59,86,58,58,5307,High,Low,29,9,High,8,85,79,Average,3,4,Optimal
885,50,15,Master,IT,Low,55,65,32,76,3925,Medium,Medium,10,2,Medium,4,63,76,Average,0,1,Suboptimal
886,54,17,Diploma,Marketing,High,49,40,87,44,7714,Medium,Medium,19,9,Medium,8,75,72,Average,0,2,Suboptimal
887,51,25,Master,Operations,High,73,54,90,86,8197,High,Medium,7,2,Medium,5,84,82,Good,0,1,Suboptimal
888,48,16,Diploma,Finance,Low,82,50,35,81,7006,High,Low,17,4,Medium,7,78,89,Excellent,1,0,Reassignment Required
889,57,10,Diploma,HR,Low,49,76,49,83,9541,Low,Low,28,5,Low,5,79,80,Excellent,1,0,Reassignment Required
890,50,16,Bachelor,Finance,High,69,46,90,63,2537,High,Low,29,4,High,3,85,92,Average,0,4,Suboptimal
891,59,15,Diploma,Marketing,Low,69,51,75,82,3728,Medium,High,3,3,Critical,5,91,89,Good,2,3,Optimal
892,54,25,Bachelor,R&D,Low,90,91,42,72,8381,Low,Medium,25,4,Low,6,62,74,Excellent,3,4,Optimal
893,58,22,PhD,HR,Expert,64,96,52,94,5346,High,Medium,15,10,High,2,66,82,Excellent,0,2,Optimal
894,48,1,Master,Operations,Medium,96,77,60,60,3366,Low,High,4,3,Critical,7,91,81,Good,5,0,Optimal
895,54,3,PhD,Operations,High,85,93,33,42,8028,Medium,Expert,17,6,Critical,4,64,85,Poor,2,4,Suboptimal
896,25,20,Master,Operations,Low,82,42,95,43,7868,Medium,High,11,4,Low,8,80,86,Excellent,4,0,Optimal
897,43,6,PhD,R&D,High,80,81,45,90,4875,Medium,High,6,10,High,4,89,83,Excellent,3,3,Reassignment Required
898,23,1,Master,IT,Medium,46,97,60,71,7041,Medium,Low,17,8,Medium,4,79,90,Good,1,4,Optimal
899,31,29,Diploma,HR,High,86,92,77,63,4601,Low,Expert,10,11,Medium,5,88,95,Good,4,0,Optimal
900,26,5,Master,R&D,High,59,65,72,91,5174,Low,High,1,4,Critical,2,83,99,Good,4,1,Suboptimal
901,31,16,Master,HR,High,56,93,33,74,1923,Medium,Expert,18,3,Low,5,60,79,Excellent,5,3,Optimal
902,54,6,PhD,R&D,Expert,42,69,91,57,1618,Low,Expert,14,3,Low,5,84,82,Good,5,1,Suboptimal
903,59,24,PhD,R&D,Medium,86,71,77,42,5400,Medium,Low,19,6,Medium,9,86,99,Average,5,2,Suboptimal
904,34,4,PhD,IT,Medium,85,75,57,78,7342,Medium,Expert,29,10,Low,7,84,81,Average,4,3,Optimal
905,52,4,Bachelor,HR,High,79,84,45,93,4303,High,Low,18,3,Low,6,80,73,Good,2,0,Suboptimal
906,57,19,Bachelor,R&D,High,75,90,98,65,6580,Low,Medium,24,3,High,7,76,88,Excellent,0,1,Reassignment Required
907,45,15,Master,IT,Medium,65,76,59,99,8600,High,High,22,9,High,8,87,81,Excellent,4,2,Suboptimal
908,36,18,Master,Finance,Low,49,94,94,92,9122,Medium,Low,1,4,Critical,6,91,94,Excellent,0,1,Suboptimal
909,50,8,Diploma,Marketing,Expert,73,98,98,63,1082,High,Low,22,4,High,7,93,70,Good,4,3,Optimal
910,29,4,Diploma,R&D,Medium,53,93,43,98,1092,Medium,High,1,7,Low,7,81,79,Poor,2,1,Optimal
911,26,7,Master,Operations,High,47,57,63,40,7760,Medium,Low,9,7,Medium,5,78,90,Average,0,1,Suboptimal
912,50,8,Bachelor,IT,Low,94,40,85,90,8375,Medium,Expert,14,7,Medium,7,67,95,Good,1,4,Reassignment Required
913,25,4,Master,IT,Low,66,92,58,89,8837,Low,Low,3,6,Medium,3,61,98,Poor,3,0,Reassignment Required
914,33,9,Diploma,R&D,Low,49,60,54,73,7724,Medium,Low,12,5,Critical,8,64,71,Poor,4,1,Suboptimal
915,23,24,Bachelor,IT,Expert,96,67,95,99,4048,Medium,Expert,17,10,Medium,8,87,74,Good,4,4,Suboptimal
916,48,1,Bachelor,Finance,Expert,89,87,69,98,2467,Low,High,17,5,High,3,63,90,Poor,2,0,Suboptimal
917,52,8,Diploma,IT,Medium,54,55,44,51,6489,Low,Low,2,2,High,3,95,95,Poor,3,3,Suboptimal
918,57,10,Master,Marketing,Medium,76,87,61,56,3698,Medium,Medium,29,9,Low,7,60,96,Poor,5,3,Optimal
919,57,3,PhD,Marketing,Medium,61,67,49,60,9983,Low,High,6,9,Critical,9,74,86,Average,0,4,Suboptimal
920,47,21,Master,Operations,Medium,84,61,82,60,1475,Medium,Medium,1,4,Medium,9,72,73,Poor,4,4,Suboptimal
921,48,21,Master,Finance,High,89,58,96,42,9695,High,Medium,23,10,Low,5,90,76,Poor,1,3,Reassignment Required
922,26,21,Diploma,Marketing,Expert,70,87,78,83,1230,Low,Medium,27,8,Medium,8,76,84,Good,5,2,Suboptimal
923,41,1,Bachelor,R&D,Low,41,40,96,67,8021,High,Low,12,8,Medium,2,65,70,Good,5,0,Suboptimal
924,32,22,Diploma,HR,High,84,70,30,64,7833,Medium,Expert,4,6,Low,9,83,97,Average,1,0,Suboptimal
925,31,28,Master,HR,Medium,70,91,68,83,3256,Low,Low,23,4,High,9,72,98,Good,2,4,Suboptimal
926,59,5,PhD,HR,Medium,53,91,90,45,4970,Low,Medium,16,11,Low,3,80,83,Average,5,0,Suboptimal
927,27,26,PhD,R&D,High,49,81,84,81,5838,Medium,Medium,20,6,Critical,9,83,95,Poor,4,2,Reassignment Required
928,29,13,PhD,IT,Low,69,73,98,69,1383,Low,Expert,11,4,Low,6,81,84,Poor,2,0,Optimal
929,44,0,Diploma,R&D,Expert,75,85,31,71,1760,Low,High,20,4,Medium,4,88,71,Poor,3,4,Optimal
930,47,17,Bachelor,IT,Expert,86,79,46,61,6243,Low,Medium,20,2,High,9,83,89,Good,1,1,Reassignment Required
931,33,6,Diploma,HR,Low,79,45,58,97,4952,High,Low,26,5,Low,4,71,95,Average,1,1,Suboptimal
932,47,0,PhD,Operations,Expert,54,67,33,77,1942,Medium,Medium,28,10,High,5,79,71,Good,2,4,Reassignment Required
933,34,0,Master,Operations,Medium,53,42,93,53,3695,Medium,Medium,10,7,High,4,93,85,Good,3,1,Suboptimal
934,39,0,Bachelor,IT,Medium,70,70,72,73,2296,Medium,High,8,7,High,8,74,71,Average,5,0,Optimal
935,46,23,Diploma,HR,Medium,68,55,41,82,3147,Low,Expert,2,7,High,9,63,85,Average,0,4,Optimal
936,54,3,Diploma,R&D,Medium,66,56,79,86,7874,Low,Medium,8,6,Medium,5,73,86,Excellent,3,4,Optimal
937,33,3,Bachelor,Operations,Low,60,83,97,97,5396,Low,High,26,3,Medium,4,60,87,Excellent,2,4,Suboptimal
938,57,28,Bachelor,IT,Expert,48,66,90,65,1608,Medium,High,27,6,Medium,2,92,88,Excellent,5,1,Suboptimal
939,25,17,Master,R&D,Expert,59,90,80,79,1881,High,Medium,1,11,Medium,2,88,85,Average,5,3,Reassignment Required
940,26,26,Bachelor,HR,High,74,63,34,93,8316,Medium,Medium,29,4,Medium,2,69,73,Poor,5,1,Suboptimal
941,58,10,Master,Finance,Low,97,59,57,52,5891,Medium,Expert,23,11,Critical,2,95,86,Good,2,4,Suboptimal
942,29,26,PhD,HR,Expert,54,71,39,69,7480,High,Low,7,3,Critical,9,73,70,Good,3,0,Optimal
943,49,0,PhD,HR,Expert,63,74,81,58,8505,Low,Low,22,5,Low,3,81,92,Excellent,2,3,Suboptimal
944,52,27,Diploma,R&D,High,88,52,46,81,2994,Low,Expert,14,11,High,8,92,90,Poor,1,4,Reassignment Required
945,30,9,PhD,R&D,Medium,96,87,94,80,2323,Medium,High,4,10,Critical,6,87,82,Average,2,1,Reassignment Required
946,50,8,PhD,Marketing,Expert,55,82,50,89,8768,High,High,21,8,Medium,2,66,76,Good,0,2,Optimal
947,35,22,Master,Marketing,Medium,75,59,83,78,2011,Medium,Expert,17,11,High,7,95,95,Poor,1,4,Suboptimal
948,43,3,Diploma,R&D,High,50,98,78,42,7903,Medium,Low,2,10,Medium,3,95,78,Good,4,0,Optimal
949,32,27,Bachelor,R&D,Expert,96,87,51,70,1688,High,High,26,4,Medium,5,93,83,Good,1,2,Optimal
950,44,5,Diploma,Finance,Medium,47,91,98,51,5068,High,Low,23,3,Low,4,96,70,Good,1,2,Reassignment Required
951,22,29,PhD,Finance,Low,42,41,93,54,4447,Low,High,2,10,High,4,65,77,Average,1,1,Optimal
952,58,15,Bachelor,HR,Medium,58,43,65,93,8897,Medium,Low,8,7,Medium,3,94,79,Average,5,1,Optimal
953,42,1,Diploma,Operations,Medium,85,66,50,92,8255,High,Expert,7,11,Medium,7,86,73,Good,3,3,Reassignment Required
954,47,22,Diploma,Finance,Medium,80,99,85,84,9075,High,Low,26,5,Low,7,89,94,Average,4,4,Optimal
955,57,17,Diploma,HR,Medium,42,64,77,77,9632,High,High,8,5,High,9,91,82,Poor,0,3,Optimal
956,44,9,Diploma,IT,Low,75,43,47,79,3462,High,High,20,11,Critical,4,78,87,Poor,1,3,Suboptimal
957,22,23,Master,Marketing,High,64,99,44,53,6123,Medium,High,17,11,High,7,81,78,Good,3,2,Suboptimal
958,36,23,Diploma,Operations,Medium,99,71,73,74,5178,Medium,Medium,23,7,Medium,2,80,77,Excellent,2,1,Suboptimal
959,42,16,PhD,HR,Medium,75,56,74,55,7149,Medium,Medium,17,8,Critical,8,64,99,Poor,4,2,Suboptimal
960,30,12,PhD,R&D,Expert,50,40,65,89,2752,High,High,7,11,Low,4,80,75,Average,5,4,Reassignment Required
961,30,23,Master,IT,Expert,90,72,69,63,5629,Low,Expert,25,6,Low,2,79,90,Average,0,3,Reassignment Required
962,31,17,Bachelor,Marketing,Low,55,69,80,56,6916,High,High,5,9,Medium,2,97,88,Poor,4,3,Suboptimal
963,47,21,Bachelor,IT,Low,94,44,59,57,5546,Medium,Expert,15,11,High,4,90,85,Excellent,0,4,Optimal
964,56,12,PhD,HR,Low,93,93,55,81,4359,Medium,High,2,2,Medium,8,96,70,Good,0,3,Optimal
965,46,16,PhD,Finance,Expert,56,51,60,56,6013,Medium,High,11,2,High,3,65,84,Poor,2,1,Optimal
966,47,4,Master,Marketing,Medium,81,77,85,55,8604,Low,Expert,17,5,Low,5,90,75,Average,0,1,Suboptimal
967,32,10,Bachelor,IT,Expert,63,71,90,60,5014,Low,Low,24,9,Medium,9,83,79,Excellent,2,3,Optimal
968,59,6,Bachelor,Finance,High,56,77,46,63,1899,Medium,Medium,13,9,Medium,3,77,74,Good,1,4,Reassignment Required
969,23,28,Diploma,Operations,Low,87,96,53,73,2189,High,High,4,7,Critical,6,88,77,Average,4,2,Suboptimal
970,28,9,Diploma,HR,Low,59,56,33,91,1652,Medium,Expert,24,6,Medium,6,71,70,Good,0,3,Suboptimal
971,39,16,Diploma,HR,Low,61,97,38,75,8996,Medium,Expert,18,11,High,2,71,82,Good,2,0,Optimal
972,48,14,Master,Marketing,High,45,93,31,82,1982,Low,Medium,29,11,Critical,2,88,95,Excellent,1,1,Suboptimal
973,55,17,PhD,IT,Medium,46,84,64,66,1575,Low,Medium,14,3,High,3,66,85,Good,4,0,Optimal
974,48,22,Master,Operations,Medium,53,79,67,78,9524,Low,Low,19,6,Critical,8,75,86,Average,1,0,Suboptimal
975,38,21,Bachelor,R&D,Medium,50,71,74,56,5307,Low,High,3,6,Low,3,71,76,Good,3,0,Optimal
976,45,18,PhD,Marketing,Low,51,63,44,64,9480,Medium,Medium,4,3,High,2,80,84,Good,4,3,Optimal
977,46,29,Diploma,R&D,Medium,85,51,71,90,7753,High,Low,25,9,High,7,63,93,Poor,2,3,Optimal
978,28,25,Master,Marketing,Expert,44,86,32,77,8740,Medium,High,9,11,Medium,5,76,83,Poor,0,0,Optimal
979,27,1,Master,IT,Low,44,70,60,81,2055,Medium,High,21,6,Low,5,87,95,Average,2,3,Optimal
980,45,25,Diploma,Operations,High,59,58,81,60,7026,High,Expert,23,6,Critical,6,90,97,Good,5,0,Reassignment Required
981,54,3,Master,IT,High,93,68,70,43,5369,Medium,Medium,14,2,Critical,7,67,86,Poor,2,0,Reassignment Required
982,50,2,Diploma,HR,Medium,94,60,86,64,2324,High,Low,29,2,Low,5,85,94,Average,2,2,Optimal
983,43,6,Bachelor,R&D,Low,97,65,71,98,4595,Low,Low,25,2,Medium,4,99,92,Good,4,2,Reassignment Required
984,47,23,PhD,Finance,Expert,54,91,82,99,4827,Low,Expert,17,9,High,2,90,76,Average,4,2,Optimal
985,49,17,Bachelor,HR,Expert,65,67,85,69,3323,Low,Low,29,11,High,3,78,93,Good,3,4,Optimal
986,42,9,Bachelor,HR,Low,72,56,82,96,2882,High,Low,2,3,Medium,2,66,83,Excellent,5,1,Reassignment Required
987,28,6,Diploma,R&D,Medium,96,48,61,72,2153,Medium,High,14,9,Critical,9,64,77,Poor,1,3,Reassignment Required
988,38,7,Master,Marketing,High,69,60,83,78,4370,Low,Medium,22,7,Medium,4,72,82,Excellent,5,2,Optimal
989,41,5,Bachelor,HR,High,63,89,66,65,9288,Low,Expert,16,6,High,5,77,70,Good,2,1,Reassignment Required
990,41,21,Bachelor,Operations,Expert,62,99,37,64,1276,Medium,Medium,19,7,Low,2,77,73,Excellent,3,1,Suboptimal
991,43,25,Bachelor,HR,Expert,48,73,40,92,6404,Low,Low,16,5,Critical,4,79,98,Excellent,3,3,Reassignment Required
992,49,0,Master,Operations,Expert,42,50,83,55,6292,Low,Low,11,4,Medium,7,82,98,Poor,4,4,Optimal
993,28,3,Master,IT,High,97,94,89,88,9523,High,Low,28,5,High,5,95,80,Excellent,1,0,Suboptimal
994,22,13,Diploma,Marketing,Expert,75,59,39,63,5198,Medium,Medium,27,10,Critical,8,99,78,Good,3,2,Reassignment Required
995,53,16,Bachelor,Operations,High,87,88,99,44,4696,High,Expert,14,9,Medium,6,92,88,Good,0,4,Reassignment Required
996,34,19,PhD,HR,High,46,92,71,93,4202,Low,Expert,7,9,Low,7,66,91,Excellent,3,3,Reassignment Required
997,51,17,Master,Marketing,Medium,61,89,66,94,3086,Low,High,5,2,Critical,6,99,73,Poor,4,4,Reassignment Required
998,44,10,Diploma,Marketing,Medium,53,86,87,81,1306,Medium,Expert,26,6,Low,6,64,70,Poor,2,1,Reassignment Required
999,40,28,Bachelor,Operations,Medium,87,78,88,78,1883,Low,High,8,7,High,7,91,88,Excellent,4,4,Optimal
1000,53,20,PhD,Operations,Expert,68,55,53,52,7663,High,Low,29,10,Critical,4,68,88,Poor,4,2,Reassignment Required
1001,51,25,Master,Finance,High,89,96,57,69,7189,High,Expert,17,11,Low,4,89,98,Excellent,1,4,Suboptimal
1002,50,13,PhD,Finance,Expert,55,68,66,99,5289,Medium,High,25,11,Medium,3,91,88,Excellent,5,4,Reassignment Required
1003,50,8,Master,Marketing,High,87,40,50,46,4589,Medium,High,14,7,Low,3,98,80,Average,0,1,Reassignment Required
1004,51,26,Diploma,R&D,Medium,73,99,62,86,4641,Low,Medium,27,2,High,6,63,75,Excellent,0,4,Optimal
1005,37,14,PhD,R&D,Medium,49,57,31,56,8336,Medium,Low,10,2,Medium,2,84,94,Poor,5,1,Optimal
1006,40,11,Bachelor,Finance,Expert,46,98,57,94,6108,Medium,Expert,22,8,Low,5,81,76,Good,1,2,Suboptimal
1007,39,9,Bachelor,HR,High,64,61,44,66,3162,Low,Expert,12,4,Critical,3,67,92,Excellent,1,2,Optimal
1008,22,18,Master,IT,Expert,66,47,30,74,7709,Low,Expert,5,8,Low,5,61,70,Average,3,0,Suboptimal
1009,35,23,Bachelor,Marketing,Low,54,46,57,44,6167,High,High,8,6,Critical,7,96,98,Average,5,0,Reassignment Required
1010,23,18,PhD,IT,Expert,71,64,79,81,4141,High,Expert,28,2,Critical,9,94,84,Average,0,1,Optimal
1011,49,5,Diploma,Finance,Medium,67,69,64,44,7131,Medium,Expert,12,9,Low,2,96,94,Average,4,0,Reassignment Required
1012,51,19,Master,Operations,High,48,73,57,63,5603,Low,Expert,4,10,High,6,81,73,Poor,5,0,Reassignment Required
1013,59,23,PhD,Marketing,High,46,83,38,46,1154,Medium,Low,28,7,Critical,8,60,82,Good,3,3,Optimal
1014,25,26,Master,Finance,Expert,98,87,53,46,4630,High,Low,13,3,High,5,98,93,Excellent,0,0,Optimal
1015,22,5,Diploma,HR,Medium,95,80,92,93,9652,Medium,High,25,10,Critical,7,92,81,Excellent,5,4,Optimal
1016,29,7,Master,Marketing,Low,55,91,33,94,2396,High,Medium,21,3,Critical,9,63,70,Good,2,2,Reassignment Required
1017,50,0,Bachelor,Marketing,Expert,65,50,85,53,9982,High,Expert,17,7,Low,6,68,77,Excellent,4,0,Optimal
1018,24,21,Bachelor,R&D,High,74,54,70,94,7797,Medium,Expert,24,11,Critical,8,67,94,Excellent,5,1,Suboptimal
1019,53,16,Master,Operations,Medium,56,74,96,54,7594,High,High,25,5,Medium,5,81,90,Average,4,3,Suboptimal
1020,31,16,Diploma,Marketing,High,62,62,77,44,4709,High,Expert,21,7,Low,2,80,92,Average,3,3,Optimal
1021,31,23,Diploma,Operations,High,47,92,87,76,2867,Low,Medium,29,5,Medium,3,87,80,Poor,0,2,Suboptimal
1022,40,14,Bachelor,Finance,High,41,84,68,43,1576,Medium,High,5,4,Medium,4,96,79,Good,1,2,Optimal
1023,55,6,Diploma,HR,High,70,60,54,69,8263,Medium,Low,6,9,Critical,6,61,71,Poor,2,1,Reassignment Required
1024,54,18,Master,HR,Low,96,67,89,59,4764,Medium,Medium,9,6,High,3,76,86,Excellent,4,1,Suboptimal
1025,44,21,PhD,Marketing,Medium,91,52,76,92,9553,High,Expert,5,2,Low,5,90,97,Average,1,1,Suboptimal
1026,49,24,Master,Marketing,Expert,97,73,90,65,1456,High,Medium,2,9,High,7,72,82,Average,1,3,Suboptimal
1027,53,22,Bachelor,Finance,Medium,98,77,56,48,4561,High,Low,3,4,Low,7,77,96,Average,1,3,Suboptimal
1028,28,27,Bachelor,R&D,Medium,96,45,71,69,4110,Medium,High,11,5,Medium,3,83,91,Good,1,1,Suboptimal
1029,50,2,Bachelor,R&D,Medium,71,83,81,98,4529,Low,Medium,10,10,Critical,4,90,78,Excellent,3,0,Reassignment Required
1030,29,29,Diploma,R&D,Expert,68,43,77,83,5907,Medium,High,3,4,Critical,6,92,85,Good,5,0,Suboptimal
1031,22,29,Master,Operations,Medium,42,44,61,87,5968,Medium,High,9,6,Critical,6,90,97,Average,5,1,Optimal
1032,24,28,PhD,R&D,Expert,47,94,53,61,9541,Medium,Expert,8,9,High,3,86,86,Good,4,1,Suboptimal
1033,45,21,Master,HR,Expert,98,79,32,79,5547,Low,Expert,16,7,Critical,9,95,99,Average,1,3,Optimal
1034,44,10,PhD,Operations,Low,41,45,56,80,5083,Medium,High,29,4,Critical,9,80,79,Good,1,0,Optimal
1035,29,19,Master,Finance,High,70,60,69,83,1108,Low,Low,29,9,High,2,64,86,Good,0,2,Reassignment Required
1036,58,29,Bachelor,HR,Expert,90,67,52,69,8751,Low,High,22,6,High,5,70,89,Average,4,2,Suboptimal
1037,24,28,PhD,HR,High,88,42,36,59,2231,Medium,Low,21,7,Critical,3,93,79,Excellent,5,4,Reassignment Required
1038,54,18,Master,IT,Medium,76,62,66,67,1576,Medium,Medium,26,4,Critical,2,93,91,Excellent,2,2,Suboptimal
1039,49,8,Diploma,Finance,High,59,47,36,46,1240,Medium,High,2,9,Medium,6,62,83,Good,1,0,Suboptimal
1040,29,9,Diploma,Finance,High,68,58,51,92,8566,High,Medium,25,5,Critical,5,65,84,Average,3,3,Reassignment Required
1041,55,1,Master,IT,High,56,92,46,43,6809,Low,High,10,10,High,6,79,78,Poor,5,0,Reassignment Required
1042,56,0,Bachelor,Operations,Medium,49,50,48,67,7721,Medium,Medium,24,6,Low,4,63,71,Good,1,0,Optimal
1043,53,29,PhD,R&D,Medium,80,89,68,94,1370,Low,Low,14,2,Critical,7,96,83,Poor,1,2,Optimal
1044,45,15,Master,R&D,Expert,61,49,65,74,7054,High,Medium,5,10,Low,8,98,90,Average,5,1,Optimal
1045,35,17,Diploma,R&D,Expert,45,97,44,72,1097,High,Medium,22,9,Critical,2,66,76,Excellent,1,4,Reassignment Required
1046,53,22,PhD,R&D,Low,82,67,92,46,6606,Medium,Expert,25,6,Critical,9,76,97,Excellent,4,2,Suboptimal
1047,37,25,Diploma,R&D,Medium,73,59,58,48,9156,Low,High,1,4,Medium,4,97,73,Average,4,2,Optimal
1048,25,16,Diploma,IT,Low,70,83,89,73,3455,High,High,13,10,Critical,4,95,82,Good,1,2,Reassignment Required
1049,58,5,Master,Finance,Medium,94,91,85,78,4446,High,High,4,8,High,4,93,91,Excellent,3,4,Optimal
1050,42,13,Diploma,Operations,High,51,67,69,81,5811,Low,High,21,9,Critical,9,65,91,Good,2,3,Suboptimal
1051,35,22,PhD,HR,Low,51,68,45,73,8827,High,Expert,9,4,Low,9,98,73,Excellent,0,2,Reassignment Required
1052,52,24,Bachelor,R&D,Low,55,47,62,52,3691,Low,Low,16,7,Critical,2,61,73,Excellent,2,3,Reassignment Required
1053,39,14,Master,IT,Low,64,58,45,68,1972,Medium,Medium,28,5,High,5,77,78,Good,5,3,Suboptimal
1054,28,13,PhD,Operations,Medium,61,92,59,74,8806,Low,Medium,21,4,Critical,8,86,80,Average,3,0,Reassignment Required
1055,31,23,Master,Operations,Expert,66,87,95,84,3923,Medium,Low,21,5,Low,6,98,70,Good,5,1,Reassignment Required
1056,28,21,Diploma,Operations,Low,63,98,73,49,6001,Low,Medium,28,3,Critical,5,78,82,Poor,5,4,Reassignment Required
1057,54,2,Diploma,IT,Expert,51,60,67,69,1808,High,Expert,28,6,Medium,7,91,90,Excellent,5,1,Optimal
1058,44,23,PhD,HR,Medium,92,57,80,83,8476,Medium,High,19,9,Critical,5,83,96,Excellent,5,3,Suboptimal
1059,42,22,PhD,R&D,Low,57,48,89,65,6963,Low,High,24,6,Low,5,93,94,Good,3,3,Optimal
1060,40,18,Bachelor,Operations,Medium,84,43,47,74,6935,Medium,Expert,14,3,Low,6,84,78,Average,2,4,Suboptimal
1061,40,24,PhD,IT,Expert,86,80,34,67,5230,Low,High,23,8,Low,6,83,94,Excellent,2,1,Reassignment Required
1062,57,11,PhD,Finance,Expert,55,64,69,68,1327,Low,Medium,24,9,Medium,2,84,87,Poor,5,0,Suboptimal
1063,50,1,Master,IT,Low,43,73,35,91,1682,Medium,Low,20,5,Critical,7,71,76,Poor,1,1,Reassignment Required
1064,39,2,Diploma,IT,Expert,51,48,41,45,1123,Medium,Low,8,4,Low,3,89,83,Good,2,2,Reassignment Required
1065,23,17,PhD,IT,High,88,48,41,42,1753,Medium,Medium,10,9,Medium,9,65,95,Excellent,5,1,Suboptimal
1066,22,28,Bachelor,Operations,High,72,57,51,68,9114,High,Low,20,11,Medium,9,89,93,Average,2,3,Reassignment Required
1067,26,0,PhD,IT,Low,61,50,78,96,2606,Low,Low,1,3,Low,6,92,86,Average,1,4,Optimal
1068,41,19,Diploma,Finance,Medium,57,52,79,41,7525,Low,High,20,8,High,6,74,87,Good,3,2,Suboptimal
1069,32,20,PhD,Operations,Medium,93,77,33,94,4578,Medium,Medium,5,11,Critical,7,88,70,Excellent,4,3,Suboptimal
1070,23,28,Master,Finance,Medium,87,48,79,61,5666,Low,Expert,26,9,Low,3,73,98,Average,1,1,Suboptimal
1071,24,5,Diploma,Marketing,High,72,55,32,85,8208,Low,Low,15,6,Critical,6,84,78,Good,2,4,Reassignment Required
1072,44,4,PhD,IT,Expert,66,43,45,86,3845,Low,Medium,8,8,Medium,5,64,79,Excellent,0,2,Optimal
1073,33,0,Master,R&D,High,81,73,43,89,3938,Medium,Expert,28,10,Critical,7,61,85,Average,2,1,Suboptimal
1074,41,18,Diploma,R&D,Expert,58,46,93,66,7319,Low,Expert,10,9,High,6,75,80,Poor,0,2,Reassignment Required
1075,26,0,PhD,Operations,High,87,54,70,90,3427,Low,High,6,6,Critical,2,98,90,Excellent,1,0,Optimal
1076,58,26,Master,R&D,Medium,53,96,97,61,9356,High,High,15,5,Low,6,97,73,Good,4,0,Reassignment Required
1077,59,20,Bachelor,Operations,Medium,64,77,88,49,9156,High,Low,15,4,Low,3,76,93,Average,4,4,Reassignment Required
1078,51,20,Master,IT,Medium,73,50,31,91,7907,Medium,Medium,27,7,Low,5,90,88,Average,0,0,Optimal
1079,30,15,Bachelor,HR,Low,63,71,39,88,8732,Low,Medium,10,5,Critical,3,60,77,Good,3,3,Reassignment Required
1080,55,11,PhD,HR,Low,77,66,55,88,6886,Low,High,21,5,Low,9,65,72,Excellent,0,1,Optimal
1081,56,26,Master,Finance,Expert,99,69,33,58,6168,High,High,19,8,Critical,7,90,91,Excellent,0,2,Suboptimal
1082,43,28,Bachelor,IT,Low,93,91,57,63,4281,Medium,High,4,11,Critical,6,65,73,Poor,5,2,Suboptimal
1083,45,21,Diploma,R&D,High,62,56,31,66,9810,Medium,Low,22,6,Low,6,95,98,Average,1,0,Optimal
1084,38,7,Master,IT,High,44,75,95,75,3712,Low,Medium,6,2,High,8,67,99,Good,2,2,Reassignment Required
1085,31,25,PhD,Marketing,Expert,83,58,45,82,5954,High,Low,15,6,Low,2,88,77,Poor,3,2,Suboptimal
1086,51,15,Diploma,HR,Expert,98,46,86,56,4723,High,Medium,6,7,Medium,5,68,92,Average,5,1,Optimal
1087,44,27,Bachelor,R&D,Medium,75,82,52,95,2686,High,High,18,2,Medium,6,81,81,Average,5,4,Optimal
1088,53,0,Master,HR,Low,93,84,52,49,8440,Low,Low,11,4,High,8,69,74,Average,0,2,Reassignment Required
1089,38,3,Master,IT,Medium,63,98,50,93,2606,Low,Expert,12,7,Medium,2,83,98,Good,1,0,Reassignment Required
1090,38,9,PhD,R&D,Low,75,97,54,56,5239,Low,Low,8,8,High,2,99,99,Good,5,0,Suboptimal
1091,35,10,Diploma,Finance,Low,44,60,87,83,9810,High,Low,24,8,Critical,3,61,98,Good,3,4,Suboptimal
1092,30,16,Master,IT,Expert,78,67,66,49,6103,Medium,Expert,22,8,Medium,5,79,72,Poor,4,2,Suboptimal
1093,23,24,Master,Finance,Medium,45,42,78,49,9545,Low,Expert,14,10,High,4,76,74,Average,4,2,Reassignment Required
1094,46,26,Diploma,R&D,Medium,84,53,44,77,1280,Low,High,4,3,Low,7,92,99,Average,1,2,Suboptimal
1095,30,22,Master,HR,Low,75,41,57,56,5932,Medium,Expert,18,4,Medium,8,73,73,Poor,3,4,Optimal
1096,43,6,Diploma,Marketing,Low,84,68,96,65,4550,Medium,Expert,6,8,Medium,2,91,93,Poor,2,0,Optimal
1097,25,11,Diploma,Operations,Expert,43,57,33,65,2959,High,Low,6,7,High,4,96,80,Good,1,2,Suboptimal
1098,47,20,Diploma,HR,High,49,76,76,90,1389,Low,Low,26,2,Critical,3,83,90,Average,5,2,Reassignment Required
1099,50,6,PhD,Finance,Medium,91,84,79,73,6183,High,High,19,11,High,2,79,95,Excellent,5,3,Suboptimal
1100,55,11,Diploma,IT,Medium,40,84,89,43,4867,Low,Expert,2,8,High,7,65,95,Excellent,2,1,Optimal
1101,44,14,Diploma,R&D,Expert,60,63,91,89,5360,High,Medium,4,3,Medium,9,92,85,Poor,0,4,Suboptimal
1102,58,1,Bachelor,HR,Expert,79,95,96,66,3053,High,Low,24,5,High,5,87,90,Poor,2,1,Optimal
1103,32,13,Bachelor,Marketing,Medium,78,85,72,60,6008,Medium,High,5,8,Low,9,70,87,Poor,1,4,Reassignment Required
1104,27,12,PhD,R&D,Medium,76,51,87,75,9359,Low,Low,15,5,High,4,95,94,Excellent,3,1,Optimal
1105,39,3,Diploma,Finance,Low,42,92,81,77,7316,Medium,Low,3,7,Low,5,79,75,Excellent,2,3,Suboptimal
1106,42,13,Bachelor,R&D,High,86,84,98,85,3166,Medium,Medium,29,10,Low,4,65,96,Good,0,1,Reassignment Required
1107,57,13,Bachelor,R&D,Medium,70,71,75,70,9106,Medium,High,16,6,High,8,67,85,Good,3,2,Reassignment Required
1108,59,15,Master,IT,Expert,66,57,54,46,7272,Low,Medium,13,4,Critical,3,78,70,Average,4,1,Reassignment Required
1109,55,6,Diploma,Operations,Low,56,52,54,83,1186,High,Medium,12,7,Low,2,74,88,Good,4,1,Suboptimal
1110,38,18,Bachelor,Finance,Low,62,43,64,73,6182,High,High,21,5,Low,2,81,89,Average,3,0,Optimal
1111,58,1,PhD,IT,Expert,52,62,90,57,3645,Low,Expert,9,10,Low,3,61,85,Good,5,4,Suboptimal
1112,46,9,Master,Operations,Expert,86,93,44,63,2216,Low,Medium,11,3,Critical,9,87,79,Good,5,1,Optimal
1113,59,17,Master,IT,Low,66,49,64,52,5627,High,Expert,8,11,High,7,95,95,Good,1,2,Reassignment Required
1114,33,28,Diploma,Operations,Expert,90,94,58,52,2205,High,Low,28,6,Critical,7,95,83,Excellent,2,2,Optimal
1115,44,16,Diploma,Operations,Low,59,44,67,64,7703,Medium,High,26,10,High,6,77,87,Excellent,2,4,Reassignment Required
1116,43,4,Master,Operations,Expert,85,89,98,44,1227,High,High,7,11,Low,4,71,82,Poor,5,3,Reassignment Required
1117,42,11,PhD,IT,Low,92,79,53,78,3613,Medium,Low,4,8,Medium,7,78,96,Good,3,4,Reassignment Required
1118,48,5,Diploma,R&D,Medium,52,53,48,68,3136,High,Low,2,6,Low,7,85,82,Excellent,2,2,Reassignment Required
1119,52,21,Diploma,Operations,Medium,83,99,75,83,8311,High,Low,28,9,High,4,84,95,Average,4,3,Suboptimal
1120,27,8,Master,R&D,Expert,63,73,78,96,7958,High,Medium,25,3,Critical,6,87,84,Good,3,3,Optimal
1121,48,19,Master,Finance,High,94,67,73,85,1249,Medium,Medium,19,5,Low,9,74,73,Excellent,5,0,Suboptimal
1122,55,0,Diploma,Marketing,Medium,80,47,55,72,3272,Medium,Medium,22,7,Low,3,69,87,Poor,2,1,Reassignment Required
1123,33,21,Bachelor,R&D,Low,98,55,54,63,7038,High,Medium,29,8,High,5,98,84,Poor,0,0,Optimal
1124,28,14,Diploma,Marketing,High,42,70,64,49,4018,Medium,Medium,23,9,High,5,93,75,Average,5,1,Optimal
1125,31,20,Bachelor,Operations,Low,82,46,65,97,3215,Medium,Expert,12,5,Medium,3,72,98,Average,5,0,Optimal
1126,38,25,Master,Marketing,Low,49,42,43,64,3157,Medium,Expert,3,10,Low,5,75,79,Excellent,1,3,Suboptimal
1127,47,5,Bachelor,Marketing,Medium,40,68,85,80,2796,Medium,Medium,19,8,Low,3,99,84,Poor,0,1,Optimal
1128,42,18,PhD,Operations,Expert,88,75,35,49,4244,Low,High,3,3,Low,4,90,94,Excellent,5,2,Optimal
1129,49,17,Master,R&D,Expert,99,78,61,78,9046,Medium,High,19,10,Medium,8,60,70,Good,0,3,Optimal
1130,23,5,Diploma,Operations,Low,97,43,55,55,1296,High,Expert,19,8,Medium,4,82,74,Average,2,4,Optimal
1131,22,12,Diploma,Finance,Medium,52,48,44,99,2927,Medium,Expert,7,6,Low,8,73,78,Average,3,3,Reassignment Required
1132,57,0,Master,HR,Low,53,94,78,67,3256,High,High,29,4,High,6,98,96,Good,4,2,Optimal
1133,47,22,Master,IT,High,72,56,85,51,8421,Medium,High,14,10,Critical,8,89,92,Good,3,0,Reassignment Required
1134,50,22,PhD,Operations,Low,41,88,66,83,6201,High,High,21,8,Low,7,79,83,Good,2,1,Optimal
1135,42,25,Master,Operations,Medium,41,59,82,97,2457,Low,Expert,4,4,Low,3,84,80,Poor,2,0,Optimal
1136,32,12,Diploma,Marketing,Low,78,53,87,71,4546,High,Expert,6,6,Low,7,70,75,Poor,4,0,Suboptimal
1137,32,6,PhD,Finance,Medium,80,85,65,90,8361,Medium,High,14,4,High,5,85,85,Good,0,1,Suboptimal
1138,57,14,Diploma,Marketing,Expert,95,68,40,68,4664,Medium,Expert,8,4,Medium,3,80,92,Average,0,0,Suboptimal
1139,56,11,Bachelor,R&D,Medium,70,96,56,84,8654,High,Medium,18,8,Critical,2,64,99,Average,3,2,Optimal
1140,55,26,Master,Operations,High,43,52,31,92,1095,Low,High,28,10,Critical,6,66,98,Poor,1,4,Reassignment Required
1141,45,25,Bachelor,Operations,Medium,73,75,51,89,4932,Medium,Low,15,6,Medium,2,71,78,Poor,2,1,Suboptimal
1142,43,0,Diploma,Marketing,High,58,84,95,66,7912,Medium,High,19,5,Low,6,61,72,Average,4,0,Suboptimal
1143,26,14,Bachelor,Operations,High,97,92,46,65,7140,High,Expert,18,5,Low,6,98,77,Excellent,3,1,Optimal
1144,54,3,Bachelor,R&D,Low,76,56,33,42,2739,High,Low,15,4,Critical,6,80,86,Poor,4,0,Suboptimal
1145,57,12,Diploma,HR,High,48,86,43,65,2352,Low,Low,23,9,Critical,8,91,95,Poor,0,2,Optimal
1146,41,22,Diploma,IT,Medium,63,89,36,78,5924,High,High,12,11,Low,2,64,91,Average,5,3,Reassignment Required
1147,40,26,Master,IT,Expert,52,82,45,40,6757,Medium,Medium,18,2,High,9,86,78,Good,0,4,Optimal
1148,56,24,Bachelor,IT,Medium,83,43,95,74,2542,High,Medium,5,4,Low,6,90,86,Average,3,4,Reassignment Required
1149,38,4,PhD,HR,Expert,69,99,48,92,6244,Low,Expert,27,3,High,3,71,74,Poor,1,1,Reassignment Required
1150,55,28,PhD,Operations,High,58,59,30,66,1830,Low,Low,15,8,Low,3,95,93,Good,0,4,Optimal
1151,30,1,Diploma,Marketing,Low,80,50,60,85,2605,Medium,Medium,26,7,Critical,9,80,95,Excellent,4,0,Optimal
1152,47,22,Diploma,Finance,High,49,81,33,43,5645,High,Expert,9,2,Low,2,78,80,Good,2,2,Reassignment Required
1153,23,25,Bachelor,Operations,High,90,61,87,58,8937,Medium,Low,8,4,Low,8,62,75,Excellent,2,2,Suboptimal
1154,30,0,Diploma,HR,Expert,81,84,85,61,7852,Low,Expert,8,5,Medium,8,76,91,Average,1,1,Optimal
1155,30,15,PhD,R&D,Medium,83,93,82,99,7516,Low,Medium,3,11,Low,4,89,83,Good,3,0,Optimal
1156,38,22,Master,HR,Low,53,47,72,45,1221,High,Expert,13,8,Low,4,95,72,Good,1,4,Optimal
1157,22,5,Master,IT,Low,79,67,78,91,4951,High,Expert,13,4,Low,2,68,93,Average,4,0,Reassignment Required
1158,46,22,Bachelor,Operations,Low,87,84,89,48,9722,Medium,Medium,12,5,Critical,9,93,99,Excellent,1,4,Suboptimal
1159,46,15,Master,IT,Low,88,80,45,50,7493,Low,Medium,15,8,Low,8,88,86,Excellent,2,0,Optimal
1160,56,13,Diploma,Finance,Medium,59,69,89,61,5117,Medium,Expert,14,5,High,6,69,97,Excellent,5,4,Optimal
1161,24,28,Diploma,R&D,Low,43,72,76,86,6408,Medium,Medium,1,10,High,6,68,73,Good,0,4,Suboptimal
1162,58,25,Diploma,IT,Expert,77,72,44,48,1753,Medium,High,2,7,Low,6,99,77,Good,0,2,Reassignment Required
1163,51,2,Diploma,Finance,Expert,83,86,92,68,2188,Low,High,23,3,Critical,2,70,75,Excellent,5,3,Optimal
1164,59,14,Bachelor,HR,Low,99,93,57,82,8108,High,High,4,2,High,6,78,80,Excellent,3,3,Optimal
1165,55,2,Master,IT,Low,89,75,49,97,8487,Low,Low,13,9,Low,3,81,94,Average,4,1,Reassignment Required
1166,33,22,PhD,IT,Medium,78,66,92,49,9600,Medium,High,10,4,Low,6,81,70,Excellent,3,3,Optimal
1167,40,28,Master,Marketing,Medium,44,59,62,73,1796,Low,High,21,8,High,2,75,84,Average,5,1,Reassignment Required
1168,58,1,Diploma,R&D,Low,81,72,65,70,6145,Medium,High,13,5,Critical,6,76,85,Excellent,1,2,Suboptimal
1169,38,0,PhD,R&D,Medium,71,64,42,61,7677,Medium,Medium,1,4,Critical,3,99,71,Excellent,1,1,Suboptimal
1170,31,8,Bachelor,HR,High,45,83,91,85,1860,High,Medium,11,10,High,7,66,82,Excellent,1,3,Reassignment Required
1171,33,8,Diploma,Marketing,Low,98,82,97,43,5171,Medium,Medium,18,7,Low,9,90,81,Poor,4,4,Reassignment Required
1172,37,22,Diploma,Finance,Medium,53,58,52,41,9175,Low,Medium,9,7,Critical,9,63,83,Poor,0,1,Reassignment Required
1173,45,6,PhD,Finance,Expert,45,86,42,44,1365,High,Medium,6,7,Medium,2,88,70,Average,5,3,Suboptimal
1174,40,2,Bachelor,HR,Low,53,60,69,85,2514,High,High,23,4,Low,4,66,80,Excellent,2,3,Suboptimal
1175,29,25,PhD,R&D,Low,51,81,59,54,5936,High,High,13,7,Critical,2,89,73,Poor,2,4,Optimal
1176,52,17,Bachelor,Finance,Expert,66,72,54,58,3934,High,Medium,5,5,Low,5,62,82,Excellent,1,0,Reassignment Required
1177,42,10,Diploma,HR,Expert,93,95,55,77,1498,High,Expert,25,3,Medium,4,84,94,Average,1,3,Reassignment Required
1178,38,6,Master,Finance,Medium,65,42,53,98,2369,Low,Medium,10,4,High,4,93,89,Excellent,1,2,Optimal
1179,44,8,Diploma,Operations,Expert,51,53,68,54,9890,Medium,High,5,5,Medium,9,92,94,Excellent,4,4,Optimal
1180,58,0,Master,IT,High,47,54,90,85,9116,Medium,High,22,2,Low,2,90,75,Poor,2,0,Suboptimal
1181,37,28,Master,R&D,Low,49,72,78,47,9323,Medium,Medium,10,8,High,5,83,74,Excellent,3,4,Optimal
1182,27,13,Bachelor,Operations,High,55,81,70,59,6364,Medium,Low,25,6,Medium,4,97,95,Poor,0,1,Optimal
1183,29,19,PhD,HR,Medium,91,61,99,51,1090,High,Expert,5,10,Critical,7,63,73,Good,3,3,Reassignment Required
1184,46,5,Bachelor,HR,Expert,65,40,49,43,1471,Medium,Medium,20,7,Medium,6,69,82,Poor,0,3,Optimal
1185,39,6,Diploma,Operations,Low,47,70,73,92,7084,Medium,High,28,9,Low,5,84,95,Good,4,4,Reassignment Required
1186,46,9,PhD,IT,Expert,80,86,45,77,5482,High,Expert,21,10,Critical,9,96,87,Poor,0,1,Reassignment Required
1187,33,6,Master,IT,Expert,84,74,50,82,6126,High,Low,11,7,Medium,5,60,82,Good,4,4,Reassignment Required
1188,36,25,Master,Marketing,Medium,68,92,44,94,2111,High,Expert,29,8,Low,7,76,77,Poor,2,2,Optimal
1189,47,1,Diploma,Finance,Medium,59,59,68,93,1597,Medium,Medium,5,7,High,7,66,88,Excellent,0,3,Optimal
1190,47,29,PhD,Marketing,Medium,56,71,71,78,8618,High,High,5,7,Medium,2,73,84,Poor,1,3,Reassignment Required
1191,53,3,Diploma,IT,Medium,58,94,90,96,2354,High,High,17,3,High,2,60,98,Good,1,2,Suboptimal
1192,31,20,Diploma,Operations,Low,56,93,33,75,8877,Low,High,21,6,Critical,2,65,70,Good,4,0,Suboptimal
1193,37,29,Bachelor,Finance,High,78,51,53,97,3389,Low,Expert,5,7,High,5,98,80,Average,2,3,Reassignment Required
1194,28,27,Diploma,Operations,High,99,90,32,54,5075,Medium,Medium,1,11,Low,3,69,85,Excellent,4,4,Suboptimal
1195,38,16,PhD,Marketing,Low,40,55,30,40,1463,High,Medium,13,6,Critical,2,80,79,Excellent,3,0,Optimal
1196,44,0,Diploma,HR,Expert,98,98,42,70,2072,Medium,Expert,4,5,Medium,3,62,76,Average,3,0,Reassignment Required
1197,47,9,PhD,Operations,Low,91,47,83,48,6446,Low,Expert,8,7,High,4,78,77,Good,3,4,Optimal
1198,42,18,Master,Marketing,High,68,95,69,62,1473,Low,Low,20,7,Critical,6,87,92,Poor,1,2,Suboptimal
1199,43,14,Diploma,Marketing,High,53,53,40,91,5983,High,High,23,9,Critical,7,61,89,Average,5,0,Suboptimal
1200,28,9,PhD,Marketing,Low,56,57,71,65,1938,Medium,Expert,6,9,Medium,6,86,85,Average,3,3,Optimal
1201,35,18,Master,HR,Medium,52,94,33,79,2310,Low,High,15,11,Medium,3,91,93,Average,0,1,Suboptimal
1202,36,11,PhD,HR,Expert,68,69,54,83,8191,High,Low,15,2,Medium,7,71,79,Average,3,0,Suboptimal
1203,28,23,Master,HR,Low,73,72,65,78,3340,Medium,Medium,21,3,Medium,5,60,73,Average,1,2,Optimal
1204,30,15,Bachelor,Finance,High,66,73,93,99,4520,High,High,16,2,High,8,99,81,Good,0,4,Optimal
1205,29,8,Diploma,HR,Medium,85,95,73,57,5056,High,Expert,9,11,Critical,6,88,90,Average,2,3,Optimal
1206,44,14,Diploma,HR,Expert,72,83,69,72,2086,Low,Expert,29,8,Medium,3,68,85,Good,4,1,Optimal
1207,50,29,Master,HR,High,68,88,74,80,8697,Medium,Low,24,9,Critical,2,77,93,Good,4,0,Suboptimal
1208,39,26,Bachelor,Operations,Expert,76,73,37,78,8104,Low,High,5,4,Critical,3,95,98,Poor,5,2,Optimal
1209,52,27,PhD,HR,Medium,78,99,64,53,7732,Medium,Medium,26,4,Low,4,75,87,Average,0,1,Reassignment Required
1210,51,16,Bachelor,Finance,High,58,88,73,97,1259,Medium,Medium,23,8,Low,7,94,85,Average,5,1,Suboptimal
1211,56,13,PhD,Marketing,Medium,85,92,47,40,2656,High,Expert,16,9,Medium,3,95,82,Poor,0,3,Suboptimal
1212,39,26,PhD,Operations,Low,63,46,76,52,7290,High,Low,27,7,Medium,2,63,85,Excellent,5,3,Optimal
1213,38,17,Diploma,IT,Low,53,45,54,91,6913,Medium,Expert,25,9,Low,8,99,95,Excellent,4,0,Suboptimal
1214,35,25,Master,HR,Expert,86,45,70,54,8973,High,Expert,7,3,Critical,3,94,84,Average,4,0,Optimal
1215,52,1,Diploma,Marketing,Medium,76,61,34,76,1591,Low,Expert,3,8,Medium,2,78,77,Excellent,0,1,Suboptimal
1216,45,3,Diploma,Marketing,Medium,44,47,93,44,6867,Medium,Expert,10,6,High,7,65,84,Average,4,2,Optimal
1217,56,17,Diploma,Operations,Expert,92,76,91,53,6577,Low,Low,27,7,Medium,2,90,90,Excellent,5,1,Suboptimal
1218,55,6,PhD,IT,Expert,63,54,32,53,1228,High,Expert,16,8,Medium,4,86,90,Good,2,2,Reassignment Required
1219,24,12,Diploma,R&D,Expert,73,65,66,85,2624,Medium,High,21,10,High,9,62,76,Excellent,3,3,Optimal
1220,58,14,PhD,Finance,Low,89,78,70,44,8090,High,Expert,12,8,Medium,4,95,89,Excellent,5,2,Optimal
1221,47,24,Master,R&D,Expert,70,42,49,50,4979,Low,Expert,9,2,Critical,6,95,88,Good,3,2,Reassignment Required
1222,44,22,PhD,Marketing,Low,69,96,96,71,1739,Medium,Medium,16,6,High,8,61,98,Poor,2,3,Optimal
1223,36,27,PhD,R&D,Expert,99,49,69,90,7521,High,Medium,9,5,High,2,96,91,Good,3,4,Suboptimal
1224,25,21,Bachelor,Marketing,Medium,95,42,37,44,4174,Low,Low,24,9,Low,2,74,83,Excellent,3,1,Suboptimal
1225,50,25,Diploma,R&D,Medium,48,69,34,75,6049,Low,Low,29,8,Critical,8,96,75,Average,3,0,Suboptimal
1226,43,0,Diploma,Marketing,Expert,66,85,54,54,3647,High,High,22,5,Low,9,82,82,Average,1,2,Reassignment Required
1227,46,10,Diploma,Marketing,Expert,67,61,68,92,7436,Medium,Expert,23,4,Critical,8,65,95,Excellent,5,0,Reassignment Required
1228,34,9,Diploma,Operations,Low,81,42,66,46,6386,High,Medium,7,7,Medium,2,92,81,Poor,5,0,Suboptimal
1229,39,24,Bachelor,IT,High,65,40,34,44,5571,Medium,High,11,9,Low,9,64,91,Average,2,1,Reassignment Required
1230,54,4,Bachelor,Marketing,Low,57,72,37,69,7594,Low,High,17,4,Medium,6,80,76,Poor,5,4,Optimal
1231,37,15,Bachelor,Finance,Medium,75,58,33,54,8480,Low,Low,24,6,Medium,5,87,89,Average,4,4,Reassignment Required
1232,23,10,Bachelor,Finance,Expert,47,75,70,69,2185,Low,Medium,22,11,Low,4,80,72,Poor,0,4,Optimal
1233,56,20,Diploma,HR,Medium,57,73,89,53,1589,High,Expert,23,2,Low,4,83,72,Average,2,4,Suboptimal
1234,55,5,PhD,Marketing,High,59,96,83,63,5217,High,Low,10,11,Medium,2,87,72,Average,2,3,Suboptimal
1235,51,8,Master,Marketing,Low,97,70,51,63,8648,High,High,15,11,Medium,9,70,84,Average,5,0,Suboptimal
1236,34,12,Bachelor,Marketing,Medium,71,82,48,74,2135,Low,High,10,9,Critical,6,81,85,Average,1,0,Reassignment Required
1237,34,23,PhD,R&D,Low,68,63,97,44,4420,Medium,Medium,27,8,Medium,9,93,82,Excellent,1,3,Suboptimal
1238,39,7,Bachelor,Marketing,Expert,88,51,62,51,1001,High,Medium,2,9,High,2,96,85,Average,3,1,Reassignment Required
1239,53,13,Diploma,Marketing,Medium,87,52,51,59,1891,High,Expert,16,3,Medium,4,76,71,Poor,1,2,Suboptimal
1240,53,23,Diploma,Finance,High,57,55,94,85,8882,High,Medium,7,8,Medium,7,74,75,Poor,4,4,Optimal
1241,56,0,PhD,IT,Low,46,55,40,44,9062,Low,Medium,24,5,Medium,6,88,86,Good,4,4,Reassignment Required
1242,50,16,PhD,IT,Low,40,90,45,95,4553,Medium,Low,28,3,Low,3,93,75,Poor,3,3,Optimal
1243,50,23,PhD,HR,High,67,94,97,75,7069,Medium,Low,21,10,Low,4,81,93,Average,1,4,Optimal
1244,37,4,Diploma,Finance,Medium,72,91,73,60,7957,Medium,Expert,15,6,High,3,86,91,Poor,3,3,Optimal
1245,31,24,Diploma,Marketing,Medium,89,92,38,87,5204,High,Low,17,8,Medium,5,97,87,Average,0,2,Suboptimal
1246,51,1,Master,IT,Low,43,59,91,78,9471,High,Expert,22,5,Critical,3,74,92,Average,1,0,Optimal
1247,46,24,PhD,Operations,High,94,80,44,42,6784,Medium,Low,13,11,Critical,6,80,81,Good,1,4,Optimal
1248,41,27,Master,Operations,Low,59,87,35,68,2698,Low,High,19,5,Medium,3,63,88,Excellent,1,1,Optimal
1249,26,29,Bachelor,Operations,Low,92,66,30,93,3884,Medium,Low,21,4,Medium,5,77,94,Poor,1,3,Reassignment Required
1250,22,23,Master,Marketing,Expert,91,78,49,64,4579,High,Expert,25,2,Medium,4,66,81,Poor,4,2,Reassignment Required
1251,51,8,Bachelor,Marketing,Medium,75,52,65,66,8195,Medium,Low,23,3,Medium,5,75,96,Average,5,1,Reassignment Required
1252,24,3,Bachelor,HR,Medium,96,43,31,75,3251,Medium,Medium,8,10,Medium,6,94,93,Poor,3,0,Reassignment Required
1253,35,16,Master,HR,Expert,70,71,99,91,5640,Medium,High,22,2,Low,9,71,91,Poor,4,1,Reassignment Required
1254,51,16,PhD,HR,Medium,77,84,31,61,3356,Low,Low,9,6,High,7,66,86,Excellent,3,3,Reassignment Required
1255,25,20,Bachelor,R&D,Medium,67,79,32,77,4414,High,High,19,3,Low,7,69,71,Poor,0,4,Reassignment Required
1256,39,17,PhD,Operations,Medium,42,73,36,74,6708,High,High,17,5,Critical,9,60,83,Average,1,0,Suboptimal
1257,58,15,Diploma,Marketing,High,45,78,93,40,3078,Medium,High,10,8,Low,3,71,97,Excellent,2,3,Reassignment Required
1258,46,29,Bachelor,Operations,Expert,84,82,70,42,5195,High,High,14,6,Low,3,86,82,Poor,4,2,Optimal
1259,22,7,Diploma,HR,Low,62,56,83,63,3714,Low,Medium,29,2,High,6,87,93,Average,5,1,Suboptimal
1260,36,25,Master,Marketing,High,46,63,70,47,7947,Medium,Medium,28,4,Critical,2,77,75,Average,2,1,Reassignment Required
1261,30,10,PhD,Finance,Low,95,68,34,87,2338,Low,Expert,28,11,Critical,6,60,86,Poor,0,0,Reassignment Required
1262,36,20,Master,IT,Expert,75,85,92,93,4689,Medium,Expert,12,10,Medium,8,82,78,Excellent,2,0,Optimal
1263,45,20,Bachelor,IT,Expert,40,67,30,78,7614,Medium,Expert,27,2,High,8,98,99,Good,0,2,Optimal
1264,25,17,Diploma,HR,Expert,45,84,54,57,1741,Medium,Expert,20,11,Low,6,76,77,Average,4,2,Optimal
1265,33,22,Bachelor,Operations,Medium,63,86,75,80,1733,Low,High,24,5,Low,9,60,83,Poor,0,0,Suboptimal
1266,58,28,Master,Finance,High,76,61,44,42,8839,High,High,22,6,Low,5,97,71,Good,4,3,Suboptimal
1267,58,23,PhD,Marketing,Expert,84,67,98,57,2806,High,High,7,11,Critical,5,63,79,Average,5,3,Suboptimal
1268,27,9,PhD,Operations,Low,90,92,46,55,2753,High,Medium,29,4,Critical,6,74,97,Excellent,4,0,Suboptimal
1269,45,12,Bachelor,HR,Medium,75,64,50,71,8358,High,Medium,9,4,Low,4,80,90,Good,2,1,Optimal
1270,32,16,Bachelor,Operations,Medium,63,80,82,92,6857,Low,High,18,2,Critical,3,80,72,Poor,3,4,Optimal
1271,34,17,Diploma,HR,High,77,42,84,40,2024,High,High,7,7,Medium,9,81,99,Good,5,2,Optimal
1272,55,9,Master,R&D,High,84,96,39,92,6764,High,High,28,5,Low,6,73,86,Good,3,3,Optimal
1273,46,15,Bachelor,IT,High,68,52,86,65,6209,Medium,High,4,9,Low,2,94,76,Average,3,4,Optimal
1274,28,19,Diploma,IT,Medium,76,70,94,91,4554,Low,Medium,23,7,Medium,3,63,94,Average,1,1,Reassignment Required
1275,25,4,Bachelor,Operations,Expert,84,52,66,87,7216,Medium,Low,8,4,Critical,8,94,81,Poor,2,2,Optimal
1276,29,12,PhD,Finance,Low,71,80,36,51,5818,High,Expert,28,8,Low,4,91,96,Excellent,0,3,Optimal
1277,41,17,Diploma,Marketing,Expert,64,57,69,77,5566,Medium,Expert,18,4,Medium,6,87,76,Average,3,3,Reassignment Required
1278,50,16,Diploma,HR,Low,49,76,79,99,6325,High,Low,29,10,High,7,71,72,Good,2,1,Suboptimal
1279,31,8,Bachelor,Marketing,Expert,74,82,30,60,7894,Medium,Medium,15,9,Medium,4,89,75,Good,1,1,Optimal
1280,55,13,Master,IT,High,94,73,49,80,8082,Low,Medium,7,4,Low,7,68,72,Poor,2,3,Reassignment Required
1281,47,16,PhD,Finance,Low,64,56,60,92,4368,Medium,Low,8,3,Medium,3,78,73,Average,0,3,Reassignment Required
1282,24,28,Master,Finance,Medium,66,94,97,52,3629,Medium,Expert,28,4,Critical,2,75,85,Excellent,3,4,Reassignment Required
1283,27,3,Diploma,Marketing,Low,84,91,41,95,7942,Medium,Expert,1,5,Low,3,89,84,Average,0,1,Reassignment Required
1284,26,17,Master,IT,Medium,71,60,51,51,9720,Medium,Low,11,4,Low,7,60,70,Poor,1,1,Suboptimal
1285,26,26,Diploma,Marketing,Expert,98,75,30,52,5232,High,Low,10,10,Critical,7,82,71,Excellent,0,4,Suboptimal
1286,44,19,Master,Operations,High,51,93,30,57,7661,Medium,High,5,11,Critical,9,71,70,Average,5,1,Suboptimal
1287,30,23,Bachelor,Finance,Low,43,98,32,58,8877,Low,Low,25,3,Critical,3,64,95,Good,1,0,Optimal
1288,56,23,Master,Finance,Medium,81,89,50,58,7275,Medium,Low,2,9,High,7,79,87,Poor,0,2,Reassignment Required
1289,41,14,Diploma,Operations,Expert,65,95,42,90,2719,Low,Expert,22,8,Low,6,62,73,Excellent,1,0,Optimal
1290,56,10,PhD,IT,High,42,91,90,45,4487,Medium,High,2,2,Low,8,61,75,Excellent,2,1,Reassignment Required
1291,39,11,PhD,Finance,High,56,79,42,87,9175,High,High,19,7,Low,8,79,80,Average,2,4,Reassignment Required
1292,38,8,PhD,R&D,High,48,58,62,46,6844,Low,Expert,16,7,Medium,3,61,99,Excellent,2,3,Suboptimal
1293,45,12,Diploma,R&D,Expert,68,51,35,46,9751,Low,Expert,11,10,Low,6,99,81,Good,5,1,Suboptimal
1294,24,14,Master,R&D,Expert,40,67,54,67,7475,Medium,Medium,14,11,Low,6,94,77,Excellent,5,3,Optimal
1295,53,26,PhD,HR,Expert,57,50,52,94,6869,High,High,22,9,Critical,7,63,99,Poor,2,2,Reassignment Required
1296,56,14,PhD,HR,High,80,87,55,67,7462,High,Low,5,8,Critical,7,95,83,Good,0,0,Reassignment Required
1297,59,27,PhD,IT,Low,92,76,33,58,2800,Low,High,4,8,Critical,8,99,79,Good,5,2,Optimal
1298,34,4,Bachelor,Operations,Medium,59,67,64,55,6075,Medium,Medium,23,6,Low,8,65,94,Average,4,3,Suboptimal
1299,46,22,Diploma,Marketing,Expert,96,74,54,56,5262,High,Low,19,3,Critical,4,73,95,Good,1,2,Reassignment Required
1300,30,18,Diploma,IT,Low,80,83,49,61,1146,High,Medium,29,11,High,7,74,92,Excellent,1,3,Reassignment Required
1301,25,25,Diploma,Marketing,Medium,73,54,30,58,4828,High,Expert,10,6,Critical,8,96,73,Excellent,4,0,Reassignment Required
1302,35,19,Diploma,IT,High,90,55,97,87,3117,Medium,Medium,23,2,High,2,92,84,Average,1,3,Suboptimal
1303,58,25,Diploma,HR,Low,67,84,52,68,6447,Medium,Expert,28,11,Medium,9,78,99,Excellent,1,0,Suboptimal
1304,55,24,Bachelor,R&D,High,87,46,51,87,6014,Low,Medium,9,7,High,9,71,85,Excellent,2,1,Optimal
1305,32,25,Master,Operations,Medium,74,86,91,58,6947,Medium,Expert,18,3,High,9,68,83,Good,1,3,Suboptimal
1306,24,25,Bachelor,HR,Expert,55,42,30,86,1318,High,High,5,2,Medium,6,78,84,Average,1,2,Suboptimal
1307,49,13,PhD,Operations,High,60,70,88,74,6749,Low,Expert,17,2,High,5,91,92,Average,3,4,Optimal
1308,50,27,Bachelor,Marketing,Low,52,51,97,86,1254,Medium,High,23,2,Low,7,87,86,Excellent,1,2,Optimal
1309,30,16,Diploma,IT,Expert,74,47,48,64,6057,High,Expert,18,5,Low,7,87,96,Excellent,4,4,Reassignment Required
1310,24,17,Bachelor,Finance,Low,81,64,59,99,9526,High,Medium,27,6,Critical,9,90,81,Poor,1,2,Suboptimal
1311,46,20,Diploma,Finance,Medium,93,83,30,87,5393,Low,Medium,21,6,Critical,9,95,99,Average,4,3,Optimal
1312,55,2,Bachelor,Operations,Medium,71,89,77,59,2044,Low,Medium,1,2,Critical,4,72,99,Good,5,1,Optimal
1313,33,1,Diploma,R&D,Expert,89,74,48,76,2791,Medium,Expert,14,7,Critical,6,92,82,Excellent,1,3,Reassignment Required
1314,30,0,PhD,R&D,Low,77,51,81,58,3519,Medium,Expert,27,4,Low,8,77,83,Poor,4,0,Suboptimal
1315,36,9,Diploma,Operations,Low,45,94,51,81,1961,Low,Medium,14,5,Critical,6,88,95,Poor,1,1,Reassignment Required
1316,46,18,Bachelor,HR,Low,89,60,79,52,4749,Low,High,14,6,High,4,98,80,Good,5,3,Suboptimal
1317,26,16,PhD,Finance,Low,77,65,95,86,5565,High,Expert,1,5,Medium,3,67,80,Excellent,1,1,Optimal
1318,32,11,Bachelor,HR,Medium,77,94,35,51,8516,Medium,High,4,5,High,6,81,75,Good,3,0,Reassignment Required
1319,55,0,PhD,Marketing,Low,93,41,93,88,3814,High,Expert,23,11,Medium,9,60,70,Excellent,5,4,Suboptimal
1320,45,11,Master,Finance,Medium,99,53,50,54,1589,Low,Medium,7,2,Low,2,90,93,Poor,3,1,Optimal
1321,36,16,Master,Marketing,Low,52,85,48,99,2988,Low,High,24,3,Medium,6,79,89,Excellent,1,1,Reassignment Required
1322,59,23,Master,IT,Low,85,43,66,43,4865,Low,Low,12,3,Critical,4,95,77,Poor,3,0,Reassignment Required
1323,29,2,Bachelor,HR,High,92,56,92,54,3989,Medium,Expert,13,3,Low,5,82,77,Average,0,3,Optimal
1324,26,10,Bachelor,Operations,High,78,86,58,56,6665,Low,High,25,11,Critical,4,76,99,Poor,5,4,Suboptimal
1325,47,16,PhD,Finance,Low,52,87,89,66,5541,Low,Medium,15,2,High,9,69,99,Good,0,1,Suboptimal
1326,39,22,PhD,HR,Medium,86,44,63,50,2960,Medium,High,20,11,High,4,68,87,Poor,5,1,Reassignment Required
1327,27,25,PhD,Operations,Low,51,63,30,94,9846,Low,Low,2,9,Critical,9,76,91,Excellent,2,1,Optimal
1328,58,2,PhD,IT,High,92,88,77,62,2078,Medium,Low,26,2,Medium,2,62,82,Good,5,1,Suboptimal
1329,34,7,Diploma,Finance,Low,98,94,50,54,4074,Low,High,28,9,High,3,92,95,Good,2,0,Suboptimal
1330,49,19,Master,Marketing,High,72,46,63,91,6029,Medium,Low,14,2,Medium,9,60,83,Average,0,1,Suboptimal
1331,26,3,Diploma,IT,Low,67,62,55,70,8386,Medium,Expert,12,11,High,8,79,99,Average,5,4,Reassignment Required
1332,34,20,Diploma,R&D,Expert,96,86,65,92,5756,Medium,Low,13,4,Critical,2,61,84,Average,2,0,Reassignment Required
1333,38,21,Diploma,Operations,Low,42,56,52,65,7375,Medium,High,14,10,Critical,8,75,73,Good,1,1,Reassignment Required
1334,53,6,Diploma,Finance,Medium,57,51,76,46,5695,High,High,29,9,High,2,68,88,Good,1,4,Suboptimal
1335,50,13,Master,Finance,High,65,50,73,52,1919,Medium,Expert,26,3,High,6,73,82,Excellent,2,2,Optimal
1336,24,13,Diploma,IT,Expert,93,90,49,93,2758,Medium,Expert,3,5,Medium,5,60,78,Good,0,2,Optimal
1337,55,3,PhD,Finance,High,79,50,56,52,2831,Medium,High,25,9,Medium,4,94,85,Average,4,4,Optimal
1338,48,15,Bachelor,Operations,High,41,73,90,91,4278,Medium,Medium,27,10,Medium,2,77,97,Poor,5,1,Reassignment Required
1339,34,23,PhD,IT,Medium,43,86,66,59,1359,Low,Expert,13,8,Critical,8,60,95,Excellent,1,1,Suboptimal
1340,54,28,Bachelor,Marketing,Low,89,76,81,73,8586,Low,Medium,8,2,High,2,64,97,Excellent,5,0,Suboptimal
1341,27,21,PhD,IT,Medium,67,89,91,49,4810,Medium,Low,16,9,Low,9,70,78,Poor,3,1,Optimal
1342,45,29,PhD,IT,Low,67,68,95,89,2440,Medium,Low,6,2,Medium,7,97,71,Excellent,4,0,Suboptimal
1343,40,0,Bachelor,Marketing,Expert,64,92,53,99,2719,High,Expert,11,10,Low,3,83,90,Average,3,1,Optimal
1344,37,16,Master,R&D,Medium,65,92,41,91,6672,Medium,Expert,29,9,Critical,3,98,95,Average,1,3,Reassignment Required
1345,49,24,Diploma,Operations,Medium,84,87,45,76,1555,Medium,High,15,5,Medium,7,91,79,Excellent,2,3,Optimal
1346,54,9,PhD,R&D,High,86,75,65,91,3297,Medium,Low,19,11,Medium,9,75,76,Excellent,3,4,Reassignment Required
1347,34,21,Master,R&D,Medium,41,66,31,90,2535,Low,Expert,26,5,Low,5,62,78,Excellent,5,3,Suboptimal
1348,46,15,Diploma,R&D,Low,81,94,91,66,7282,Medium,High,24,5,Low,9,67,77,Good,0,2,Suboptimal
1349,57,15,Master,HR,Medium,73,81,93,73,6085,Medium,Medium,29,7,High,4,91,95,Good,3,2,Reassignment Required
1350,48,25,Master,R&D,Medium,69,61,58,75,2961,High,High,2,3,Low,2,81,89,Good,0,0,Suboptimal
1351,59,7,Diploma,HR,Expert,60,41,60,55,9142,Low,Low,11,5,Critical,6,76,88,Poor,4,2,Reassignment Required
1352,28,28,PhD,Marketing,Low,83,86,44,98,9203,High,High,20,5,Medium,7,86,70,Poor,4,1,Optimal
1353,26,6,Master,Operations,High,76,75,84,60,1979,Medium,High,20,9,Low,3,62,70,Average,2,0,Reassignment Required
1354,52,27,PhD,R&D,Low,83,87,62,55,1272,High,Expert,9,3,Critical,2,85,94,Excellent,0,3,Optimal
1355,44,5,PhD,Finance,Expert,62,69,81,56,8257,Medium,High,24,9,Low,6,94,89,Excellent,5,3,Suboptimal
1356,31,15,PhD,Marketing,Low,72,98,49,54,6144,Medium,Low,23,11,Low,2,72,77,Excellent,2,2,Optimal
1357,53,19,Diploma,HR,Low,99,46,67,52,5633,Low,High,4,3,Low,5,76,73,Average,3,2,Optimal
1358,51,15,Bachelor,Operations,Medium,41,96,32,72,9110,High,High,23,10,High,9,89,97,Good,2,1,Suboptimal
1359,52,6,PhD,IT,Medium,66,96,83,93,2688,Medium,Low,17,10,Medium,9,88,91,Poor,5,3,Suboptimal
1360,39,8,Bachelor,Operations,Low,87,51,95,44,2595,High,Medium,27,7,Medium,7,73,73,Poor,3,2,Optimal
1361,57,13,Bachelor,Operations,Low,98,42,47,66,4242,Low,Medium,24,11,Medium,5,89,84,Average,4,3,Reassignment Required
1362,23,10,Master,R&D,High,61,56,36,91,5683,Medium,Low,8,6,High,6,96,71,Excellent,2,3,Optimal
1363,35,25,PhD,R&D,Expert,73,80,64,40,8614,Low,Medium,25,8,Low,3,97,86,Excellent,5,2,Suboptimal
1364,34,25,PhD,HR,Medium,55,71,89,83,6839,High,High,25,9,Medium,7,68,77,Poor,4,3,Reassignment Required
1365,50,13,PhD,HR,Medium,59,47,53,69,6786,High,Expert,16,9,Medium,5,91,85,Good,3,2,Optimal
1366,33,6,Bachelor,R&D,Medium,65,62,68,62,6129,High,Low,1,4,Low,3,63,75,Poor,0,4,Suboptimal
1367,23,0,Diploma,R&D,Medium,55,77,41,54,3845,Medium,High,10,4,Medium,6,65,70,Good,1,2,Reassignment Required
1368,53,25,Bachelor,Finance,Low,45,69,82,75,9448,Medium,Expert,7,6,Low,7,60,74,Good,3,3,Suboptimal
1369,34,24,PhD,Finance,Low,84,54,93,58,7138,Medium,High,15,6,High,8,84,88,Good,3,4,Reassignment Required
1370,48,12,PhD,Marketing,High,83,49,33,69,1309,Low,Low,1,3,Medium,6,99,87,Good,1,3,Optimal
1371,38,19,PhD,R&D,Medium,62,94,34,55,6334,High,High,22,6,Medium,2,97,72,Excellent,1,3,Reassignment Required
1372,52,2,Bachelor,IT,Medium,81,98,45,94,8197,High,Low,16,2,Low,9,62,71,Poor,4,4,Reassignment Required
1373,55,19,PhD,Finance,Low,76,96,56,57,2176,High,High,21,8,Critical,6,80,95,Poor,3,1,Optimal
1374,45,3,Master,HR,High,47,77,33,65,7183,Low,Expert,27,8,High,2,73,71,Good,3,4,Reassignment Required
1375,56,28,PhD,Operations,Low,45,54,77,56,4097,Medium,Expert,2,2,Medium,3,89,70,Average,2,3,Optimal
1376,27,25,Diploma,Marketing,Medium,76,69,37,50,2724,Low,Expert,29,4,Low,8,61,72,Excellent,1,3,Suboptimal
1377,40,10,Master,Finance,Medium,91,85,75,91,3628,High,Medium,3,9,High,7,81,88,Average,5,1,Suboptimal
1378,51,1,PhD,Operations,Expert,61,65,73,84,7144,High,High,15,10,Low,8,72,73,Good,0,4,Suboptimal
1379,28,13,Master,Operations,Expert,45,90,96,95,2350,Low,High,24,4,Critical,2,84,72,Good,3,2,Optimal
1380,31,11,PhD,Finance,Expert,93,84,81,68,8725,Medium,Expert,18,7,Medium,7,70,77,Average,2,3,Optimal
1381,53,29,Diploma,IT,High,71,53,63,93,1619,Medium,Low,15,7,Critical,3,69,81,Poor,0,4,Optimal
1382,55,16,PhD,IT,Low,56,42,91,48,3548,High,Medium,27,7,Medium,5,96,98,Poor,4,0,Optimal
1383,49,11,Master,Marketing,Medium,77,75,50,88,6243,Low,High,4,6,Critical,3,84,73,Average,5,3,Suboptimal
1384,36,25,Diploma,IT,Medium,56,65,53,56,1977,Medium,High,3,7,Medium,8,94,83,Good,2,2,Optimal
1385,51,11,Bachelor,Marketing,High,76,53,73,66,6543,Low,Medium,28,7,Low,4,78,79,Excellent,0,3,Suboptimal
1386,58,0,Diploma,HR,Medium,62,70,70,76,6853,High,Medium,7,11,High,2,87,86,Good,3,4,Reassignment Required
1387,50,12,Diploma,Finance,Medium,88,53,58,61,4772,High,Expert,24,7,Medium,9,69,99,Poor,2,1,Reassignment Required
1388,43,13,Diploma,Operations,Low,88,97,35,47,3533,High,Medium,20,9,Medium,5,74,87,Poor,1,0,Suboptimal
1389,25,23,Master,Marketing,Expert,52,79,85,42,9669,High,Expert,22,7,Low,3,91,76,Good,0,2,Reassignment Required
1390,41,29,Diploma,IT,Expert,71,49,43,77,2894,Medium,Medium,19,4,Critical,6,62,82,Poor,3,3,Suboptimal
1391,53,1,PhD,Marketing,High,61,48,79,74,6351,High,Medium,23,8,Medium,8,83,91,Average,2,2,Optimal
1392,57,11,Diploma,R&D,Expert,46,85,81,71,3040,Medium,High,8,7,Critical,9,69,94,Average,5,1,Suboptimal
1393,25,25,Diploma,Marketing,Expert,61,79,30,47,2565,Medium,Expert,7,10,Low,2,89,82,Poor,0,0,Optimal
1394,48,20,PhD,IT,High,60,82,41,83,5125,Low,Medium,4,5,Medium,3,92,91,Good,4,2,Reassignment Required
1395,38,27,PhD,R&D,High,45,81,53,98,5268,High,Medium,10,2,High,5,84,71,Average,4,4,Suboptimal
1396,33,15,Bachelor,R&D,Expert,53,57,66,66,3839,Medium,High,28,7,Medium,7,98,77,Poor,1,4,Optimal
1397,43,3,Diploma,IT,Low,55,75,99,71,1467,Low,Low,25,10,Low,8,98,94,Poor,2,2,Suboptimal
1398,38,7,Master,R&D,High,42,75,32,75,4388,Low,High,10,9,Critical,8,84,90,Excellent,2,0,Suboptimal
1399,31,1,Diploma,Finance,Medium,48,51,56,73,9176,High,Expert,15,3,Medium,6,97,91,Good,1,3,Suboptimal
1400,22,9,Diploma,Operations,High,86,89,82,99,7540,High,Low,24,4,Low,7,71,89,Poor,2,4,Reassignment Required
1401,43,8,PhD,Finance,Medium,60,79,46,64,8247,Low,Medium,22,9,Low,2,63,80,Average,4,3,Optimal
1402,47,22,Bachelor,Finance,High,89,42,44,70,3743,Medium,Expert,18,10,Low,8,87,71,Poor,4,3,Reassignment Required
1403,39,14,Diploma,IT,High,69,57,68,81,6642,High,Low,10,9,Critical,5,79,81,Good,1,2,Optimal
1404,35,12,Master,IT,Expert,69,46,33,86,2026,Low,Expert,23,11,Critical,8,69,74,Poor,3,4,Suboptimal
1405,50,22,Diploma,Operations,Expert,99,70,46,52,5631,Low,High,9,2,High,6,90,90,Average,1,2,Reassignment Required
1406,33,16,Master,Marketing,Expert,81,40,40,95,9792,Medium,Low,25,4,High,7,78,99,Average,4,1,Optimal
1407,57,29,PhD,Finance,Low,81,70,41,54,4592,Medium,Low,25,9,Medium,4,61,85,Poor,1,3,Optimal
1408,56,15,Bachelor,R&D,Expert,71,93,61,93,1987,Low,Low,9,2,Low,6,63,99,Excellent,4,0,Reassignment Required
1409,33,27,Diploma,Operations,Expert,62,52,56,90,9797,Medium,Medium,22,8,High,7,74,70,Good,3,3,Optimal
1410,28,1,Bachelor,Finance,High,42,68,73,89,8238,High,High,16,5,Critical,2,97,81,Average,4,0,Optimal
1411,50,19,Diploma,Marketing,High,40,42,72,52,3747,Low,Low,17,8,Low,4,92,74,Good,5,2,Suboptimal
1412,32,19,Master,R&D,Low,42,68,78,91,9330,Medium,Expert,16,5,Medium,3,77,70,Good,2,4,Optimal
1413,54,26,Bachelor,Finance,Medium,96,74,72,91,6650,Medium,Medium,6,9,Low,4,99,72,Average,0,3,Optimal
1414,27,13,Diploma,HR,High,76,54,32,72,5225,Medium,High,5,7,High,4,91,96,Poor,3,1,Reassignment Required
1415,36,2,PhD,Operations,High,46,60,58,70,5496,Medium,High,7,11,High,4,91,94,Good,0,3,Optimal
1416,53,22,Master,IT,Medium,42,58,64,64,9833,Low,High,13,11,Low,8,72,73,Poor,3,0,Suboptimal
1417,32,11,Bachelor,Finance,Low,75,67,77,87,1436,Medium,High,8,9,Critical,8,75,78,Excellent,3,0,Reassignment Required
1418,44,7,Diploma,R&D,High,88,43,68,97,2423,High,Medium,1,2,Low,6,92,91,Excellent,3,0,Reassignment Required
1419,47,1,Bachelor,R&D,Expert,42,84,53,79,4721,High,High,10,10,Low,9,93,86,Good,5,4,Optimal
1420,55,3,Diploma,Operations,Low,94,52,49,62,6674,Low,Expert,20,10,Low,9,73,81,Average,3,1,Reassignment Required
1421,55,13,Master,Operations,Medium,43,54,44,77,9249,Low,Expert,20,7,Low,4,61,88,Good,4,1,Reassignment Required
1422,50,15,PhD,R&D,Medium,70,90,47,42,2136,High,Expert,29,10,Low,4,72,98,Poor,2,0,Reassignment Required
1423,25,18,Master,R&D,Expert,41,87,89,91,9891,High,Low,1,7,Critical,8,88,72,Poor,4,1,Suboptimal
1424,38,1,Bachelor,R&D,Expert,53,78,70,55,2145,Low,High,27,7,Medium,3,93,99,Good,4,1,Suboptimal
1425,56,11,Bachelor,Finance,Expert,76,71,98,41,6579,High,Expert,20,5,Medium,4,76,89,Good,5,2,Optimal
1426,34,28,Diploma,R&D,Low,70,42,40,62,5495,High,High,23,4,High,7,62,79,Good,2,1,Suboptimal
1427,36,13,Master,IT,Medium,92,69,85,73,7499,Low,Medium,14,4,Critical,6,89,89,Excellent,5,0,Optimal
1428,50,5,Diploma,R&D,Expert,41,97,47,69,7242,Low,Expert,15,3,Low,5,63,77,Average,3,4,Reassignment Required
1429,50,12,Master,IT,Expert,70,59,41,86,9299,Medium,Low,6,5,Critical,8,90,72,Poor,2,2,Suboptimal
1430,32,3,Bachelor,Finance,Medium,86,41,45,49,5945,Medium,Low,20,10,Medium,5,64,80,Excellent,0,1,Suboptimal
1431,53,21,Diploma,Operations,High,82,89,56,40,2992,High,Medium,2,8,Low,6,61,84,Excellent,2,2,Suboptimal
1432,23,17,Diploma,IT,Low,61,64,46,61,5122,Low,Expert,28,4,Critical,9,63,89,Good,4,3,Suboptimal
1433,35,11,Master,Finance,High,49,50,60,91,1805,Medium,Medium,29,9,High,6,97,97,Poor,3,2,Reassignment Required
1434,41,19,PhD,R&D,Expert,91,40,64,86,2992,High,Low,7,10,Medium,4,86,81,Poor,4,2,Reassignment Required
1435,43,26,Master,Finance,Low,69,87,56,95,8496,High,Low,24,2,Low,6,86,72,Poor,0,2,Suboptimal
1436,32,21,PhD,R&D,High,72,88,61,72,4600,High,High,25,2,Low,4,74,76,Poor,5,1,Reassignment Required
1437,48,29,Master,Finance,Medium,58,87,46,64,5010,High,Medium,25,10,Low,9,98,91,Good,5,2,Reassignment Required
1438,24,20,Bachelor,Operations,Expert,85,49,40,61,9275,Low,Low,20,10,Low,2,97,70,Excellent,3,4,Reassignment Required
1439,38,18,Diploma,IT,Low,64,56,30,55,5358,High,Expert,19,8,Low,3,73,79,Excellent,1,1,Optimal
1440,49,7,Master,Operations,Low,97,69,78,69,6315,Medium,Expert,5,4,Low,3,77,86,Excellent,5,0,Suboptimal
1441,50,6,Bachelor,HR,Low,94,74,70,57,4320,Low,Low,22,5,Critical,3,88,75,Excellent,4,3,Optimal
1442,42,15,Master,R&D,Low,93,89,49,63,8549,High,Medium,28,8,High,8,66,88,Poor,4,0,Optimal
1443,37,18,Diploma,IT,Expert,85,58,66,44,3505,Medium,Medium,29,10,Critical,2,97,94,Poor,2,1,Reassignment Required
1444,58,5,Master,Operations,Expert,40,85,45,92,8828,Medium,Expert,8,9,Critical,3,83,81,Average,3,0,Optimal
1445,41,19,PhD,IT,Medium,71,92,68,76,8885,Low,Low,3,9,Low,4,97,98,Good,5,3,Reassignment Required
1446,27,26,Diploma,HR,Medium,64,96,74,94,3456,Low,Expert,13,2,Low,7,65,97,Poor,5,2,Reassignment Required
1447,40,20,PhD,Marketing,Medium,80,73,93,62,8248,Low,Medium,6,7,Critical,5,79,71,Poor,5,0,Optimal
1448,26,10,Bachelor,R&D,High,56,71,76,81,8868,Medium,Low,21,7,Medium,9,95,81,Good,5,1,Suboptimal
1449,24,4,Bachelor,R&D,Medium,53,51,52,66,7349,Medium,Expert,29,6,Low,9,69,98,Good,4,4,Suboptimal
1450,22,15,Master,Finance,Expert,84,82,61,94,7963,High,Low,23,2,Low,3,81,88,Poor,0,3,Reassignment Required
1451,59,6,PhD,R&D,High,52,56,78,51,4062,Low,High,14,4,Medium,8,92,78,Excellent,3,0,Optimal
1452,36,26,PhD,R&D,Expert,77,98,48,49,4852,Low,Expert,25,5,Critical,3,82,97,Average,3,4,Suboptimal
1453,55,4,Diploma,Operations,High,78,45,96,73,5990,Low,Expert,7,11,Medium,4,63,75,Average,2,3,Optimal
1454,56,10,PhD,R&D,Medium,41,90,68,95,1387,Low,High,11,8,Low,7,80,86,Good,4,0,Optimal
1455,46,14,PhD,R&D,Medium,71,52,89,72,8037,Medium,Medium,22,6,High,4,72,71,Excellent,4,1,Optimal
1456,45,2,Diploma,HR,Medium,71,78,40,55,7910,Low,Expert,9,3,Medium,3,72,76,Good,1,4,Reassignment Required
1457,33,25,Diploma,HR,High,97,61,78,68,3003,Medium,Expert,10,4,Medium,6,71,75,Average,1,4,Reassignment Required
1458,39,4,PhD,IT,Expert,79,50,44,57,6745,Medium,Medium,20,2,Low,2,83,83,Average,3,0,Reassignment Required
1459,36,22,Master,IT,Low,95,46,90,66,2540,Low,Low,17,7,Medium,8,94,86,Excellent,4,0,Suboptimal
1460,37,20,Diploma,R&D,Expert,45,84,72,46,9641,Medium,High,8,9,Low,9,78,95,Average,5,1,Optimal
1461,48,4,Diploma,R&D,Medium,64,84,44,75,4547,Medium,Medium,22,5,High,5,68,87,Average,2,1,Reassignment Required
1462,29,8,PhD,Finance,High,42,60,34,66,1301,Low,Low,6,3,High,5,72,75,Excellent,4,2,Optimal
1463,46,14,PhD,IT,High,57,40,58,49,8104,Low,High,21,5,Critical,8,81,81,Average,2,0,Optimal
1464,38,2,Diploma,Operations,Medium,89,69,91,49,3019,High,Low,26,11,Low,2,99,75,Good,1,1,Reassignment Required
1465,50,28,PhD,R&D,High,93,58,89,96,5161,Medium,Expert,11,5,High,8,95,91,Good,5,0,Suboptimal
1466,29,5,Diploma,Operations,Medium,94,90,98,50,1229,Medium,High,3,6,Low,3,87,83,Good,0,1,Reassignment Required
1467,36,16,Master,R&D,Expert,77,94,51,96,8710,High,Low,6,4,Medium,3,66,82,Good,5,3,Optimal
1468,48,25,Master,Operations,High,82,86,42,69,2832,High,High,17,10,Medium,3,89,78,Poor,4,1,Optimal
1469,28,20,Diploma,Marketing,Low,42,85,79,42,9242,Low,Low,7,8,Low,3,90,87,Average,5,1,Suboptimal
1470,24,7,Diploma,Operations,High,87,68,76,68,4678,High,Low,6,10,Low,3,70,79,Average,5,3,Reassignment Required
1471,50,20,Bachelor,IT,Medium,44,74,58,53,8496,Low,Expert,21,8,Medium,7,89,79,Good,1,3,Optimal
1472,45,24,Bachelor,R&D,Low,63,98,46,52,5482,Low,Medium,13,11,Low,9,74,96,Average,0,2,Optimal
1473,24,10,PhD,IT,Medium,93,92,49,58,9944,Low,High,14,5,Medium,5,72,83,Poor,0,1,Optimal
1474,41,5,PhD,Operations,High,73,59,35,64,6887,Medium,Expert,19,6,Critical,3,94,78,Poor,1,3,Optimal
1475,36,7,Diploma,HR,Low,86,75,51,49,2478,Medium,High,8,8,Critical,4,94,78,Poor,1,2,Reassignment Required
1476,46,9,Diploma,HR,Low,87,78,38,54,3088,Low,Medium,13,7,Critical,6,79,95,Excellent,1,2,Reassignment Required
1477,51,23,Bachelor,HR,High,78,40,61,67,7040,High,Expert,20,10,Low,3,82,94,Good,2,0,Reassignment Required
1478,35,28,Bachelor,R&D,Low,87,62,62,79,9152,Medium,Medium,9,4,Medium,7,96,78,Average,3,3,Reassignment Required
1479,28,2,Diploma,Finance,Expert,63,70,99,88,3993,Medium,Expert,25,9,High,4,79,72,Poor,3,4,Reassignment Required
1480,38,22,Master,Marketing,Low,75,95,78,77,4340,High,Expert,5,11,High,5,78,95,Poor,3,3,Suboptimal
1481,41,13,Master,Operations,Low,67,90,59,46,3343,Medium,Expert,11,5,Medium,4,77,78,Average,5,3,Reassignment Required
1482,57,22,PhD,Finance,Expert,87,74,45,53,8188,High,Expert,7,10,Medium,2,63,82,Average,2,2,Optimal
1483,30,13,Diploma,HR,Medium,88,91,94,98,2238,High,Low,6,2,Medium,2,67,79,Excellent,1,3,Reassignment Required
1484,59,9,Diploma,Operations,Medium,73,86,43,69,7856,Medium,High,12,6,Medium,4,89,94,Poor,3,3,Suboptimal
1485,43,11,PhD,Finance,Expert,55,84,85,79,6660,High,Low,12,5,Medium,3,79,72,Poor,2,2,Optimal
1486,23,5,Bachelor,IT,Low,75,61,66,51,5339,High,Low,6,6,High,9,67,99,Excellent,2,2,Suboptimal
1487,45,11,Bachelor,HR,High,46,85,78,67,9374,Low,Low,4,7,Critical,3,64,98,Excellent,1,0,Optimal
1488,29,22,Master,Finance,Expert,57,46,79,89,9735,Low,Expert,26,2,Medium,7,93,89,Average,0,0,Optimal
1489,32,13,Diploma,R&D,High,45,72,65,53,3826,Medium,Expert,13,9,Low,3,99,73,Good,2,3,Reassignment Required
1490,34,1,Bachelor,IT,Medium,89,84,81,40,8091,High,Medium,12,4,Critical,7,66,83,Average,4,3,Suboptimal
1491,38,8,Master,HR,Expert,67,75,52,43,1092,Medium,High,15,8,High,9,81,82,Excellent,2,1,Suboptimal
1492,29,9,Master,Marketing,High,78,83,95,88,3415,Medium,Medium,8,8,Medium,4,68,89,Good,0,4,Optimal
1493,42,25,Master,HR,Low,73,46,74,57,5254,Low,Medium,13,10,Low,2,70,76,Excellent,0,1,Reassignment Required
1494,39,16,Bachelor,R&D,Expert,90,66,57,90,9126,High,High,11,8,High,2,71,90,Poor,5,1,Optimal
1495,51,16,Bachelor,Marketing,High,80,41,49,75,5533,Medium,High,11,9,Critical,5,67,76,Excellent,4,3,Suboptimal
1496,39,2,Diploma,Marketing,Expert,68,56,78,71,7516,Medium,Medium,11,5,Critical,8,91,75,Good,3,2,Optimal
1497,52,29,Diploma,Marketing,Expert,43,40,86,67,5401,Low,Medium,26,11,Low,9,76,92,Good,2,2,Reassignment Required
1498,59,18,Master,Operations,Medium,53,97,88,67,4032,Low,Medium,19,5,Medium,7,85,77,Poor,1,4,Suboptimal
1499,53,0,Master,Operations,Medium,44,85,55,77,4289,Low,Expert,21,11,Low,9,92,75,Poor,5,2,Optimal
1500,32,11,Bachelor,Marketing,Low,64,69,48,71,5438,Medium,High,17,9,Low,8,85,94,Good,1,3,Reassignment Required
1501,46,6,Bachelor,IT,Medium,78,61,42,47,7867,High,High,1,5,High,2,81,73,Average,4,2,Suboptimal
1502,54,3,Diploma,Marketing,Medium,47,67,91,64,4234,Low,Low,13,5,Low,9,62,97,Excellent,0,0,Reassignment Required
1503,59,9,Diploma,Finance,Medium,54,92,43,86,6997,Low,Expert,25,11,Low,2,90,74,Average,3,4,Optimal
1504,29,12,PhD,Marketing,High,98,72,40,59,7301,High,Expert,20,4,Critical,6,73,94,Poor,2,2,Suboptimal
1505,32,1,Diploma,Operations,Expert,58,65,96,72,2133,Medium,High,9,4,High,2,77,94,Excellent,2,2,Reassignment Required
1506,43,9,Bachelor,Operations,Medium,98,74,41,69,3062,Medium,Expert,23,5,Medium,4,93,87,Excellent,2,0,Suboptimal
1507,45,20,Master,Finance,High,50,50,64,76,5627,High,Medium,26,3,Critical,7,99,71,Poor,1,1,Optimal
1508,38,21,PhD,Finance,Expert,59,46,68,55,4471,Low,High,24,4,Low,3,76,94,Average,3,3,Optimal
1509,33,24,Diploma,HR,Medium,94,67,61,92,1468,High,High,11,3,Medium,4,71,91,Average,4,2,Reassignment Required
1510,53,3,Diploma,IT,Medium,75,64,43,64,2344,Medium,Expert,9,7,High,7,98,93,Poor,1,0,Suboptimal
1511,36,17,Bachelor,IT,Expert,57,80,94,77,7098,Medium,High,17,4,Critical,3,92,83,Average,0,0,Optimal
1512,37,4,PhD,IT,High,53,70,56,92,4807,Low,Expert,7,3,Medium,3,91,93,Good,3,1,Reassignment Required
1513,43,18,Diploma,R&D,High,97,93,89,81,5736,Low,Expert,8,10,Low,5,80,93,Poor,5,2,Reassignment Required
1514,49,1,Master,Operations,Low,77,42,72,49,5957,High,Expert,2,9,Low,7,73,83,Good,0,1,Reassignment Required
1515,41,11,Bachelor,IT,Expert,64,72,94,44,4345,Medium,Medium,14,6,Medium,9,61,74,Good,2,4,Suboptimal
1516,54,16,PhD,HR,Low,55,90,84,47,1588,Medium,Expert,10,10,Critical,2,66,80,Good,5,0,Optimal
1517,31,9,Diploma,HR,High,57,97,64,98,4883,High,Expert,9,6,Medium,5,74,96,Excellent,1,3,Optimal
1518,53,1,Diploma,IT,Medium,40,73,61,72,1091,Low,Low,28,6,Low,3,90,95,Good,3,0,Suboptimal
1519,54,5,PhD,Finance,Low,79,98,48,76,1457,Medium,Low,1,5,High,8,87,89,Average,5,1,Optimal
1520,23,7,Bachelor,HR,High,40,60,68,40,2884,Medium,Medium,12,4,Critical,6,67,72,Poor,1,3,Reassignment Required
1521,54,28,PhD,Finance,High,40,95,49,70,4121,Low,Medium,14,11,Low,6,66,85,Average,3,3,Reassignment Required
1522,54,18,PhD,Operations,Medium,90,76,57,46,8642,Medium,Expert,19,10,Low,9,95,89,Good,2,0,Suboptimal
1523,34,10,Bachelor,R&D,Expert,60,88,32,86,6611,Low,Low,29,5,Medium,8,69,77,Good,3,3,Reassignment Required
1524,51,24,Diploma,HR,High,99,58,61,62,8952,High,Medium,11,8,Low,7,98,89,Good,2,2,Optimal
1525,54,11,Master,Finance,Low,64,99,87,97,4703,Low,High,9,6,Critical,5,89,84,Good,1,0,Optimal
1526,34,8,Bachelor,IT,Medium,66,76,83,63,5482,Low,High,17,8,Medium,5,99,83,Poor,1,1,Suboptimal
1527,47,1,Master,Operations,Expert,49,94,71,53,2981,High,Expert,20,9,High,2,64,83,Poor,5,4,Reassignment Required
1528,43,7,Diploma,Marketing,Expert,89,60,44,62,5466,Medium,Low,26,9,Low,5,80,77,Excellent,1,1,Optimal
1529,23,25,PhD,Marketing,Expert,51,53,91,98,3231,Medium,High,6,11,Critical,8,65,93,Poor,2,2,Optimal
1530,59,10,Master,IT,High,67,49,60,48,9963,Low,Low,6,7,Critical,5,75,99,Good,0,4,Optimal
1531,47,27,Diploma,Operations,Expert,88,92,90,47,6781,Low,Medium,20,6,High,9,75,70,Excellent,0,4,Reassignment Required
1532,36,20,Diploma,Operations,High,71,46,55,47,9396,High,Low,10,3,Critical,4,83,85,Good,3,1,Optimal
1533,55,3,PhD,Operations,Medium,72,68,98,42,9413,High,Expert,10,9,Critical,5,78,96,Excellent,1,0,Reassignment Required
1534,32,9,PhD,Operations,Medium,47,79,86,97,4315,Medium,Low,26,6,High,7,78,96,Poor,5,0,Optimal
1535,24,20,Diploma,Marketing,Expert,81,47,49,71,6175,Medium,High,26,9,Low,5,96,97,Poor,0,4,Reassignment Required
1536,27,19,Diploma,Finance,Medium,65,78,95,91,2598,High,Low,17,7,Critical,7,92,81,Poor,4,1,Optimal
1537,30,15,Master,Operations,Low,81,52,50,43,5262,Low,Low,21,9,Medium,8,64,83,Excellent,1,1,Reassignment Required
1538,27,7,Diploma,Finance,Low,89,85,89,88,2542,High,Low,14,2,Critical,7,68,78,Average,5,0,Suboptimal
1539,30,3,Diploma,Operations,High,80,58,92,77,9333,Medium,Medium,5,10,Medium,4,80,83,Good,4,2,Suboptimal
1540,52,28,Master,HR,Expert,96,50,80,41,1089,Low,Expert,3,10,Critical,3,66,82,Poor,5,0,Suboptimal
1541,53,9,Bachelor,R&D,High,41,41,68,48,5406,High,High,11,4,Low,7,84,88,Poor,0,0,Optimal
1542,33,11,Master,HR,Medium,74,88,40,85,6490,Medium,High,19,6,Critical,8,80,91,Good,2,2,Reassignment Required
1543,29,28,Master,R&D,Expert,73,45,86,40,4706,Low,Low,20,8,Medium,8,72,99,Average,4,0,Optimal
1544,29,13,PhD,HR,High,45,68,32,88,2209,Low,Low,19,9,Critical,3,80,85,Good,5,4,Reassignment Required
1545,49,15,Master,Operations,Expert,70,80,66,50,5978,Low,Medium,14,8,Medium,4,69,88,Poor,4,4,Reassignment Required
1546,41,21,Diploma,Finance,Expert,62,90,54,68,4224,Low,Expert,15,4,High,2,83,94,Poor,1,4,Optimal
1547,28,17,Diploma,R&D,High,51,44,50,65,5856,Low,High,3,8,Critical,5,86,86,Average,3,4,Reassignment Required
1548,32,20,Diploma,Marketing,Expert,93,80,71,66,8793,High,Expert,3,2,Critical,7,92,92,Excellent,2,4,Suboptimal
1549,41,21,Bachelor,IT,Medium,90,69,30,77,7239,Low,High,23,6,Medium,2,85,74,Average,1,1,Optimal
1550,37,20,Diploma,R&D,Low,67,96,52,68,7853,High,Low,9,10,Medium,6,95,97,Good,5,1,Suboptimal
1551,25,11,Bachelor,R&D,Low,54,78,53,72,2538,Low,Medium,11,3,Low,2,76,72,Poor,1,2,Suboptimal
1552,27,17,Diploma,Marketing,Expert,58,75,76,67,1148,Medium,Medium,15,4,High,8,80,97,Average,0,3,Suboptimal
1553,43,29,Master,Operations,Low,51,66,36,70,9065,Low,Low,29,10,Medium,5,61,96,Poor,3,4,Optimal
1554,47,6,PhD,HR,Expert,89,89,67,58,8699,High,Low,17,4,Low,3,74,92,Excellent,5,3,Suboptimal
1555,24,19,Diploma,HR,High,87,57,76,87,2425,Medium,Low,24,9,Medium,5,61,70,Average,3,3,Optimal
1556,35,23,Bachelor,Finance,Medium,41,91,64,65,2717,Medium,Expert,26,7,High,7,66,91,Average,2,4,Optimal
1557,32,22,Bachelor,Operations,Low,50,88,91,89,3635,High,Low,12,8,High,5,95,76,Poor,2,0,Suboptimal
1558,39,6,PhD,Marketing,High,83,75,32,68,3363,Medium,Expert,17,6,High,5,91,94,Excellent,3,2,Reassignment Required
1559,33,8,Diploma,Operations,Medium,76,99,49,50,4107,High,Low,9,11,High,2,62,94,Poor,4,3,Reassignment Required
1560,44,0,Master,Operations,Low,98,98,73,80,6628,Low,Medium,13,8,Critical,8,62,76,Good,5,0,Optimal
1561,33,25,Diploma,HR,Low,98,93,61,71,2501,Low,Expert,8,11,High,3,92,90,Good,4,0,Suboptimal
1562,34,5,Diploma,Marketing,Medium,95,55,55,60,2451,High,Medium,22,11,High,3,84,92,Excellent,1,4,Optimal
1563,46,5,PhD,IT,High,77,93,77,77,9641,Low,Low,6,4,Low,7,96,96,Good,5,2,Reassignment Required
1564,40,21,Diploma,R&D,High,64,94,34,73,2835,Medium,Low,27,6,High,2,95,86,Poor,3,4,Optimal
1565,57,28,Master,HR,Low,82,44,88,79,6851,Low,High,26,7,Medium,2,94,99,Average,1,2,Optimal
1566,29,11,Bachelor,Marketing,Medium,60,48,90,61,3948,Low,Expert,23,10,Medium,2,78,76,Good,4,4,Reassignment Required
1567,50,21,PhD,Finance,High,81,73,78,87,4935,Medium,Expert,24,5,Medium,6,78,82,Excellent,2,2,Suboptimal
1568,53,11,Master,R&D,Medium,75,73,59,66,7830,Medium,Expert,29,9,Critical,6,92,97,Excellent,5,1,Reassignment Required
1569,39,9,Bachelor,R&D,Medium,48,75,46,99,4709,Low,Expert,7,9,Medium,5,77,98,Poor,3,0,Suboptimal
1570,27,22,PhD,HR,Low,51,70,99,47,2289,Low,Medium,29,11,High,7,86,82,Good,0,0,Suboptimal
1571,39,29,PhD,Finance,Medium,49,91,87,79,1503,Low,Expert,1,7,Critical,9,89,79,Good,1,0,Reassignment Required
1572,40,25,Bachelor,HR,Medium,98,59,92,85,8951,High,Medium,10,9,High,6,90,89,Good,5,2,Optimal
1573,43,5,Bachelor,Operations,Expert,85,56,90,70,6051,High,Low,15,6,Low,8,98,71,Excellent,3,0,Optimal
1574,58,16,Master,Marketing,Medium,44,59,92,40,4097,Low,Medium,29,2,High,2,62,75,Excellent,0,1,Reassignment Required
1575,53,18,Diploma,Finance,High,72,67,44,78,3147,Low,Expert,14,5,Medium,2,81,76,Excellent,1,1,Suboptimal
1576,24,17,Diploma,R&D,Low,44,60,30,73,5520,Medium,Medium,4,7,Low,2,69,96,Average,4,3,Reassignment Required
1577,49,5,Diploma,HR,Low,55,96,42,86,2897,Low,Expert,4,10,Low,3,67,82,Poor,1,0,Optimal
1578,31,23,Diploma,R&D,Medium,76,58,77,98,4716,Low,Medium,29,5,Low,7,93,98,Average,2,4,Optimal
1579,56,18,Diploma,Finance,Medium,76,42,63,63,9842,High,High,9,7,Low,8,77,92,Excellent,5,4,Suboptimal
1580,50,9,Master,R&D,High,68,69,59,67,2210,High,Expert,15,11,Critical,3,71,77,Good,1,4,Reassignment Required
1581,36,23,PhD,HR,Expert,57,44,48,89,3187,High,Medium,12,6,High,6,91,90,Good,1,1,Optimal
1582,54,7,Master,HR,Low,68,81,93,43,9058,Medium,Expert,9,10,Low,8,61,82,Average,5,3,Reassignment Required
1583,28,20,Master,IT,Expert,45,45,95,57,4820,Low,Low,3,11,Critical,4,76,95,Excellent,5,3,Reassignment Required
1584,33,23,Master,R&D,High,92,42,86,68,1368,High,Medium,27,7,Critical,4,71,80,Excellent,3,1,Reassignment Required
1585,51,5,PhD,IT,Low,57,88,73,62,3843,Medium,Medium,15,4,Critical,2,66,79,Excellent,3,3,Suboptimal
1586,42,20,Master,IT,High,71,81,41,76,4450,Low,High,25,3,High,3,74,98,Good,4,4,Optimal
1587,52,24,Master,R&D,Medium,99,63,69,66,4518,Low,Expert,21,4,Low,9,61,96,Good,2,4,Suboptimal
1588,45,29,PhD,Finance,High,81,83,53,55,7644,Medium,Medium,11,7,High,7,86,93,Excellent,2,1,Optimal
1589,41,6,Master,Operations,Medium,86,40,40,84,4860,Low,High,6,11,Critical,5,85,73,Average,4,4,Optimal
1590,58,23,Diploma,HR,Expert,70,89,95,66,2144,Medium,High,15,9,Critical,6,84,79,Poor,0,2,Reassignment Required
1591,25,0,Bachelor,Marketing,Low,95,90,30,48,4126,Medium,High,7,9,High,3,71,86,Good,1,4,Reassignment Required
1592,49,26,Master,IT,Low,93,93,87,44,8660,High,Expert,19,6,Critical,2,76,97,Good,3,0,Optimal
1593,41,17,Bachelor,Finance,Expert,50,91,57,98,1017,Medium,Expert,14,2,Critical,2,60,77,Poor,5,1,Reassignment Required
1594,45,23,Master,R&D,Medium,65,75,97,47,6999,High,Medium,4,2,Medium,4,90,89,Excellent,5,1,Reassignment Required
1595,53,27,Master,Finance,Low,67,54,88,57,2656,Low,Expert,21,8,Critical,7,99,74,Average,4,3,Reassignment Required
1596,57,24,Diploma,Finance,High,66,80,51,74,2596,High,Expert,1,3,High,8,64,98,Average,5,3,Suboptimal
1597,55,19,PhD,R&D,Medium,58,77,58,45,2287,Medium,Low,24,5,Low,7,87,89,Excellent,4,3,Suboptimal
1598,57,11,Bachelor,Marketing,Low,96,83,98,82,1267,High,Expert,27,11,Low,2,87,84,Good,3,0,Optimal
1599,23,15,PhD,R&D,High,84,57,74,62,1434,Low,Low,23,6,High,8,67,92,Excellent,3,4,Reassignment Required
1600,36,9,Diploma,Marketing,High,66,62,99,85,3035,High,Medium,13,9,High,2,73,79,Good,5,1,Reassignment Required
1601,55,26,Diploma,R&D,Low,98,86,46,65,3497,Low,High,11,11,Critical,5,65,88,Average,0,4,Reassignment Required
1602,57,9,Bachelor,IT,Expert,59,68,68,95,7440,Medium,Low,28,10,High,6,77,87,Good,2,3,Suboptimal
1603,27,13,PhD,Marketing,Expert,42,90,69,90,7037,High,Medium,29,2,High,9,96,95,Average,3,1,Optimal
1604,33,24,Diploma,IT,Low,55,80,57,78,8806,Low,Low,18,10,Critical,5,69,81,Average,4,3,Reassignment Required
1605,24,19,Master,Marketing,High,78,61,31,63,4208,Low,Expert,23,6,Medium,8,94,71,Average,1,0,Suboptimal
1606,39,9,Master,Marketing,Expert,83,63,56,49,2613,High,Medium,28,5,Medium,4,94,76,Good,0,1,Suboptimal
1607,42,9,Master,R&D,Expert,68,84,50,54,9910,High,High,9,11,Critical,3,76,80,Excellent,1,3,Reassignment Required
1608,36,25,PhD,Marketing,Expert,54,87,36,77,8164,High,Low,21,6,Medium,7,86,84,Average,5,3,Reassignment Required
1609,54,24,Master,IT,Medium,69,52,90,59,3231,High,Expert,11,10,Medium,4,83,81,Excellent,1,3,Suboptimal
1610,56,10,Master,R&D,Expert,79,72,81,68,7463,High,Medium,6,9,Critical,7,69,79,Poor,5,0,Suboptimal
1611,47,22,Diploma,HR,Low,94,89,77,45,9932,Low,Expert,16,11,Medium,2,76,82,Poor,5,4,Optimal
1612,29,1,Diploma,IT,Low,88,61,48,87,6695,Medium,Medium,5,6,High,6,92,91,Average,2,4,Suboptimal
1613,57,24,Master,HR,Medium,40,74,41,48,9996,Low,Low,1,11,Medium,2,92,71,Poor,1,4,Suboptimal
1614,51,19,Master,Finance,Medium,68,56,31,90,5512,High,Medium,22,6,Medium,6,76,93,Average,4,0,Optimal
1615,44,7,Diploma,R&D,Low,92,61,46,89,8960,High,Low,14,2,High,6,77,99,Good,4,4,Suboptimal
1616,35,29,Bachelor,Finance,Medium,69,44,32,44,5886,Medium,Medium,23,10,High,9,97,84,Good,3,4,Suboptimal
1617,35,22,PhD,R&D,Expert,79,64,50,87,4771,High,Expert,21,4,Low,6,66,91,Good,2,0,Optimal
1618,23,28,PhD,R&D,High,85,45,80,78,7023,Medium,Expert,19,2,Critical,3,85,77,Excellent,3,1,Optimal
1619,58,6,Diploma,IT,High,71,92,39,58,6904,High,Low,6,6,Low,4,60,75,Average,1,3,Reassignment Required
1620,26,7,PhD,HR,High,49,56,84,44,4512,Low,High,28,11,Low,8,70,73,Average,4,3,Suboptimal
1621,59,0,Diploma,R&D,Low,66,70,65,59,9103,Medium,Low,12,4,Medium,7,69,77,Excellent,3,0,Reassignment Required
1622,35,20,Diploma,HR,Medium,90,56,80,50,2844,Low,Expert,27,7,High,7,90,89,Excellent,4,4,Optimal
1623,46,1,Diploma,R&D,High,47,98,46,94,4924,High,Medium,7,8,Low,3,84,91,Poor,5,2,Suboptimal
1624,41,17,Diploma,HR,Expert,90,72,90,89,5881,Low,High,10,5,Critical,8,60,74,Poor,3,4,Optimal
1625,23,14,Bachelor,Finance,Expert,75,78,42,99,1534,Low,Expert,10,5,Low,3,62,89,Good,0,2,Suboptimal
1626,27,0,Master,IT,Expert,81,93,94,66,8577,Low,High,28,3,Medium,3,60,92,Excellent,2,3,Reassignment Required
1627,38,4,Master,R&D,Medium,94,87,77,68,6730,Medium,Low,25,3,Low,5,66,77,Excellent,3,0,Suboptimal
1628,46,1,Bachelor,Operations,High,74,76,99,46,9476,Medium,Expert,13,8,High,5,73,83,Excellent,1,4,Optimal
1629,49,19,PhD,HR,Expert,75,87,76,99,8987,Medium,Low,7,6,High,5,82,91,Average,4,0,Suboptimal
1630,23,2,PhD,HR,Medium,87,43,39,89,9695,Low,Expert,19,6,Critical,8,76,86,Poor,4,4,Reassignment Required
1631,56,18,Master,Operations,Expert,95,82,86,42,5141,Low,Expert,1,3,Low,3,73,92,Excellent,2,4,Reassignment Required
1632,58,17,PhD,IT,High,75,53,42,44,8936,High,Low,15,8,High,2,68,89,Good,5,4,Reassignment Required
1633,26,28,Master,HR,High,64,52,90,94,9728,Medium,Expert,14,3,Low,8,80,71,Average,2,2,Optimal
1634,22,21,Master,IT,High,59,66,87,52,9253,High,High,13,6,Low,5,61,88,Excellent,0,0,Suboptimal
1635,33,17,Bachelor,HR,High,91,63,97,55,6861,Low,High,7,6,High,5,91,95,Poor,5,3,Suboptimal
1636,57,13,PhD,Marketing,High,84,66,58,93,6201,Medium,Low,12,4,High,8,67,73,Excellent,5,1,Optimal
1637,44,29,Bachelor,HR,Expert,92,47,45,51,3383,High,Medium,8,3,Medium,8,95,83,Poor,3,2,Reassignment Required
1638,52,23,Master,Marketing,High,56,92,92,78,9402,Low,High,15,4,Medium,3,85,76,Poor,0,3,Optimal
1639,32,7,Master,R&D,Expert,62,91,76,66,3447,Low,Expert,27,6,Critical,4,96,94,Poor,3,0,Suboptimal
1640,31,28,Master,IT,High,64,86,72,93,5804,Low,Low,17,7,Critical,2,74,85,Good,5,1,Suboptimal
1641,24,29,Diploma,HR,Expert,87,89,52,84,4269,Medium,Medium,21,5,Critical,6,93,79,Good,3,1,Suboptimal
1642,35,11,Diploma,Finance,High,99,78,59,99,9568,Medium,Low,12,8,Low,8,80,80,Poor,2,0,Suboptimal
1643,37,20,Diploma,Finance,Expert,96,60,86,72,7964,High,High,28,3,Critical,6,82,91,Average,2,2,Suboptimal
1644,31,9,Bachelor,Operations,High,88,90,59,54,8062,Low,Expert,13,7,High,7,68,95,Excellent,3,4,Reassignment Required
1645,50,22,Master,Finance,Medium,70,96,96,60,4498,Medium,High,8,10,Critical,8,99,74,Average,5,4,Optimal
1646,31,19,PhD,Marketing,Expert,45,80,85,83,3847,Medium,Low,10,11,Low,2,85,94,Average,5,4,Reassignment Required
1647,33,16,Bachelor,Finance,Medium,74,50,53,56,8658,Low,Expert,7,6,Medium,9,81,81,Excellent,5,3,Suboptimal
1648,51,10,Bachelor,Finance,Expert,91,70,37,94,8446,Low,Medium,2,5,Low,3,72,93,Good,5,0,Reassignment Required
1649,22,1,Bachelor,Finance,Expert,95,66,73,91,9083,High,High,29,10,High,8,84,93,Average,2,2,Optimal
1650,26,25,PhD,HR,Expert,43,81,63,76,9978,High,Low,29,7,Critical,4,66,93,Average,5,0,Suboptimal
1651,41,25,Master,Operations,Low,79,85,64,88,1732,High,Expert,16,5,Critical,4,86,84,Excellent,5,1,Reassignment Required
1652,29,3,Diploma,IT,High,59,87,79,95,6063,Medium,Low,29,2,High,9,74,93,Average,3,3,Optimal
1653,33,0,Master,Operations,Medium,80,66,46,54,8313,Medium,Medium,4,10,Critical,6,71,93,Average,2,2,Reassignment Required
1654,22,14,Master,Marketing,Medium,93,47,31,59,8236,Medium,Medium,6,11,Medium,4,92,79,Good,1,1,Reassignment Required
1655,41,12,Bachelor,HR,Expert,40,72,83,58,3699,Medium,High,7,4,Low,6,80,95,Average,3,4,Optimal
1656,49,7,Bachelor,R&D,Medium,84,51,73,40,3158,Medium,Medium,23,7,Low,7,84,92,Poor,5,4,Suboptimal
1657,58,24,Bachelor,HR,Medium,65,74,78,43,4664,Low,Medium,19,2,High,5,99,71,Good,4,4,Reassignment Required
1658,58,3,Diploma,Finance,Medium,73,73,31,42,8811,High,High,28,7,Medium,9,81,87,Excellent,1,0,Suboptimal
1659,33,9,Diploma,Finance,Medium,94,55,99,47,9153,High,Low,24,4,High,7,73,80,Excellent,0,1,Optimal
1660,58,18,Diploma,Marketing,Low,49,75,38,80,5619,High,High,23,4,High,3,67,74,Excellent,5,2,Suboptimal
1661,49,17,Master,R&D,Expert,62,41,30,83,3193,High,High,4,8,Medium,4,83,75,Average,2,1,Reassignment Required
1662,36,4,Bachelor,HR,Medium,90,51,98,44,5563,Low,Expert,10,10,High,3,62,82,Excellent,0,2,Reassignment Required
1663,27,29,PhD,R&D,Low,88,66,38,48,4006,Medium,Medium,29,7,Low,5,71,94,Poor,4,3,Optimal
1664,41,18,Master,IT,Low,63,95,43,40,5044,Medium,Medium,4,2,Critical,2,81,86,Good,2,3,Reassignment Required
1665,35,25,Diploma,Operations,Expert,52,56,56,94,2210,Medium,Low,20,10,Low,2,75,96,Poor,0,2,Reassignment Required
1666,23,22,PhD,HR,High,68,59,38,82,2986,High,Medium,5,6,Critical,2,66,85,Excellent,1,1,Optimal
1667,30,26,PhD,R&D,High,97,60,65,69,4170,High,Low,14,3,Critical,6,77,92,Average,0,2,Suboptimal
1668,58,21,Bachelor,IT,High,85,69,32,46,8473,Low,Expert,11,4,Low,6,82,92,Average,2,2,Suboptimal
1669,41,15,PhD,IT,Medium,66,81,52,61,2748,Low,Low,2,6,High,2,85,93,Excellent,1,4,Suboptimal
1670,47,0,Diploma,Operations,Expert,70,59,59,59,1757,Medium,Low,9,3,Medium,5,97,98,Excellent,4,2,Suboptimal
1671,50,11,Bachelor,IT,High,82,47,48,68,1918,Medium,Expert,22,4,Critical,7,61,70,Excellent,5,4,Reassignment Required
1672,22,23,PhD,Marketing,Medium,49,57,96,66,9897,Medium,High,12,9,Medium,9,61,97,Average,0,4,Suboptimal
1673,56,1,Bachelor,IT,Expert,70,96,79,64,7054,Medium,Expert,24,7,Medium,8,81,82,Poor,3,2,Optimal
1674,27,20,PhD,R&D,Medium,78,57,77,85,5929,Medium,Medium,27,3,Critical,6,97,79,Good,2,0,Optimal
1675,58,24,Master,Marketing,High,49,57,32,74,3861,Medium,Medium,1,3,Medium,7,87,82,Excellent,3,1,Suboptimal
1676,26,7,Master,IT,High,63,41,95,66,5494,High,Expert,22,2,Medium,7,76,89,Poor,3,2,Reassignment Required
1677,54,17,Diploma,Finance,Low,72,51,56,50,2807,Low,Low,15,8,High,2,77,95,Poor,0,3,Optimal
1678,35,24,Master,IT,Low,53,71,69,56,3649,Low,Expert,6,7,Medium,3,61,90,Poor,3,2,Optimal
1679,33,15,Master,Marketing,Expert,74,81,47,70,5423,High,Medium,24,7,Low,2,94,87,Excellent,5,2,Reassignment Required
1680,41,4,Master,IT,Medium,84,47,56,57,2295,Medium,Expert,29,6,Critical,8,74,87,Average,1,3,Optimal
1681,45,25,PhD,IT,Medium,73,90,40,58,3442,Medium,Low,17,4,High,2,74,96,Poor,5,4,Suboptimal
1682,55,29,PhD,IT,High,56,49,68,89,8639,Medium,Medium,21,9,Low,8,93,73,Poor,4,4,Suboptimal
1683,46,21,Bachelor,Marketing,High,60,50,48,77,3595,Low,High,15,4,Medium,3,74,72,Poor,4,0,Suboptimal
1684,50,12,PhD,IT,Expert,71,53,36,68,6137,Low,Expert,14,6,Medium,9,77,85,Good,3,2,Reassignment Required
1685,52,18,Master,Operations,Low,42,65,86,54,2072,Medium,Expert,19,9,Low,7,72,98,Poor,2,2,Optimal
1686,44,28,PhD,R&D,High,97,86,31,46,5075,Medium,Expert,22,4,Low,9,97,76,Poor,3,1,Optimal
1687,59,2,Diploma,Operations,Medium,54,69,67,76,4942,High,Expert,9,6,High,6,67,99,Average,2,4,Reassignment Required
1688,41,25,Bachelor,Marketing,High,47,95,34,76,2771,Medium,Medium,26,7,Medium,7,75,76,Poor,5,2,Suboptimal
1689,44,7,Bachelor,Finance,Low,71,94,65,46,6675,High,Low,3,2,Medium,3,79,71,Poor,4,1,Suboptimal
1690,37,26,PhD,Operations,Medium,77,81,97,61,2017,Medium,High,25,3,Medium,8,85,85,Excellent,1,0,Reassignment Required
1691,29,25,Master,R&D,Low,65,43,86,51,4692,Medium,Expert,28,8,Low,6,94,74,Average,2,1,Optimal
1692,42,25,Bachelor,HR,Expert,69,78,49,47,9710,Medium,Medium,25,10,Medium,5,76,90,Poor,4,4,Suboptimal
1693,22,11,Diploma,R&D,Expert,48,50,34,96,3351,High,Expert,15,11,Critical,6,85,99,Poor,0,4,Suboptimal
1694,29,1,Diploma,Operations,Low,96,63,53,57,3772,High,High,17,5,Critical,8,77,77,Good,3,0,Optimal
1695,50,10,Bachelor,HR,Medium,71,93,59,67,1911,High,Expert,2,6,High,8,66,77,Good,5,2,Suboptimal
1696,53,11,Master,Marketing,Low,50,61,57,57,1973,Low,Low,27,5,High,4,94,80,Poor,2,1,Optimal
1697,59,27,Master,R&D,High,61,42,82,70,4102,Low,Expert,4,4,Low,6,71,98,Good,1,2,Optimal
1698,26,17,PhD,Finance,High,73,76,80,56,8462,Medium,Expert,14,11,Critical,4,60,89,Poor,3,2,Suboptimal
1699,43,12,PhD,HR,Low,80,97,36,62,2800,High,Expert,11,3,Low,6,84,79,Excellent,5,2,Suboptimal
1700,55,4,Bachelor,HR,High,57,41,71,50,1808,High,Low,27,4,High,8,75,70,Good,5,3,Optimal
1701,22,21,PhD,R&D,Low,58,51,64,54,6438,Medium,Medium,12,3,Low,3,74,75,Excellent,5,0,Reassignment Required
1702,47,11,PhD,Operations,High,93,60,63,69,6133,Medium,Low,23,9,Low,9,70,97,Poor,4,2,Reassignment Required
1703,31,1,PhD,HR,Low,57,44,83,91,9761,Medium,Medium,16,2,Medium,6,96,76,Good,5,0,Suboptimal
1704,51,4,Diploma,Marketing,High,76,46,58,70,1969,Medium,Low,12,6,High,9,98,86,Poor,4,2,Optimal
1705,39,6,PhD,R&D,Medium,57,43,39,96,5079,High,Low,2,2,Medium,2,62,93,Average,4,1,Optimal
1706,38,25,Bachelor,Marketing,Medium,51,82,56,45,2879,Low,Expert,7,6,High,6,98,85,Excellent,2,1,Optimal
1707,47,25,Master,R&D,High,43,93,42,51,4319,High,Low,21,4,Medium,3,79,83,Average,5,0,Reassignment Required
1708,29,23,PhD,Marketing,Low,86,80,71,62,5705,Low,Medium,26,10,High,3,82,94,Excellent,0,2,Suboptimal
1709,33,11,Master,Operations,High,82,75,66,78,7611,Medium,Medium,23,2,High,6,74,93,Poor,0,0,Suboptimal
1710,48,15,PhD,R&D,Expert,66,98,90,79,1387,Low,Medium,28,11,Critical,8,77,72,Good,4,0,Reassignment Required
1711,29,22,Bachelor,Finance,Expert,90,61,50,75,9067,High,Medium,25,2,High,6,98,78,Average,3,3,Optimal
1712,46,7,Diploma,Operations,Low,44,68,32,74,6957,High,Low,25,9,Low,6,94,79,Good,1,2,Reassignment Required
1713,25,29,Bachelor,Marketing,High,45,99,37,42,3489,High,Expert,3,4,Critical,7,88,72,Good,3,3,Reassignment Required
1714,54,27,Diploma,R&D,High,52,48,99,81,8509,High,High,3,8,Medium,7,79,81,Average,2,2,Suboptimal
1715,22,8,PhD,Operations,Medium,62,65,46,95,9707,High,Medium,13,11,Low,5,74,73,Average,0,4,Reassignment Required
1716,40,14,PhD,Marketing,Low,81,51,39,67,6937,High,Low,7,6,Low,9,91,81,Good,1,4,Optimal
1717,52,4,Diploma,IT,Expert,95,87,42,54,4844,Medium,Expert,5,3,High,8,71,91,Poor,4,3,Reassignment Required
1718,37,12,Bachelor,IT,Expert,64,40,41,52,3890,Low,Low,21,8,High,9,71,92,Average,4,4,Optimal
1719,35,4,Bachelor,HR,Low,85,47,95,58,2442,Medium,Medium,5,8,Low,9,84,82,Poor,2,3,Reassignment Required
1720,26,10,Diploma,Finance,Expert,43,72,52,79,1722,Low,Medium,25,4,Critical,9,93,93,Poor,2,4,Optimal
1721,47,9,PhD,IT,Low,91,91,94,57,9947,Low,Expert,20,7,Low,4,67,76,Average,5,3,Suboptimal
1722,49,19,Diploma,Marketing,Expert,94,90,81,70,3250,Low,Low,22,6,Low,6,83,88,Poor,2,4,Suboptimal
1723,23,12,PhD,Operations,Expert,71,43,90,76,2908,High,Medium,6,2,High,6,60,96,Excellent,2,0,Reassignment Required
1724,27,8,Diploma,R&D,Low,83,53,55,60,3586,High,Medium,13,2,High,4,84,96,Poor,4,0,Suboptimal
1725,30,20,PhD,Operations,Low,54,94,44,78,9577,High,High,7,3,High,2,93,87,Poor,4,0,Reassignment Required
1726,54,13,Diploma,HR,Expert,65,68,51,44,7126,Low,High,2,8,Medium,5,73,96,Poor,2,2,Optimal
1727,46,17,Master,Operations,Expert,81,53,94,96,7773,Low,Medium,22,4,Low,5,95,87,Good,4,1,Optimal
1728,34,14,PhD,IT,Medium,50,48,55,90,9190,Low,High,29,10,Low,9,65,99,Poor,2,3,Suboptimal
1729,30,9,Bachelor,Operations,High,48,48,50,96,5087,Medium,High,9,4,Medium,9,68,97,Poor,1,1,Reassignment Required
1730,34,23,Diploma,IT,Low,50,65,53,56,6078,High,Medium,19,11,Low,2,60,98,Poor,2,0,Optimal
1731,52,6,Bachelor,IT,Low,41,88,45,58,9142,High,Low,2,5,Low,4,68,78,Poor,5,3,Reassignment Required
1732,32,7,Diploma,Finance,High,84,86,61,43,4318,High,Low,13,9,Low,8,83,76,Good,2,3,Suboptimal
1733,25,27,Bachelor,HR,Medium,66,81,45,93,4038,Medium,Low,8,5,Critical,4,98,76,Good,1,2,Reassignment Required
1734,55,2,Bachelor,Marketing,Expert,93,56,71,65,1768,Medium,Expert,16,8,Medium,3,77,90,Good,0,1,Suboptimal
1735,59,14,Diploma,IT,Expert,97,80,61,63,6557,Medium,Low,1,6,Medium,4,98,82,Average,3,1,Reassignment Required
1736,25,15,Diploma,R&D,Medium,65,43,79,78,6262,Low,Expert,11,7,Low,7,77,75,Average,2,4,Suboptimal
1737,59,3,Bachelor,HR,Medium,47,99,70,95,1196,Medium,Expert,8,9,High,8,87,76,Good,1,3,Reassignment Required
1738,40,20,Bachelor,Marketing,High,60,85,53,93,3307,Low,High,21,5,Low,5,61,82,Average,1,0,Reassignment Required
1739,27,5,Bachelor,R&D,High,60,42,42,77,2389,Low,Expert,25,7,Low,8,96,94,Good,4,4,Reassignment Required
1740,55,0,PhD,Operations,Expert,47,68,39,85,7739,High,Expert,25,11,Critical,7,95,95,Poor,5,4,Suboptimal
1741,39,3,PhD,HR,Medium,40,64,71,93,6311,High,Expert,20,3,Critical,9,83,89,Good,2,3,Reassignment Required
1742,34,10,Master,R&D,Medium,77,60,70,58,4558,Medium,Expert,1,10,High,3,94,75,Good,5,4,Suboptimal
1743,44,11,PhD,HR,Expert,97,51,32,69,3990,Low,High,21,10,Critical,6,65,86,Average,1,3,Optimal
1744,40,25,PhD,HR,Expert,52,93,84,65,6997,Low,Medium,7,11,Low,6,76,92,Good,5,3,Reassignment Required
1745,32,28,Diploma,Operations,Expert,48,40,45,91,7253,Low,Expert,25,11,Low,6,89,89,Excellent,0,4,Reassignment Required
1746,22,4,Master,Operations,Expert,67,40,73,50,7233,High,Medium,26,7,Critical,9,67,87,Poor,0,0,Suboptimal
1747,45,22,Master,HR,Expert,45,84,59,93,5667,High,Low,25,7,Critical,9,69,89,Good,3,4,Reassignment Required
1748,28,28,PhD,R&D,High,86,85,66,78,5402,High,Low,9,11,Medium,3,75,77,Good,4,1,Reassignment Required
1749,46,20,Diploma,Finance,Expert,62,87,89,42,7205,High,Medium,22,8,Low,5,97,87,Good,5,3,Optimal
1750,42,15,Diploma,IT,Medium,87,46,53,91,7988,High,Medium,2,5,High,4,85,84,Good,4,0,Reassignment Required
1751,36,12,Master,Operations,Low,75,49,55,61,2992,High,Low,21,8,Critical,3,90,70,Average,4,2,Reassignment Required
1752,22,12,Diploma,Finance,High,99,54,87,56,5059,Medium,High,19,11,Critical,8,67,70,Average,2,2,Optimal
1753,33,16,Bachelor,Operations,Medium,97,79,38,50,8203,Medium,High,28,2,Medium,5,94,76,Excellent,5,4,Suboptimal
1754,28,26,PhD,HR,Low,56,50,90,86,7893,Medium,Expert,6,8,Medium,8,93,85,Average,0,2,Optimal
1755,36,6,Bachelor,Finance,High,48,95,48,78,4144,Medium,High,27,2,Critical,9,69,92,Excellent,2,1,Optimal
1756,42,7,Master,R&D,Expert,51,85,57,86,7882,Low,High,5,9,High,9,99,89,Excellent,1,4,Reassignment Required
1757,40,12,Master,R&D,High,61,84,36,66,8470,High,Expert,13,11,High,4,71,83,Good,3,4,Reassignment Required
1758,50,22,Diploma,Marketing,Expert,90,62,74,88,3674,High,Expert,10,7,Critical,2,86,97,Excellent,5,0,Suboptimal
1759,46,26,Diploma,IT,Expert,91,52,92,82,5548,Medium,High,27,2,Medium,5,78,90,Poor,3,3,Suboptimal
1760,54,15,Master,IT,Expert,97,66,66,68,2552,Low,Medium,1,2,Low,7,85,98,Average,2,4,Suboptimal
1761,53,29,Master,Operations,Low,51,80,45,99,7014,Medium,Expert,26,5,Low,7,74,81,Excellent,5,4,Optimal
1762,56,28,Bachelor,IT,High,93,56,34,51,2392,High,Medium,26,8,Medium,2,90,74,Poor,3,4,Optimal
1763,59,3,Bachelor,Marketing,Expert,45,89,58,52,9572,Medium,Low,28,6,Low,8,96,76,Average,2,0,Optimal
1764,47,7,Diploma,R&D,Medium,83,90,81,97,6338,Low,Expert,18,6,Medium,6,77,81,Poor,4,4,Suboptimal
1765,32,15,Bachelor,Finance,High,48,52,52,50,1648,High,Medium,27,9,High,8,88,88,Good,1,3,Suboptimal
1766,56,20,Diploma,Finance,Medium,91,51,35,70,7394,Low,Expert,21,3,Low,6,86,74,Good,4,3,Reassignment Required
1767,29,9,Diploma,R&D,Low,76,68,65,50,5660,Medium,Expert,14,5,Critical,5,97,76,Average,3,4,Optimal
1768,35,24,PhD,HR,Low,92,60,86,96,1820,High,Expert,12,5,Critical,7,79,97,Excellent,1,0,Reassignment Required
1769,31,11,Diploma,R&D,High,42,59,62,97,1471,Low,Expert,6,9,Low,2,80,96,Poor,0,2,Suboptimal
1770,23,11,Bachelor,Finance,Low,73,59,78,80,9054,Low,Medium,14,7,Critical,3,88,76,Good,2,4,Reassignment Required
1771,30,25,Master,Operations,Low,47,70,70,82,1121,Low,Medium,17,11,Medium,4,74,82,Excellent,1,4,Optimal
1772,24,4,Master,Marketing,High,49,47,84,96,6445,High,Medium,7,10,Medium,6,81,94,Good,5,1,Suboptimal
1773,42,15,Bachelor,R&D,Medium,86,63,55,75,8695,High,Low,3,11,Critical,6,82,89,Good,2,0,Optimal
1774,47,0,Master,HR,Expert,80,50,66,41,5876,Medium,Expert,17,10,Low,6,63,86,Excellent,1,3,Suboptimal
1775,29,27,Diploma,Operations,High,81,78,46,62,3795,Medium,Expert,23,5,Low,6,83,99,Average,3,0,Optimal
1776,23,8,Master,R&D,High,82,72,61,75,5216,High,Medium,23,11,Low,7,73,74,Excellent,4,0,Reassignment Required
1777,27,11,Bachelor,Operations,Expert,48,81,57,53,3186,Low,Medium,10,8,High,5,96,83,Poor,5,4,Suboptimal
1778,49,4,Master,R&D,Medium,53,54,54,76,3134,High,Expert,3,4,Low,7,80,80,Average,3,1,Optimal
1779,50,21,Diploma,Operations,Expert,76,43,76,88,3177,High,Expert,16,7,Low,5,98,89,Poor,5,4,Suboptimal
1780,47,19,Diploma,IT,Expert,66,40,51,66,3299,High,Low,6,2,Medium,2,72,88,Average,5,0,Suboptimal
1781,46,21,Bachelor,Operations,Medium,80,71,90,51,6981,High,Expert,4,6,High,9,78,92,Good,0,4,Optimal
1782,33,27,Bachelor,IT,Medium,71,50,73,97,2383,Medium,Medium,20,7,Medium,3,85,94,Excellent,5,0,Reassignment Required
1783,26,23,Bachelor,Finance,Expert,43,69,49,68,5142,Medium,Low,9,6,Critical,2,95,73,Poor,3,3,Suboptimal
1784,55,2,PhD,IT,Expert,41,76,79,45,2968,Low,High,29,8,Critical,7,92,91,Average,1,4,Optimal
1785,58,4,PhD,Operations,High,90,58,76,83,7644,High,High,7,5,Low,7,99,86,Good,0,4,Suboptimal
1786,36,1,Diploma,Marketing,Medium,72,90,76,86,3472,High,Expert,16,6,High,3,75,86,Good,1,3,Reassignment Required
1787,57,13,PhD,Marketing,Low,60,75,80,62,6494,Medium,Medium,6,5,Critical,5,78,72,Excellent,4,4,Reassignment Required
1788,36,1,PhD,Finance,Medium,40,73,84,90,6906,Medium,Expert,12,10,Low,6,96,83,Excellent,5,0,Optimal
1789,44,12,Master,Operations,Expert,83,46,68,49,4110,High,Medium,25,3,High,2,73,90,Poor,2,2,Reassignment Required
1790,27,6,PhD,IT,Expert,50,99,43,73,9326,Medium,Medium,29,2,Critical,3,89,75,Average,4,4,Suboptimal
1791,42,9,Master,Marketing,Expert,40,84,98,83,9801,High,Medium,3,5,Critical,4,90,94,Good,4,3,Reassignment Required
1792,44,12,Bachelor,R&D,Expert,85,59,76,51,7571,Low,High,12,7,High,3,79,94,Poor,5,3,Reassignment Required
1793,37,15,Master,HR,Low,98,92,50,71,4774,Low,Expert,20,11,High,9,66,79,Poor,4,2,Reassignment Required
1794,36,25,Master,Operations,Medium,50,51,44,65,5655,Low,Expert,14,9,High,9,96,96,Good,1,0,Suboptimal
1795,46,13,Bachelor,R&D,Low,46,71,30,46,1258,High,High,14,5,High,2,61,86,Average,2,1,Reassignment Required
1796,57,10,Bachelor,R&D,Low,41,41,39,71,7868,Medium,Medium,9,2,Critical,8,81,99,Poor,1,0,Suboptimal
1797,32,9,Diploma,Operations,Expert,54,61,52,72,7817,Low,Low,4,10,High,5,72,71,Excellent,0,4,Optimal
1798,36,5,Diploma,HR,Low,47,80,47,57,6744,High,Low,23,4,Medium,6,97,96,Good,5,3,Suboptimal
1799,25,3,Diploma,Marketing,Expert,93,87,87,74,4942,Low,High,25,7,Medium,4,90,81,Good,1,3,Suboptimal
1800,42,20,Diploma,HR,Expert,91,79,81,59,1237,Low,Low,20,11,Critical,8,60,93,Good,4,0,Optimal
1801,34,0,Master,Finance,Expert,96,63,75,70,4355,Medium,Medium,25,9,Critical,2,72,90,Average,3,0,Reassignment Required
1802,43,6,Master,IT,Low,86,89,42,44,9879,High,Medium,15,6,Low,5,76,85,Average,3,4,Reassignment Required
1803,40,23,Diploma,IT,Expert,65,70,46,71,8904,Medium,Expert,7,8,Critical,3,63,85,Poor,1,0,Optimal
1804,55,8,PhD,R&D,Low,79,43,96,91,7601,Medium,Medium,20,11,High,5,90,72,Poor,4,2,Reassignment Required
1805,35,7,Diploma,Marketing,Medium,81,63,90,86,6706,Medium,Medium,19,10,High,5,92,94,Good,4,2,Reassignment Required
1806,25,4,PhD,HR,Expert,90,82,94,81,2158,Low,Medium,6,2,Critical,9,73,87,Poor,3,1,Optimal
1807,48,18,Bachelor,R&D,High,74,56,82,58,1594,Low,Low,19,9,Medium,6,80,76,Good,2,3,Reassignment Required
1808,50,9,Master,Operations,High,91,79,34,40,2750,Low,Low,7,3,Low,2,81,79,Excellent,2,4,Optimal
1809,49,10,Master,R&D,High,85,58,61,46,1402,High,High,1,2,Critical,7,64,77,Poor,4,4,Reassignment Required
1810,56,24,PhD,Operations,High,80,79,74,99,4838,Medium,High,7,5,Critical,9,96,97,Average,0,0,Reassignment Required
1811,29,14,Diploma,Operations,High,80,77,85,97,3540,Low,Low,3,7,Low,5,91,87,Average,0,3,Reassignment Required
1812,37,5,Master,Finance,Low,60,94,34,61,6878,Medium,Expert,25,9,Medium,3,62,86,Good,0,1,Reassignment Required
1813,57,14,PhD,Finance,Medium,99,73,63,89,8490,Medium,Expert,6,2,Critical,8,72,72,Excellent,5,1,Optimal
1814,51,4,Bachelor,Operations,Low,96,86,90,73,6534,Medium,Low,23,2,Medium,8,70,77,Poor,0,1,Suboptimal
1815,39,28,Bachelor,Marketing,Expert,77,72,91,90,6286,Medium,High,25,11,High,3,97,89,Poor,0,3,Suboptimal
1816,23,18,Master,Finance,Medium,47,45,98,95,2613,Medium,Expert,6,3,Medium,9,83,98,Excellent,3,1,Optimal
1817,34,21,Diploma,Finance,Medium,82,99,92,95,7579,Low,Medium,26,10,High,6,68,74,Excellent,4,2,Optimal
1818,25,18,PhD,IT,Medium,71,90,73,49,6651,High,Expert,11,5,Low,5,72,94,Poor,1,0,Reassignment Required
1819,47,9,Master,R&D,Medium,47,75,57,86,4679,High,Expert,2,8,Critical,3,81,89,Good,3,1,Reassignment Required
1820,46,11,Bachelor,IT,High,83,52,99,81,4552,High,Expert,6,4,High,7,77,81,Poor,3,2,Suboptimal
1821,51,21,Diploma,Marketing,Expert,49,86,42,65,8238,High,High,22,2,Medium,3,69,94,Excellent,5,2,Suboptimal
1822,32,3,PhD,Finance,Medium,62,48,72,71,5996,Medium,High,18,2,Critical,6,71,75,Average,4,4,Optimal
1823,28,17,Master,Finance,Medium,43,74,59,99,2464,Low,Low,23,10,High,5,89,97,Poor,2,0,Optimal
1824,52,15,PhD,HR,High,87,73,55,81,7282,Low,Expert,14,5,High,6,78,92,Excellent,3,4,Reassignment Required
1825,31,7,Diploma,Marketing,Low,91,55,92,66,5882,Medium,High,12,4,Medium,8,78,93,Average,3,3,Reassignment Required
1826,34,3,Diploma,R&D,Low,77,57,86,51,7245,Medium,High,9,6,High,5,69,79,Poor,5,2,Reassignment Required
1827,52,24,Bachelor,R&D,Low,69,57,93,79,7611,Low,Low,13,2,Low,3,60,79,Good,1,4,Suboptimal
1828,28,22,Diploma,R&D,Expert,80,77,78,62,4100,Low,Medium,26,4,High,9,66,70,Good,0,0,Suboptimal
1829,57,11,Master,Marketing,Low,62,89,81,53,5113,High,Medium,20,5,Medium,7,70,78,Poor,3,2,Optimal
1830,41,1,PhD,HR,Medium,44,82,92,73,5093,High,Expert,27,7,Critical,2,63,87,Poor,0,1,Suboptimal
1831,25,3,Diploma,HR,High,60,71,42,56,9124,High,Medium,21,10,Medium,9,95,72,Average,4,0,Reassignment Required
1832,28,4,Diploma,IT,High,95,46,74,45,5851,Low,Low,22,4,Medium,3,80,70,Good,3,1,Optimal
1833,22,2,Master,Marketing,Low,45,62,75,66,9878,High,High,1,5,Critical,2,81,79,Excellent,1,3,Suboptimal
1834,34,8,PhD,Marketing,High,88,62,70,47,4579,Low,Medium,8,6,High,5,69,96,Poor,1,1,Reassignment Required
1835,43,28,PhD,HR,Medium,56,85,75,72,9792,Low,Expert,28,9,Low,5,82,72,Good,4,1,Optimal
1836,42,20,Bachelor,Operations,Low,64,57,30,74,6445,Medium,Expert,29,10,Medium,4,64,99,Good,0,3,Suboptimal
1837,43,17,Bachelor,Operations,Medium,63,46,97,86,5528,Low,High,9,4,Medium,5,71,87,Poor,2,3,Optimal
1838,49,10,PhD,IT,Expert,61,81,41,56,8566,Medium,Expert,17,4,Low,8,89,76,Poor,4,1,Optimal
1839,30,2,Master,Operations,Medium,52,79,64,65,2573,Medium,Low,13,8,Medium,5,92,76,Excellent,2,2,Suboptimal
1840,47,29,Master,Operations,Medium,56,63,62,96,6720,Low,Medium,4,10,Critical,4,96,91,Poor,1,2,Reassignment Required
1841,30,24,Bachelor,Operations,Medium,53,53,87,46,2256,Low,Expert,6,2,High,2,77,79,Excellent,1,4,Suboptimal
1842,36,22,Diploma,Finance,Medium,73,89,64,85,2127,High,Medium,13,2,Critical,5,63,97,Poor,3,4,Reassignment Required
1843,31,1,Master,IT,Expert,65,44,75,63,3784,Low,High,26,3,Medium,6,86,96,Average,1,3,Optimal
1844,45,8,Diploma,HR,Low,58,85,95,64,7081,High,Medium,17,7,Critical,9,82,82,Poor,0,0,Reassignment Required
1845,29,13,Master,Operations,Medium,65,93,73,74,2049,High,Low,19,4,Medium,9,65,73,Average,1,1,Reassignment Required
1846,45,3,PhD,R&D,Low,99,96,55,65,6183,Low,High,23,9,High,5,66,81,Poor,5,3,Optimal
1847,37,28,Bachelor,Finance,High,42,61,71,98,3301,High,Expert,24,6,Critical,5,78,72,Good,3,3,Suboptimal
1848,47,8,Diploma,Operations,Medium,41,97,59,89,1029,Medium,High,29,4,Critical,9,74,92,Poor,4,3,Optimal
1849,48,12,Diploma,Finance,Medium,67,61,61,93,9978,Medium,Medium,8,9,Low,9,81,85,Average,5,2,Reassignment Required
1850,58,17,PhD,IT,High,41,49,65,44,4198,Low,Medium,21,9,Low,3,91,80,Poor,3,0,Suboptimal
1851,25,14,Master,R&D,Low,61,65,48,91,2364,Low,Medium,17,3,Medium,5,74,72,Poor,4,2,Suboptimal
1852,45,27,Diploma,R&D,Expert,46,54,51,93,5493,Low,Medium,17,6,Critical,8,65,94,Good,3,4,Optimal
1853,40,9,Master,R&D,Medium,43,77,94,86,9505,Medium,High,24,4,High,5,65,95,Good,1,3,Optimal
1854,57,15,PhD,Operations,High,88,80,86,77,3695,High,High,21,8,High,6,65,77,Average,2,2,Reassignment Required
1855,31,11,Bachelor,Finance,High,77,81,40,99,7645,Medium,Medium,15,3,Low,4,71,76,Poor,5,3,Suboptimal
1856,46,19,Diploma,R&D,Medium,78,94,55,74,9721,High,Expert,27,10,Low,4,61,83,Poor,0,0,Suboptimal
1857,39,4,Master,Marketing,Low,59,88,77,69,6880,High,High,25,3,Low,4,84,71,Good,2,1,Optimal
1858,40,1,Diploma,Marketing,Low,45,40,48,89,9149,Low,Low,1,3,High,3,63,79,Average,0,2,Optimal
1859,57,9,Master,Finance,Medium,48,53,41,64,6859,Low,High,2,7,High,5,65,72,Poor,1,0,Reassignment Required
1860,31,0,Master,Operations,High,91,75,96,63,9503,Low,Low,20,4,High,2,96,93,Average,5,1,Reassignment Required
1861,54,6,Master,Operations,Medium,99,70,85,69,1995,Medium,Expert,10,4,Medium,2,97,97,Average,3,3,Suboptimal
1862,26,25,PhD,IT,Expert,70,67,47,59,7865,Medium,Low,27,11,Critical,6,73,80,Average,3,0,Optimal
1863,56,16,Bachelor,IT,Expert,65,73,34,93,8496,Medium,Low,16,3,Medium,3,78,88,Good,4,4,Reassignment Required
1864,55,15,Diploma,R&D,Low,75,74,53,42,3631,Low,Expert,23,6,Critical,7,66,77,Excellent,2,1,Suboptimal
1865,54,26,Bachelor,HR,Expert,65,99,67,71,1263,Low,Medium,4,6,Critical,3,77,89,Good,0,1,Reassignment Required
1866,42,26,Master,IT,High,67,78,96,98,8684,High,High,8,8,Critical,5,67,74,Poor,3,3,Suboptimal
1867,38,23,Master,Operations,Expert,44,62,99,47,9212,High,Expert,16,9,Low,7,87,99,Average,1,4,Reassignment Required
1868,43,2,Bachelor,HR,Medium,90,85,81,90,6043,Low,Low,7,9,Critical,2,80,78,Average,3,2,Optimal
1869,58,13,Bachelor,IT,High,49,83,68,89,6116,Medium,Medium,5,4,Low,3,94,82,Average,4,0,Suboptimal
1870,36,9,Diploma,Finance,Low,57,58,88,86,4133,Low,High,23,7,Critical,6,69,80,Poor,5,3,Optimal
1871,56,21,Master,Marketing,Low,54,57,55,62,9397,Medium,Expert,8,6,Medium,8,87,95,Poor,3,4,Optimal
1872,49,6,Bachelor,IT,Expert,96,54,94,85,2636,Low,High,3,5,Medium,2,78,71,Average,1,1,Suboptimal
1873,28,25,PhD,IT,Low,72,40,77,55,9822,Low,Medium,3,11,Critical,8,94,81,Average,3,1,Reassignment Required
1874,53,16,Master,Finance,Medium,44,64,82,74,8811,High,High,18,7,Medium,9,87,72,Average,0,1,Reassignment Required
1875,32,29,Master,Operations,High,76,65,38,64,5535,Medium,Medium,4,5,Medium,3,62,84,Poor,0,4,Suboptimal
1876,31,5,Diploma,R&D,Medium,79,74,34,54,2098,Medium,Expert,27,9,Critical,5,98,97,Average,3,4,Suboptimal
1877,30,22,PhD,Finance,Medium,61,96,90,90,1289,Low,Medium,4,10,Critical,9,86,97,Average,1,2,Optimal
1878,35,21,Diploma,R&D,Medium,61,54,50,47,3604,High,Expert,15,2,Low,5,76,70,Good,5,0,Suboptimal
1879,34,3,PhD,IT,Medium,61,43,92,73,1207,Low,Medium,15,2,Medium,8,74,93,Average,1,1,Suboptimal
1880,46,16,Diploma,Operations,High,91,54,49,64,9463,Low,High,29,5,Medium,7,98,97,Good,3,2,Suboptimal
1881,23,26,PhD,HR,High,54,81,87,88,4678,Medium,Medium,4,7,Critical,5,81,80,Average,1,4,Optimal
1882,56,8,PhD,IT,Medium,56,77,74,83,9606,Low,Medium,2,9,High,5,79,94,Good,0,2,Optimal
1883,28,3,PhD,Finance,Medium,90,84,51,58,4468,High,High,23,2,Low,2,86,79,Good,0,1,Optimal
1884,42,6,Bachelor,HR,Low,84,78,92,82,5986,Low,Low,26,4,Low,2,94,94,Poor,0,0,Optimal
1885,39,22,Master,Marketing,Low,97,97,59,89,5090,High,Medium,3,5,High,3,64,72,Average,4,2,Suboptimal
1886,24,1,PhD,HR,High,67,93,92,52,7803,Medium,Expert,28,11,Low,6,61,83,Average,5,4,Optimal
1887,32,16,Bachelor,Finance,Low,98,40,73,85,3294,Medium,Medium,10,3,Low,8,79,90,Average,2,3,Suboptimal
1888,45,23,Bachelor,HR,High,61,61,96,51,3461,Low,Low,1,10,Medium,4,66,85,Good,0,3,Optimal
1889,40,7,Diploma,Finance,High,60,50,87,54,8945,High,Expert,18,4,Medium,4,95,78,Poor,3,2,Suboptimal
1890,25,22,Master,IT,Expert,81,85,94,62,6673,Medium,High,5,5,Critical,5,67,83,Excellent,5,4,Reassignment Required
1891,47,29,Master,Operations,High,56,77,65,92,4367,High,High,9,5,Critical,3,86,90,Good,4,2,Optimal
1892,59,14,Diploma,Marketing,Low,44,76,35,79,1943,Medium,High,20,2,Low,4,65,70,Excellent,3,2,Suboptimal
1893,53,14,Master,Operations,Expert,57,90,66,41,5156,Medium,Expert,6,6,High,4,83,70,Good,1,3,Suboptimal
1894,57,7,Diploma,Operations,Low,56,65,84,79,1165,High,Medium,19,6,Critical,4,95,73,Good,2,2,Optimal
1895,58,15,Bachelor,Operations,High,43,90,88,62,2905,High,Expert,9,3,Critical,4,64,92,Average,4,3,Optimal
1896,54,18,Bachelor,Finance,High,93,66,67,99,4056,High,Expert,18,2,High,8,79,92,Good,1,4,Suboptimal
1897,57,10,PhD,Finance,Medium,46,97,54,98,1350,Medium,Low,24,6,Low,8,79,92,Good,1,4,Reassignment Required
1898,24,1,Diploma,Marketing,High,64,52,62,44,4309,High,Expert,15,6,Low,7,99,98,Poor,0,4,Optimal
1899,30,22,Bachelor,Finance,Expert,76,46,42,73,6661,Low,High,15,8,Critical,4,93,91,Average,3,3,Reassignment Required
1900,29,23,Bachelor,R&D,High,79,47,67,49,1931,High,Expert,27,11,Low,7,98,98,Poor,1,1,Suboptimal
1901,54,16,Diploma,Finance,Medium,79,85,87,66,4838,Medium,Low,14,11,Low,7,69,70,Excellent,5,1,Suboptimal
1902,27,27,Bachelor,Finance,High,82,90,49,94,9058,High,Expert,3,3,Critical,3,62,96,Average,1,1,Reassignment Required
1903,25,25,Master,Finance,High,48,90,46,81,2989,High,Expert,8,9,Critical,4,93,88,Poor,1,1,Optimal
1904,34,15,Bachelor,IT,High,58,62,53,43,4484,High,High,19,6,Medium,4,94,90,Average,2,4,Suboptimal
1905,23,24,Diploma,Marketing,Medium,90,65,55,43,8886,Low,Expert,11,6,Medium,7,96,81,Average,4,1,Optimal
1906,26,14,Master,R&D,Low,48,83,69,47,2116,Medium,Medium,28,10,Low,3,97,89,Excellent,5,2,Optimal
1907,48,12,Master,Finance,High,62,94,61,45,9325,Low,High,28,3,High,8,82,96,Good,5,3,Reassignment Required
1908,53,14,Bachelor,Marketing,Expert,70,66,66,64,7962,Low,Low,4,11,Medium,2,96,73,Excellent,5,1,Suboptimal
1909,42,26,PhD,HR,Medium,71,48,89,66,6967,Medium,Low,15,3,Low,2,80,78,Poor,0,4,Optimal
1910,29,3,Master,IT,Expert,91,85,86,86,8904,Medium,Low,24,6,High,2,86,76,Average,4,1,Optimal
1911,59,15,Diploma,Finance,High,70,77,87,89,5533,High,Expert,10,2,Medium,4,60,94,Good,1,3,Optimal
1912,29,29,PhD,R&D,Medium,56,86,96,92,9871,Medium,Medium,20,6,Medium,3,68,98,Poor,5,0,Suboptimal
1913,24,11,PhD,IT,High,87,52,51,93,3669,High,High,11,6,Low,2,62,83,Excellent,2,0,Reassignment Required
1914,24,29,Master,R&D,Expert,78,46,87,79,2191,Low,Medium,25,9,Critical,5,97,92,Average,1,4,Reassignment Required
1915,43,3,Bachelor,IT,Medium,97,50,78,59,2130,High,Medium,9,7,Critical,5,95,95,Excellent,3,4,Suboptimal
1916,27,2,PhD,HR,Low,61,49,78,66,2403,Medium,Low,22,7,High,3,93,72,Average,4,4,Reassignment Required
1917,23,21,Bachelor,Marketing,Low,74,72,71,46,6630,High,Low,17,6,Critical,9,89,84,Average,0,1,Reassignment Required
1918,44,16,Master,IT,Low,69,78,69,98,6030,Low,Medium,9,6,Low,4,90,80,Good,2,3,Reassignment Required
1919,23,21,Diploma,Operations,High,92,89,75,62,2381,Medium,Medium,25,9,Medium,9,89,79,Excellent,4,3,Reassignment Required
1920,59,17,PhD,HR,Medium,90,94,51,59,1369,Medium,High,29,2,High,7,75,89,Poor,1,3,Reassignment Required
1921,38,24,Diploma,Operations,Expert,79,42,50,88,6092,High,Low,23,10,Critical,2,88,84,Average,0,0,Optimal
1922,56,17,Bachelor,HR,Expert,76,80,80,90,4794,High,Low,9,7,Medium,4,65,94,Average,2,3,Suboptimal
1923,55,22,Bachelor,Operations,High,65,68,43,73,7314,High,Expert,24,10,Low,7,73,86,Poor,5,4,Optimal
1924,44,27,Diploma,Operations,High,97,76,38,68,6700,Low,Low,25,3,Low,8,69,88,Poor,1,1,Optimal
1925,51,16,Master,R&D,Expert,45,94,47,83,9567,Low,High,9,4,Medium,2,83,80,Poor,1,0,Suboptimal
1926,29,11,Master,IT,Medium,73,95,42,90,3760,Medium,Expert,23,2,Low,6,95,89,Poor,4,1,Optimal
1927,43,22,PhD,IT,High,95,84,46,44,2943,Medium,High,22,6,Low,6,83,85,Excellent,1,2,Reassignment Required
1928,57,20,PhD,HR,Medium,71,55,54,66,1957,Low,Low,2,3,Medium,4,66,73,Average,1,4,Optimal
1929,26,23,Master,Marketing,Expert,64,55,83,51,5922,High,Low,13,2,Critical,5,96,76,Good,2,0,Suboptimal
1930,34,3,Master,R&D,Medium,90,83,45,56,7629,High,Medium,23,10,High,4,99,80,Poor,1,4,Optimal
1931,50,11,Diploma,IT,Low,52,89,53,76,2533,Low,Medium,1,10,Medium,2,97,89,Good,3,1,Reassignment Required
1932,52,25,Bachelor,IT,Expert,77,82,52,73,7885,High,High,6,7,Medium,4,84,95,Good,3,3,Suboptimal
1933,37,22,Bachelor,R&D,Low,77,88,70,69,9601,Low,Expert,6,9,Critical,4,93,93,Good,0,2,Optimal
1934,51,21,PhD,Finance,Expert,41,46,62,75,1053,High,Low,16,10,High,9,60,86,Excellent,5,4,Reassignment Required
1935,37,20,Master,R&D,Low,97,54,71,45,5796,High,Medium,12,6,Low,2,87,88,Poor,3,2,Suboptimal
1936,33,19,Diploma,IT,Medium,95,77,77,71,3396,Medium,Medium,15,3,Critical,5,88,95,Good,5,1,Suboptimal
1937,38,14,PhD,Marketing,Expert,44,45,47,71,8851,High,Low,7,5,High,6,91,79,Good,3,4,Reassignment Required
1938,37,22,Diploma,Finance,Expert,50,57,92,48,5921,High,Low,2,4,Medium,7,64,84,Average,4,3,Suboptimal
1939,33,27,Master,Operations,Low,50,58,40,97,8253,Low,Expert,29,11,High,2,93,75,Poor,3,2,Suboptimal
1940,29,15,Master,R&D,Medium,63,91,53,61,5839,Low,Medium,12,8,Critical,4,85,82,Excellent,1,0,Optimal
1941,41,4,Master,Operations,Expert,53,90,90,49,3558,Low,Expert,20,11,Low,3,72,72,Poor,4,1,Reassignment Required
1942,24,20,Bachelor,Finance,High,84,41,93,68,9330,Low,Expert,2,11,High,4,71,77,Poor,3,4,Optimal
1943,37,14,Master,Finance,Low,69,42,65,50,3520,High,Low,4,11,High,7,81,76,Poor,1,0,Optimal
1944,51,16,PhD,Finance,Expert,79,85,82,67,5637,Low,Expert,3,9,Medium,4,68,74,Poor,0,3,Optimal
1945,44,17,Bachelor,HR,Medium,86,93,76,41,4827,Medium,Low,2,6,High,3,65,87,Average,4,3,Reassignment Required
1946,49,4,Diploma,R&D,Medium,83,64,81,95,7629,Low,High,18,3,Medium,7,95,96,Good,1,2,Suboptimal
1947,26,12,PhD,Marketing,Medium,74,75,86,60,2337,High,Expert,3,10,Critical,4,69,90,Average,4,1,Reassignment Required
1948,41,18,PhD,Marketing,Medium,60,93,52,96,3294,Medium,Medium,10,2,Low,3,96,85,Excellent,0,4,Suboptimal
1949,22,29,Diploma,Operations,Low,94,88,88,70,3677,High,Medium,12,6,Critical,8,91,78,Good,0,0,Reassignment Required
1950,51,12,Bachelor,Operations,Expert,44,67,98,97,7581,Medium,High,4,4,High,9,63,80,Poor,4,4,Suboptimal
1951,42,17,PhD,Operations,Low,77,77,85,80,1072,Medium,High,23,9,High,4,63,90,Average,1,0,Optimal
1952,41,13,PhD,R&D,Low,41,67,71,91,8236,Medium,Expert,20,9,Medium,5,72,97,Poor,2,1,Optimal
1953,27,29,PhD,IT,Medium,79,71,47,56,8319,High,Medium,27,2,Medium,7,75,88,Poor,4,3,Suboptimal
1954,43,3,Bachelor,Operations,High,76,90,62,66,3141,Medium,Medium,7,5,Critical,6,85,83,Excellent,5,3,Optimal
1955,39,3,Bachelor,Finance,Medium,93,80,32,69,5530,High,Low,20,11,Critical,5,92,76,Good,2,4,Reassignment Required
1956,29,19,Bachelor,Operations,High,88,75,57,80,5552,Medium,Low,19,9,Critical,2,63,81,Excellent,5,4,Reassignment Required
1957,53,19,PhD,Finance,Low,97,78,30,96,4501,Low,Medium,8,10,Low,2,85,88,Excellent,1,2,Reassignment Required
1958,54,18,Master,HR,Medium,73,75,92,47,3077,Low,Low,3,10,Medium,4,68,77,Good,5,0,Suboptimal
1959,37,12,Diploma,IT,Medium,50,82,76,76,9526,Medium,Low,27,3,Critical,8,70,90,Excellent,3,2,Suboptimal
1960,33,11,Master,IT,Low,75,93,66,44,5755,Medium,Low,15,10,Medium,2,64,74,Good,4,0,Reassignment Required
1961,59,6,Bachelor,R&D,Medium,50,62,77,65,3615,Low,High,8,9,Critical,8,97,75,Excellent,0,1,Suboptimal
1962,55,24,PhD,R&D,Expert,48,41,48,45,6356,Low,Medium,18,10,Low,2,91,80,Average,5,4,Reassignment Required
1963,35,11,PhD,Marketing,High,45,49,43,55,5172,High,Medium,29,10,Medium,8,88,95,Good,5,0,Optimal
1964,57,20,Master,HR,High,95,45,96,40,1932,Low,Medium,14,4,Medium,4,97,98,Poor,3,3,Optimal
1965,54,3,Master,R&D,High,73,47,94,48,1635,High,Low,19,6,Medium,4,99,91,Excellent,1,1,Optimal
1966,44,26,Diploma,Finance,Medium,97,54,55,60,7683,Medium,Expert,4,4,Medium,6,87,72,Excellent,0,3,Reassignment Required
1967,23,1,PhD,HR,Expert,86,84,39,46,6773,High,Expert,3,7,Low,3,83,80,Good,4,1,Suboptimal
1968,42,1,Master,IT,Medium,76,68,99,82,4229,Medium,Low,22,11,Critical,4,78,92,Excellent,1,0,Reassignment Required
1969,23,4,Diploma,Finance,High,71,67,72,54,2190,High,High,9,6,Low,8,60,94,Excellent,4,3,Reassignment Required
1970,48,22,Bachelor,HR,Medium,99,61,99,63,6508,High,High,10,3,Medium,6,64,81,Good,3,0,Reassignment Required
1971,30,9,Master,IT,High,51,73,88,44,1011,High,Medium,8,4,High,5,82,70,Good,4,2,Optimal
1972,22,9,Bachelor,R&D,Low,84,59,32,90,9060,Medium,Expert,20,8,Low,2,78,73,Excellent,5,1,Optimal
1973,32,8,Diploma,Finance,High,71,72,34,77,1448,Medium,High,2,11,High,8,61,89,Good,0,4,Optimal
1974,24,12,Bachelor,Finance,Low,56,54,66,94,8661,High,Expert,26,11,Medium,8,61,70,Excellent,4,3,Reassignment Required
1975,44,6,PhD,IT,Low,43,46,81,68,3496,Medium,Expert,1,6,Medium,3,68,75,Excellent,3,0,Suboptimal
1976,47,4,PhD,Finance,Low,81,63,95,85,6885,High,High,27,4,Low,8,77,71,Excellent,3,3,Suboptimal
1977,25,25,Bachelor,R&D,High,72,65,92,91,1426,Medium,Low,4,5,High,9,75,96,Poor,0,0,Suboptimal
1978,39,9,PhD,R&D,Expert,82,89,36,96,8099,High,Medium,16,7,Low,8,98,82,Good,2,2,Suboptimal
1979,27,9,Diploma,R&D,High,87,49,82,85,4169,Low,Medium,5,9,Low,8,68,85,Poor,5,4,Suboptimal
1980,56,5,PhD,IT,Medium,82,54,35,50,1446,Low,High,18,8,Low,7,82,80,Average,2,3,Suboptimal
1981,43,26,Bachelor,Operations,Medium,48,76,36,43,3250,High,Low,14,4,Medium,5,92,83,Average,4,3,Reassignment Required
1982,36,27,Bachelor,Operations,Expert,73,98,73,98,8111,Medium,High,13,3,Critical,9,97,75,Excellent,3,0,Optimal
1983,43,18,Bachelor,Finance,Expert,78,63,47,49,3681,High,High,16,4,High,4,93,85,Poor,1,0,Suboptimal
1984,58,20,Master,R&D,Expert,90,50,83,73,2401,Low,Expert,29,6,Critical,5,85,86,Excellent,1,3,Optimal
1985,33,7,Bachelor,Finance,Low,69,79,58,96,4407,Low,Expert,15,8,Critical,7,76,79,Excellent,3,2,Reassignment Required
1986,59,0,Diploma,IT,Expert,89,60,54,43,7761,High,Medium,19,9,Medium,6,73,98,Excellent,1,3,Suboptimal
1987,39,27,PhD,Finance,Expert,59,79,92,91,2043,Low,Expert,29,7,Medium,4,72,90,Excellent,5,1,Optimal
1988,56,16,PhD,Marketing,Expert,78,77,97,49,6363,High,Expert,4,3,Medium,8,81,91,Excellent,0,1,Reassignment Required
1989,51,6,Master,Operations,High,62,54,42,72,1391,Low,Low,19,3,Low,9,77,95,Average,4,3,Reassignment Required
1990,45,13,Master,Finance,Medium,80,54,61,85,5819,Medium,High,24,11,Medium,8,79,82,Good,3,2,Suboptimal
1991,51,20,Diploma,Finance,Medium,83,76,56,57,7879,Medium,High,13,6,Medium,4,89,82,Good,4,0,Optimal
1992,35,29,Bachelor,HR,Expert,74,84,80,51,6984,Medium,Low,11,6,Medium,3,94,71,Good,0,0,Suboptimal
1993,27,20,Master,Finance,Medium,62,53,63,90,2285,High,Expert,28,2,Medium,6,92,70,Average,1,3,Suboptimal
1994,24,16,PhD,Marketing,High,93,82,57,62,7363,High,Expert,18,2,Critical,2,76,92,Poor,3,4,Suboptimal
1995,37,8,Master,Operations,Medium,97,91,59,83,6127,Medium,High,25,10,Critical,5,94,70,Average,5,0,Suboptimal
1996,28,16,Master,HR,Low,87,60,38,64,7589,Medium,Medium,11,8,Medium,7,71,99,Average,0,1,Reassignment Required
1997,35,4,Bachelor,IT,High,78,83,42,99,9833,Medium,High,22,9,Critical,3,61,76,Poor,0,1,Reassignment Required
1998,30,25,Master,IT,Medium,62,59,93,76,5037,Low,Medium,1,6,Medium,7,93,82,Excellent,5,4,Reassignment Required
1999,36,24,Diploma,Operations,Medium,97,72,67,43,7854,Medium,Expert,15,4,High,3,71,86,Excellent,4,4,Optimal
2000,42,29,PhD,IT,High,76,42,51,52,4249,Low,Medium,24,4,Low,8,85,78,Excellent,3,1,Suboptimal
2001,56,19,Bachelor,Marketing,Medium,96,79,60,57,2543,Medium,Medium,10,4,Medium,9,91,82,Poor,4,3,Reassignment Required
2002,23,28,PhD,Finance,Medium,62,62,71,68,1791,High,Medium,22,2,Critical,9,80,85,Average,4,3,Reassignment Required
2003,48,7,Diploma,Operations,Expert,78,83,91,83,9628,Medium,Medium,4,4,Low,4,64,74,Average,0,3,Reassignment Required
2004,23,5,Diploma,HR,Low,67,86,93,69,6170,Low,Medium,6,3,Critical,5,87,91,Poor,4,1,Reassignment Required
2005,56,10,Master,Finance,High,58,62,38,87,7043,Medium,High,2,9,High,3,82,99,Excellent,1,4,Reassignment Required
2006,39,18,Master,IT,Expert,88,66,73,94,7098,Low,Low,17,11,High,4,91,76,Poor,1,2,Optimal
2007,35,3,Master,IT,Medium,87,74,92,77,8448,Medium,Expert,12,11,Low,4,64,70,Average,0,1,Optimal
2008,41,17,PhD,HR,High,69,64,69,67,8211,Low,High,22,7,High,6,94,77,Good,4,1,Optimal
2009,39,0,Diploma,Marketing,High,60,71,70,99,5782,Low,Low,24,6,Medium,4,65,75,Good,1,0,Suboptimal
2010,31,12,Bachelor,HR,Low,63,61,79,46,8798,Medium,High,29,2,High,2,78,81,Good,2,3,Optimal
2011,46,13,Master,Operations,Low,60,47,49,63,4959,Medium,Low,5,3,Critical,8,99,71,Excellent,2,0,Optimal
2012,23,23,PhD,HR,High,65,95,99,80,5364,High,High,24,3,Medium,9,65,70,Excellent,4,1,Suboptimal
2013,46,0,Master,IT,Low,90,90,71,49,2716,High,Expert,19,8,Critical,6,73,84,Excellent,0,1,Optimal
2014,54,29,Diploma,Marketing,Low,96,91,62,76,4636,High,Expert,29,8,Low,6,62,86,Excellent,1,1,Optimal
2015,57,28,Bachelor,Marketing,Medium,89,77,92,66,8870,Low,Medium,6,7,Low,2,70,89,Poor,3,2,Optimal
2016,52,10,Diploma,R&D,Low,90,57,86,60,8361,Low,Low,17,9,Low,2,98,72,Good,3,0,Reassignment Required
2017,35,16,PhD,HR,Low,99,67,94,75,6671,High,High,29,5,Critical,7,83,99,Good,1,4,Reassignment Required
2018,22,3,Master,Operations,Expert,75,67,81,82,9380,High,Medium,19,10,Critical,8,77,96,Excellent,4,3,Suboptimal
2019,37,25,Diploma,IT,Medium,65,50,35,90,6726,Medium,High,20,9,Low,3,90,75,Excellent,2,3,Suboptimal
2020,24,11,PhD,Finance,Medium,72,51,36,68,8557,High,Expert,21,4,Critical,9,69,85,Poor,2,2,Suboptimal
2021,56,9,Master,Marketing,High,98,94,38,46,8782,Low,Expert,3,4,Low,8,85,79,Poor,1,0,Suboptimal
2022,27,5,Bachelor,HR,Low,75,41,90,52,3718,Medium,Low,8,10,Low,7,88,82,Poor,5,3,Suboptimal
2023,46,24,Diploma,R&D,Expert,43,98,63,84,3405,High,High,5,10,Critical,8,61,77,Good,2,1,Reassignment Required
2024,34,0,Master,Operations,Expert,48,76,64,92,8887,High,High,23,6,Medium,3,89,86,Good,1,0,Reassignment Required
2025,55,6,Master,Operations,Medium,47,99,49,62,9003,High,Medium,5,11,Low,9,98,97,Good,0,3,Optimal
2026,29,25,Master,IT,Low,41,43,87,89,8718,Medium,Expert,24,2,High,7,69,76,Good,2,0,Optimal
2027,42,26,Master,Marketing,Expert,68,80,89,96,9532,Medium,Medium,17,4,Medium,9,71,93,Poor,5,2,Reassignment Required
2028,55,20,Diploma,IT,High,62,84,83,64,3881,Medium,Medium,19,6,Medium,2,79,74,Excellent,4,4,Reassignment Required
2029,25,27,Master,R&D,Low,45,84,64,80,7710,High,Low,19,5,Medium,3,78,77,Good,5,4,Optimal
2030,46,15,PhD,Finance,Low,94,86,76,84,1643,Medium,Medium,26,5,Medium,2,65,98,Poor,2,0,Optimal
2031,36,23,Diploma,Finance,Low,82,73,75,52,1020,Medium,Low,10,2,Low,9,82,96,Excellent,1,2,Suboptimal
2032,25,13,Master,Finance,Expert,75,62,33,76,1677,Medium,Expert,3,7,Low,2,78,70,Average,3,3,Optimal
2033,33,22,Diploma,Operations,Medium,85,52,39,69,3650,Medium,Medium,22,11,Low,7,90,71,Excellent,2,1,Reassignment Required
2034,53,19,PhD,Marketing,Medium,60,46,69,65,4469,Low,Medium,25,5,High,4,92,73,Average,5,0,Suboptimal
2035,53,19,PhD,IT,High,61,71,84,51,8886,High,Medium,13,2,Low,3,61,70,Average,1,0,Suboptimal
2036,49,5,Diploma,IT,Expert,48,62,69,96,5183,Medium,Medium,16,11,Low,6,74,98,Good,2,3,Suboptimal
2037,34,21,Master,R&D,Low,73,88,52,40,8086,Low,Expert,12,7,High,6,70,90,Poor,2,1,Suboptimal
2038,52,24,Master,Finance,High,98,47,44,57,8377,Low,Low,22,6,Low,3,85,79,Excellent,2,1,Reassignment Required
2039,35,27,PhD,Marketing,High,96,89,34,97,6684,High,Expert,21,6,Critical,3,77,72,Average,3,3,Reassignment Required
2040,41,4,Master,Marketing,Medium,65,86,69,60,3687,High,Low,28,3,Critical,3,60,71,Poor,1,0,Optimal
2041,39,23,PhD,R&D,Low,40,86,47,92,7596,Medium,Low,17,2,Low,3,91,76,Excellent,5,3,Optimal
2042,50,20,Master,HR,Low,75,76,50,93,2416,High,Medium,2,8,Medium,9,63,71,Good,0,4,Reassignment Required
2043,27,17,PhD,Marketing,Expert,83,73,32,63,5405,High,Medium,16,6,Low,4,81,94,Excellent,5,3,Reassignment Required
2044,53,14,Bachelor,Marketing,Expert,44,87,75,99,8074,High,Medium,11,4,High,2,95,75,Good,4,2,Optimal
2045,50,5,Master,IT,Expert,80,68,82,56,1491,High,Low,1,7,Medium,9,88,77,Excellent,3,0,Reassignment Required
2046,23,24,Master,R&D,High,61,76,49,81,1759,Medium,High,12,4,High,3,95,72,Excellent,4,2,Reassignment Required
2047,44,28,Master,Marketing,Low,43,62,88,99,4501,Low,High,6,7,Critical,7,92,90,Average,4,0,Suboptimal
2048,40,18,Diploma,Marketing,Medium,87,77,50,48,9192,High,High,19,7,High,9,98,88,Average,0,0,Reassignment Required
2049,52,0,Master,IT,High,41,68,80,91,3088,Low,Expert,28,10,Low,3,73,78,Average,2,4,Suboptimal
2050,26,0,Diploma,Marketing,High,55,83,54,79,4656,Low,Low,29,9,Critical,2,96,70,Good,0,3,Reassignment Required
2051,40,12,Diploma,IT,Medium,55,44,97,67,5767,Low,High,5,2,Medium,2,64,77,Excellent,4,3,Optimal
2052,55,2,PhD,HR,Medium,92,91,39,54,1211,High,Low,22,8,Low,2,81,75,Excellent,3,4,Reassignment Required
2053,31,9,Diploma,Operations,Expert,95,79,96,52,8975,High,Low,21,10,Critical,9,64,92,Good,4,4,Reassignment Required
2054,46,20,Diploma,IT,Medium,95,50,38,67,4722,Medium,Expert,3,3,Medium,7,96,71,Excellent,4,1,Optimal
2055,23,2,Bachelor,IT,Medium,61,53,58,92,1303,High,Medium,18,10,Critical,5,97,92,Average,0,2,Optimal
2056,32,8,Master,Marketing,Medium,82,95,66,56,5786,High,Medium,18,7,Medium,6,93,83,Good,1,0,Optimal
2057,52,7,Diploma,IT,Medium,40,88,67,48,4772,High,Expert,12,4,Medium,9,74,70,Good,4,1,Reassignment Required
2058,36,2,Master,R&D,Expert,54,81,88,95,2781,Low,Expert,18,9,High,7,96,76,Excellent,1,3,Optimal
2059,30,24,Diploma,Finance,High,63,41,86,60,4225,Medium,Low,10,8,Low,3,86,80,Average,2,1,Reassignment Required
2060,44,12,PhD,Finance,Low,43,74,89,69,7739,Low,High,4,9,Medium,4,60,85,Excellent,4,3,Optimal
2061,40,5,Bachelor,HR,Low,57,84,57,50,8273,Medium,Low,20,9,Medium,4,88,93,Excellent,0,4,Reassignment Required
2062,30,12,Diploma,IT,High,56,88,57,69,5203,High,Low,28,8,High,8,67,71,Good,5,0,Optimal
2063,56,22,Master,R&D,Low,46,98,75,75,2353,High,High,19,2,Medium,2,92,95,Good,2,0,Optimal
2064,42,19,PhD,Marketing,Low,89,74,96,95,9371,Low,Medium,24,11,Medium,4,66,87,Poor,3,0,Suboptimal
2065,30,19,Master,Marketing,High,84,81,84,64,7274,Low,Low,4,11,Critical,6,88,88,Excellent,4,4,Reassignment Required
2066,49,11,PhD,Operations,Low,91,67,67,46,2830,Low,Medium,24,11,Low,9,90,79,Poor,0,3,Optimal
2067,28,12,Bachelor,HR,Low,91,47,47,59,5698,Medium,Medium,11,9,High,3,97,73,Excellent,4,4,Reassignment Required
2068,37,1,PhD,R&D,High,49,71,92,94,5002,Low,Medium,3,6,High,9,67,93,Poor,0,0,Optimal
2069,37,20,Master,R&D,Low,40,43,34,93,3800,High,Low,27,3,Medium,8,90,97,Excellent,0,0,Reassignment Required
2070,54,23,Master,Marketing,Medium,41,84,73,98,7902,Medium,High,15,3,Medium,4,96,72,Good,1,0,Reassignment Required
2071,25,22,Diploma,Operations,High,88,46,58,99,5263,Medium,High,16,3,High,6,74,82,Good,4,3,Reassignment Required
2072,25,15,PhD,Marketing,Expert,61,78,43,74,1222,High,Medium,12,10,Medium,6,91,75,Poor,0,3,Suboptimal
2073,38,22,Master,Operations,Low,71,87,87,49,3237,Low,Medium,18,6,Medium,5,85,98,Poor,0,1,Reassignment Required
2074,58,5,Diploma,Finance,Expert,68,66,73,74,3578,Low,High,24,4,Critical,5,70,79,Poor,2,1,Optimal
2075,50,18,Bachelor,R&D,Low,74,76,47,40,2778,High,Expert,6,7,High,4,82,96,Average,4,2,Suboptimal
2076,57,20,Master,Finance,Medium,56,99,36,53,1620,High,Expert,15,10,Medium,6,93,77,Poor,5,3,Reassignment Required
2077,59,12,Diploma,Marketing,High,51,56,91,84,5054,High,Medium,2,10,Low,2,92,79,Poor,5,4,Optimal
2078,58,16,Master,HR,Expert,63,49,74,44,8466,High,High,23,10,Medium,5,76,71,Poor,2,3,Reassignment Required
2079,56,22,PhD,IT,High,69,43,45,79,6430,Medium,Expert,12,11,Critical,6,92,89,Average,1,1,Suboptimal
2080,28,8,Diploma,HR,Expert,83,62,93,83,7379,Medium,High,10,5,Critical,5,61,84,Average,1,0,Optimal
2081,48,16,PhD,HR,Low,69,53,66,77,5263,Low,Low,23,6,High,3,63,70,Excellent,0,1,Optimal
2082,49,28,Bachelor,IT,Medium,59,44,54,95,3240,Medium,Medium,4,2,Critical,8,71,80,Good,0,1,Optimal
2083,43,1,PhD,R&D,Expert,81,41,38,94,9043,Medium,Expert,8,11,Critical,6,88,93,Poor,0,1,Suboptimal
2084,35,18,Diploma,Finance,Expert,46,85,84,73,2362,Medium,Medium,15,7,Low,6,98,70,Poor,4,2,Optimal
2085,28,18,Master,Finance,Medium,81,63,57,63,3240,High,Low,19,3,Critical,7,78,97,Good,4,2,Reassignment Required
2086,58,23,Diploma,R&D,Medium,89,57,38,43,6521,Medium,High,16,8,Medium,3,61,94,Excellent,5,2,Reassignment Required
2087,43,6,PhD,IT,Medium,93,66,41,66,7535,Low,Medium,13,5,Critical,7,66,91,Excellent,3,4,Optimal
2088,26,21,PhD,Operations,Medium,77,63,47,44,7744,Medium,Expert,25,5,Low,5,81,85,Poor,0,2,Suboptimal
2089,23,9,Master,HR,Medium,46,68,85,82,9284,High,Low,15,10,High,9,70,81,Good,5,4,Optimal
2090,48,9,Bachelor,Marketing,High,99,50,87,52,2238,Medium,Expert,14,2,Low,3,92,99,Poor,2,3,Optimal
2091,42,26,Diploma,Finance,Low,88,87,80,79,7492,Low,High,15,7,Medium,8,79,98,Poor,5,3,Optimal
2092,59,19,Master,R&D,Low,69,57,61,60,5608,Medium,Expert,12,3,Medium,4,64,81,Poor,3,2,Reassignment Required
2093,36,8,Master,Marketing,Expert,51,98,77,76,8502,Low,Expert,11,7,High,2,63,88,Good,4,3,Reassignment Required
2094,42,16,Master,IT,Medium,88,87,37,71,4470,High,Expert,21,8,Low,5,73,82,Good,4,3,Suboptimal
2095,31,26,Diploma,Marketing,High,70,92,59,77,5201,Low,Low,3,4,Low,8,62,77,Excellent,0,0,Suboptimal
2096,44,14,Diploma,Marketing,High,57,43,55,70,6351,Low,Expert,25,5,High,6,77,71,Good,2,2,Suboptimal
2097,26,1,Diploma,HR,Expert,85,72,53,71,6413,High,Expert,14,3,High,4,86,96,Good,2,2,Reassignment Required
2098,22,29,Bachelor,IT,Medium,82,53,56,54,8432,Low,Low,2,8,High,5,63,88,Good,5,1,Reassignment Required
2099,34,3,Master,Marketing,Low,41,83,68,94,6971,Medium,Low,18,10,High,8,62,83,Average,1,1,Reassignment Required
2100,42,18,PhD,Finance,Medium,92,95,95,96,8437,Medium,Low,3,6,Medium,8,86,92,Excellent,0,3,Reassignment Required
2101,47,16,PhD,IT,High,72,81,80,87,4901,Low,High,9,6,Medium,9,87,96,Good,4,1,Suboptimal
2102,42,4,Master,Finance,Medium,50,71,79,69,4628,Medium,Low,11,10,High,2,81,70,Poor,0,0,Reassignment Required
2103,39,6,PhD,R&D,Low,73,99,74,82,2768,Medium,High,26,9,Critical,6,88,94,Average,5,2,Suboptimal
2104,58,17,Bachelor,R&D,Low,55,90,62,46,6352,High,Low,3,2,High,3,75,95,Average,0,0,Reassignment Required
2105,53,20,Bachelor,Operations,Expert,93,43,48,77,3901,Low,Low,5,3,Critical,2,94,78,Excellent,1,2,Optimal
2106,57,21,Diploma,R&D,High,74,59,42,70,2541,Medium,Medium,9,8,Critical,7,78,88,Average,1,4,Suboptimal
2107,38,26,Diploma,Marketing,Medium,91,60,51,83,3091,Low,Medium,10,4,Low,5,89,83,Average,3,2,Suboptimal
2108,56,6,Diploma,IT,Medium,72,42,49,65,8742,Low,Medium,6,7,Critical,6,74,73,Excellent,0,0,Reassignment Required
2109,32,16,Diploma,R&D,Expert,60,64,34,75,9283,Medium,Medium,6,2,Critical,5,64,71,Good,4,3,Suboptimal
2110,42,6,Diploma,Finance,Expert,59,43,61,85,5854,High,Low,11,9,Critical,2,90,79,Excellent,5,1,Optimal
2111,47,3,PhD,Marketing,Expert,47,97,59,82,9922,High,Low,17,3,Medium,8,90,96,Poor,5,1,Suboptimal
2112,25,7,PhD,R&D,High,90,86,55,65,6049,Low,High,27,2,Low,6,68,98,Good,1,0,Suboptimal
2113,55,12,Diploma,HR,Medium,65,50,33,83,6557,High,Low,2,3,Low,8,72,84,Good,3,1,Optimal
2114,39,3,Bachelor,Finance,Expert,72,55,96,41,5432,Medium,High,9,9,Critical,2,80,70,Average,3,3,Reassignment Required
2115,56,5,PhD,Finance,High,65,98,72,82,9891,Medium,Expert,24,11,Medium,5,90,98,Good,5,1,Reassignment Required
2116,50,24,Bachelor,Operations,Medium,76,75,59,84,8987,High,Expert,18,6,High,7,60,80,Average,3,4,Optimal
2117,50,4,Bachelor,HR,Low,69,45,45,82,6020,High,Low,5,10,Medium,6,72,85,Good,4,2,Suboptimal
2118,59,29,Master,Operations,Expert,70,70,68,48,4014,Low,Expert,21,4,Low,9,93,82,Excellent,5,4,Reassignment Required
2119,42,11,Master,R&D,High,72,79,70,97,7248,High,Low,6,9,Critical,8,95,77,Average,1,2,Reassignment Required
2120,34,3,Diploma,HR,Medium,50,52,60,98,3016,Low,High,4,5,Medium,8,75,96,Excellent,2,4,Reassignment Required
2121,38,23,Bachelor,Finance,Medium,92,62,78,92,1977,Medium,Medium,9,8,Critical,8,69,78,Average,4,1,Optimal
2122,30,28,PhD,Operations,Expert,80,91,42,87,5210,High,Expert,5,11,High,8,97,84,Average,5,1,Optimal
2123,22,8,Master,Marketing,Expert,44,43,70,44,8034,Low,Low,4,11,Medium,9,93,94,Average,0,3,Suboptimal
2124,23,3,Master,HR,Medium,41,76,57,66,2258,Low,Medium,9,9,High,6,84,95,Good,2,4,Optimal
2125,50,18,Bachelor,Finance,High,52,81,93,51,2297,Low,High,18,4,High,8,60,98,Good,4,2,Optimal
2126,54,23,Master,IT,Low,57,76,48,74,8397,Low,Low,27,4,Low,8,71,74,Excellent,1,2,Optimal
2127,31,13,Master,HR,Medium,65,83,54,68,7872,Medium,Expert,11,2,Low,6,81,90,Poor,3,1,Reassignment Required
2128,42,4,PhD,HR,High,64,72,67,55,5129,High,High,16,9,Critical,5,81,90,Excellent,4,1,Optimal
2129,49,17,Bachelor,R&D,Expert,83,95,32,58,2732,Low,Low,2,3,High,4,61,91,Poor,0,1,Optimal
2130,32,9,Master,Marketing,Medium,53,81,31,88,3942,High,Expert,29,8,High,7,67,89,Average,0,4,Reassignment Required
2131,55,24,Bachelor,R&D,Expert,44,68,34,99,1448,High,High,16,8,Low,5,92,87,Poor,0,2,Optimal
2132,29,18,Master,HR,Low,98,76,90,82,5500,Medium,High,19,8,High,3,64,71,Poor,5,4,Optimal
2133,43,11,PhD,HR,Expert,95,58,49,92,9524,High,Medium,10,5,Medium,9,69,97,Average,2,2,Reassignment Required
2134,29,17,Bachelor,Marketing,Low,81,90,67,90,7133,Medium,Medium,4,8,High,4,62,91,Excellent,5,2,Suboptimal
2135,36,16,Master,Marketing,Expert,91,59,65,66,1165,Medium,Medium,12,11,High,9,70,74,Average,3,3,Optimal
2136,38,29,PhD,Operations,Expert,41,71,75,57,5832,Low,Low,26,9,Low,5,89,89,Average,4,1,Suboptimal
2137,44,23,Master,Finance,Low,43,83,66,98,3774,Medium,High,9,10,Low,3,87,85,Poor,2,4,Suboptimal
2138,45,10,Bachelor,Finance,Expert,51,94,83,80,6020,Low,Medium,13,8,Critical,9,64,85,Average,4,4,Suboptimal
2139,40,2,Master,Operations,High,50,55,50,52,8748,Medium,Expert,5,7,Low,9,71,91,Excellent,1,1,Reassignment Required
2140,26,22,Bachelor,Finance,Expert,43,44,50,69,5744,Medium,Low,2,6,Medium,8,88,98,Poor,1,4,Suboptimal
2141,53,16,Bachelor,HR,Medium,82,88,99,65,1446,High,Medium,3,11,High,2,85,73,Excellent,4,3,Reassignment Required
2142,22,0,Master,Operations,Expert,48,85,89,45,1096,Low,Low,8,11,Critical,3,88,95,Average,2,4,Optimal
2143,44,14,PhD,Operations,High,49,51,65,42,3426,High,High,6,8,High,7,88,89,Excellent,0,2,Suboptimal
2144,58,27,Diploma,Finance,Medium,66,84,40,62,4257,Medium,Expert,29,11,Low,6,73,91,Excellent,2,1,Suboptimal
2145,29,8,PhD,IT,High,45,60,60,51,5726,Low,High,5,3,High,7,95,80,Average,5,1,Suboptimal
2146,34,14,PhD,Finance,Medium,54,53,66,80,7851,Medium,Expert,4,6,High,4,94,98,Good,2,3,Optimal
2147,29,27,Master,R&D,Expert,81,76,89,80,9694,Medium,High,20,9,Medium,5,67,89,Excellent,4,4,Optimal
2148,44,23,PhD,IT,High,70,61,90,54,9189,High,Low,16,7,High,9,75,98,Good,2,2,Reassignment Required
2149,22,27,PhD,Operations,Expert,61,69,96,40,9256,Low,High,8,7,Medium,8,64,85,Average,1,0,Reassignment Required
2150,45,28,Diploma,IT,Medium,92,62,58,89,7740,Low,Expert,12,2,High,7,75,94,Good,4,2,Reassignment Required
2151,56,2,PhD,HR,High,45,44,96,86,7714,Low,Low,22,3,Low,5,72,98,Good,5,2,Reassignment Required
2152,45,21,Diploma,Marketing,Low,72,68,96,47,1661,Medium,Low,5,4,Critical,6,67,92,Good,4,4,Reassignment Required
2153,38,26,Master,IT,High,68,98,45,70,9672,Low,Expert,5,8,Low,9,85,81,Good,4,0,Reassignment Required
2154,26,18,Diploma,R&D,Expert,60,69,74,50,7879,Medium,Expert,22,11,Critical,4,64,98,Excellent,2,3,Optimal
2155,41,12,Bachelor,Marketing,Low,99,57,63,56,5662,Medium,Low,13,7,High,9,68,75,Excellent,3,4,Suboptimal
2156,42,11,Bachelor,HR,Low,93,85,73,66,8815,Medium,Expert,11,6,Low,4,97,85,Poor,5,1,Suboptimal
2157,52,19,Diploma,R&D,Medium,95,89,71,99,4261,Low,High,11,10,Medium,7,61,88,Good,5,0,Suboptimal
2158,57,0,Bachelor,Marketing,Low,91,91,64,70,1405,High,High,19,11,Low,6,66,80,Average,0,1,Optimal
2159,32,20,Master,HR,Low,69,40,59,66,5860,Medium,High,7,8,Medium,4,89,81,Excellent,5,0,Optimal
2160,36,16,Bachelor,Marketing,Medium,60,78,82,53,4560,High,Low,17,10,High,6,76,73,Good,0,1,Reassignment Required
2161,40,12,Diploma,Marketing,High,75,56,87,90,8856,Low,High,5,4,High,3,90,82,Average,1,4,Reassignment Required
2162,28,0,Master,Finance,Expert,94,42,57,98,7690,Low,Low,6,9,Critical,7,60,71,Poor,4,0,Suboptimal
2163,49,9,Bachelor,R&D,High,97,81,44,62,6331,Low,Expert,29,10,Low,8,87,88,Average,0,3,Suboptimal
2164,26,14,Master,R&D,Low,61,46,67,95,4440,Low,High,18,3,High,9,89,80,Average,2,4,Optimal
2165,26,26,Diploma,IT,Expert,85,66,79,44,1741,Low,Low,18,5,Critical,6,90,70,Good,5,0,Optimal
2166,51,26,Bachelor,R&D,High,59,67,42,69,8181,High,Medium,9,3,Critical,5,83,78,Excellent,2,1,Suboptimal
2167,53,29,Master,R&D,Expert,61,83,64,73,8731,Low,High,18,8,High,2,90,79,Average,2,2,Optimal
2168,29,6,Master,Marketing,Low,91,93,53,86,3921,Low,High,19,5,Medium,3,70,72,Average,5,0,Suboptimal
2169,31,27,Bachelor,Operations,High,99,70,94,58,8374,Low,Low,17,7,Medium,7,75,77,Poor,1,4,Suboptimal
2170,59,21,Master,Finance,Expert,79,54,47,96,8023,Low,Low,9,9,Critical,7,68,85,Excellent,4,1,Suboptimal
2171,53,17,Master,IT,Expert,50,94,87,70,6561,Low,Expert,1,7,High,9,89,73,Excellent,0,4,Suboptimal
2172,49,15,Diploma,Finance,High,86,92,55,55,6634,Medium,Low,20,5,Low,7,71,80,Excellent,4,1,Suboptimal
2173,38,13,Diploma,IT,High,70,87,58,84,1910,Medium,Expert,23,7,Low,5,75,77,Excellent,4,4,Suboptimal
2174,52,26,Diploma,HR,Low,90,47,73,66,5702,High,Medium,18,2,Critical,3,92,76,Excellent,2,0,Suboptimal
2175,29,27,Diploma,Marketing,Medium,79,45,34,65,2418,Low,Expert,24,7,Low,5,65,89,Poor,0,0,Reassignment Required
2176,46,17,Diploma,R&D,Expert,52,67,62,78,6798,High,High,13,11,High,8,60,84,Excellent,1,0,Optimal
2177,30,26,Diploma,R&D,High,57,43,34,68,8698,High,Low,8,9,Low,4,72,92,Excellent,4,1,Optimal
2178,23,6,Bachelor,Operations,High,61,69,65,88,5038,Low,Medium,28,5,Low,6,96,97,Good,5,3,Suboptimal
2179,36,16,Diploma,Finance,High,95,82,42,90,4445,Low,Medium,14,10,High,5,94,77,Poor,3,4,Optimal
2180,24,28,Master,Finance,Expert,56,56,54,96,1131,Medium,Low,3,7,Medium,5,85,79,Poor,2,3,Reassignment Required
2181,57,17,Bachelor,Finance,Low,77,73,87,78,6862,Low,High,4,7,Medium,8,68,88,Excellent,3,3,Optimal
2182,25,11,Master,R&D,Medium,64,99,31,83,1152,Medium,Low,11,5,Critical,4,76,74,Average,1,3,Reassignment Required
2183,35,7,Diploma,Finance,Expert,71,45,65,84,3478,High,Low,7,9,High,8,97,96,Good,1,2,Reassignment Required
2184,46,21,Diploma,Marketing,Low,54,75,54,68,9674,High,Low,21,6,Medium,2,94,72,Good,1,4,Suboptimal
2185,31,29,Master,IT,Expert,52,74,63,84,7116,Medium,Expert,5,2,Low,8,84,76,Average,1,2,Optimal
2186,42,1,Master,R&D,Expert,97,78,41,85,1304,Medium,Medium,2,8,Critical,2,66,75,Excellent,0,4,Optimal
2187,57,6,Master,Marketing,High,65,78,48,86,3519,Low,Medium,6,9,High,6,90,86,Excellent,3,2,Reassignment Required
2188,33,3,PhD,HR,Low,89,55,66,70,7112,Medium,High,20,7,High,4,91,79,Poor,2,4,Suboptimal
2189,48,17,PhD,Marketing,High,50,41,30,41,1992,Medium,Medium,5,8,Critical,8,78,90,Excellent,3,0,Suboptimal
2190,23,27,PhD,Marketing,High,52,47,89,45,6647,Low,Low,15,8,Medium,8,76,98,Poor,0,3,Reassignment Required
2191,34,5,PhD,HR,Low,72,54,96,48,8597,High,Medium,11,5,Critical,9,65,98,Poor,4,1,Optimal
2192,53,26,Bachelor,Marketing,High,89,66,78,54,9906,Medium,High,5,5,Critical,3,84,89,Good,1,3,Suboptimal
2193,52,8,Diploma,IT,High,76,55,75,59,2709,Low,Expert,18,2,High,5,92,84,Average,4,4,Reassignment Required
2194,37,26,Master,R&D,Medium,77,40,77,87,9018,Low,Expert,8,3,High,6,78,71,Average,1,1,Suboptimal
2195,53,8,Diploma,Operations,Low,40,98,97,97,1470,Medium,Low,11,4,Low,2,74,70,Poor,2,3,Reassignment Required
2196,53,13,Master,HR,Low,78,49,48,41,4465,High,Low,17,6,Critical,3,94,81,Good,1,4,Suboptimal
2197,55,7,Diploma,R&D,High,66,46,69,42,9932,Low,Medium,14,11,High,7,91,82,Average,1,3,Suboptimal
2198,32,18,Bachelor,Finance,High,75,87,35,94,4566,Medium,Medium,2,10,High,4,97,81,Poor,5,4,Suboptimal
2199,31,2,PhD,IT,Low,71,49,92,91,9704,High,High,7,6,High,9,95,81,Poor,4,2,Suboptimal
2200,36,17,Diploma,Operations,Low,80,51,64,94,6234,Medium,Low,23,7,High,9,91,76,Average,5,2,Reassignment Required
2201,38,4,Master,IT,Expert,54,56,90,92,4285,Low,High,18,8,Critical,9,91,76,Average,4,0,Suboptimal
2202,39,13,Diploma,IT,Low,70,84,34,69,9551,Low,Expert,1,5,Critical,7,99,75,Average,4,1,Optimal
2203,30,27,Bachelor,Finance,Expert,45,51,66,47,1284,Low,Medium,15,9,Medium,5,95,82,Good,0,2,Optimal
2204,46,29,Bachelor,Operations,High,64,54,40,79,4277,Medium,Low,29,7,Critical,7,93,90,Poor,1,4,Optimal
2205,35,3,Diploma,IT,Medium,88,85,69,60,3631,Low,Medium,26,2,High,9,69,78,Excellent,4,3,Suboptimal
2206,46,6,PhD,Finance,Medium,91,90,94,78,2757,Medium,Low,1,7,Low,7,92,85,Average,0,0,Optimal
2207,43,19,Master,HR,Expert,57,71,37,82,6479,High,Expert,17,3,Critical,5,69,71,Good,5,3,Suboptimal
2208,51,24,Bachelor,Finance,High,61,71,40,93,6787,High,High,22,5,Medium,2,94,96,Good,5,3,Suboptimal
2209,41,27,Bachelor,Marketing,High,70,90,87,52,6449,High,Low,26,5,Critical,7,81,80,Average,2,1,Reassignment Required
2210,42,11,Diploma,R&D,High,75,65,77,79,5838,High,Medium,28,11,High,8,82,99,Average,2,3,Optimal
2211,53,1,Bachelor,Finance,Low,48,53,42,80,9549,Low,Low,7,11,Medium,2,66,72,Average,1,1,Reassignment Required
2212,42,10,Bachelor,Finance,High,85,89,89,87,4465,Low,High,16,6,High,6,80,78,Average,4,4,Suboptimal
2213,56,13,Master,Finance,Low,42,65,78,76,7048,Medium,Expert,2,11,High,7,60,81,Good,1,3,Suboptimal
2214,53,21,PhD,IT,Expert,72,44,96,94,7730,High,Medium,15,3,Critical,9,72,98,Average,1,3,Reassignment Required
2215,51,22,Master,Operations,Medium,66,91,36,71,5135,High,Expert,22,7,Critical,9,68,71,Poor,1,3,Suboptimal
2216,33,15,PhD,Finance,Expert,82,77,54,53,4141,Medium,Expert,20,4,Medium,7,79,88,Poor,0,4,Reassignment Required
2217,39,19,Master,Finance,High,40,89,52,40,5553,Medium,High,29,10,Medium,9,69,75,Average,1,2,Optimal
2218,42,28,Diploma,Marketing,High,83,85,80,66,1196,Medium,Low,25,7,Medium,5,85,95,Average,5,2,Suboptimal
2219,34,5,Bachelor,Marketing,Expert,96,43,76,63,2874,Medium,Low,11,4,Medium,5,60,92,Good,2,4,Suboptimal
2220,42,22,PhD,HR,Low,48,67,34,90,6830,High,Low,24,4,Low,7,76,87,Poor,4,0,Reassignment Required
2221,29,3,Diploma,HR,Low,44,94,42,88,7679,Low,Low,24,6,Medium,7,76,82,Poor,3,0,Suboptimal
2222,28,14,Bachelor,Marketing,Low,54,40,71,61,8986,High,Medium,2,7,Critical,8,98,83,Good,3,1,Optimal
2223,44,23,Bachelor,Operations,Medium,89,52,34,53,1937,Medium,Expert,11,5,Low,5,71,77,Average,3,4,Optimal
2224,53,24,Bachelor,HR,Medium,48,82,52,84,3194,Low,Low,21,6,High,5,74,78,Excellent,4,0,Optimal
2225,32,0,Master,R&D,High,84,42,91,47,5125,High,Expert,16,4,High,3,60,82,Good,1,1,Suboptimal
2226,43,6,Diploma,R&D,Expert,67,88,30,66,7250,Medium,Medium,2,11,Medium,4,91,99,Good,5,3,Reassignment Required
2227,43,24,Diploma,Operations,Expert,52,89,83,42,9581,Low,Medium,19,5,High,3,70,86,Excellent,4,3,Optimal
2228,46,11,Bachelor,Marketing,High,63,64,32,72,9162,Low,Medium,16,9,Low,7,64,75,Poor,4,0,Optimal
2229,43,9,PhD,HR,Low,84,81,93,90,7549,Medium,Expert,8,9,Critical,4,77,89,Good,5,1,Suboptimal
2230,49,4,Diploma,Finance,Medium,98,55,80,86,8178,Low,Low,21,2,Critical,3,77,79,Poor,0,1,Reassignment Required
2231,50,11,Master,Marketing,Expert,49,60,31,60,9538,High,Expert,20,5,Low,6,82,80,Poor,5,2,Reassignment Required
2232,34,17,PhD,HR,High,81,52,78,98,9310,High,Low,5,3,Medium,4,66,79,Good,4,0,Optimal
2233,39,9,PhD,Operations,Low,61,91,60,71,9054,High,High,8,5,Medium,5,85,90,Good,0,2,Reassignment Required
2234,23,5,PhD,R&D,Low,78,83,32,79,5615,Low,Low,26,6,Medium,9,60,75,Average,2,4,Optimal
2235,50,27,PhD,Operations,Medium,99,75,64,80,3466,Low,Low,14,2,Low,4,87,75,Poor,0,1,Suboptimal
2236,42,11,Diploma,HR,Medium,61,47,65,84,9775,Medium,Low,14,6,Medium,5,79,84,Good,3,2,Optimal
2237,36,6,Bachelor,Operations,High,76,83,93,83,3759,Medium,Medium,23,8,Critical,6,82,76,Poor,0,1,Suboptimal
2238,48,17,PhD,HR,High,91,58,61,80,2708,Low,High,22,6,Low,9,91,94,Good,2,4,Optimal
2239,52,1,Master,HR,Low,78,86,47,71,6408,High,Low,18,8,Low,8,97,81,Good,4,2,Suboptimal
2240,36,9,Master,Operations,Low,59,99,63,91,7377,Low,High,26,10,High,7,98,89,Average,3,4,Suboptimal
2241,44,14,Bachelor,IT,Expert,49,55,85,63,7404,High,Expert,5,9,High,8,77,78,Average,0,1,Reassignment Required
2242,45,29,Diploma,Finance,Low,49,51,96,50,8076,Medium,Expert,10,2,Medium,4,92,70,Average,5,1,Optimal
2243,34,11,Bachelor,Marketing,High,65,59,82,76,7221,Low,Medium,15,11,Medium,2,84,94,Good,1,3,Suboptimal
2244,43,25,PhD,R&D,Medium,64,57,96,90,5837,Low,Expert,13,11,Critical,5,91,97,Average,5,1,Optimal
2245,58,16,Diploma,Finance,High,92,93,95,60,9863,Low,High,9,3,Medium,4,87,93,Poor,4,3,Suboptimal
2246,54,3,Diploma,Marketing,Expert,95,51,93,57,2685,High,High,25,7,Critical,9,72,85,Poor,3,4,Optimal
2247,24,6,PhD,Marketing,Expert,67,87,96,50,3485,Medium,High,9,6,Medium,3,78,87,Good,3,0,Reassignment Required
2248,40,29,Master,R&D,Medium,52,64,68,66,8940,High,High,19,2,Critical,8,62,92,Average,0,4,Optimal
2249,44,8,PhD,Finance,High,54,99,67,82,4601,Medium,High,25,3,Low,4,86,76,Excellent,4,3,Optimal
2250,50,18,Bachelor,R&D,Expert,99,91,69,77,2453,High,Medium,9,4,Critical,5,76,87,Good,4,0,Optimal
2251,51,27,PhD,HR,High,99,50,48,40,4206,Medium,Low,5,11,Medium,2,88,77,Excellent,1,3,Optimal
2252,46,26,Master,R&D,Expert,45,61,34,93,7712,High,Expert,29,6,High,2,92,91,Good,1,1,Suboptimal
2253,58,22,PhD,Operations,Medium,91,91,98,68,3990,Low,High,6,8,Medium,9,87,84,Excellent,3,3,Reassignment Required
2254,29,6,Bachelor,IT,Expert,51,85,43,60,8546,High,Expert,23,7,Low,8,79,75,Poor,5,0,Suboptimal
2255,37,22,Bachelor,IT,High,58,73,78,68,2350,Low,Medium,10,4,High,3,93,97,Excellent,3,3,Optimal
2256,29,1,Master,IT,High,71,52,93,48,7342,Low,Medium,26,7,Critical,6,75,96,Average,2,2,Optimal
2257,22,5,Bachelor,Finance,Expert,50,85,86,46,8338,Low,Low,10,5,High,2,98,90,Excellent,3,2,Suboptimal
2258,26,17,Bachelor,Finance,Low,77,77,64,77,6434,High,Medium,6,4,Medium,7,61,81,Excellent,1,4,Optimal
2259,24,5,PhD,HR,Medium,72,51,34,70,4949,Low,Low,21,5,High,6,87,96,Poor,0,4,Reassignment Required
2260,22,12,Diploma,IT,Medium,41,78,68,66,2279,High,High,29,9,High,5,76,84,Average,2,0,Optimal
2261,25,25,Bachelor,HR,Expert,94,75,53,99,6998,Medium,Medium,1,2,Medium,4,79,93,Average,3,3,Reassignment Required
2262,56,18,Bachelor,IT,Expert,54,67,69,94,1820,High,Expert,20,4,Medium,6,77,84,Excellent,1,1,Optimal
2263,53,29,Master,Finance,Low,75,66,79,81,7119,High,Medium,13,11,Low,7,87,98,Good,5,0,Reassignment Required
2264,55,1,Master,Operations,Medium,44,78,87,71,3295,High,Medium,8,9,High,9,87,79,Average,2,0,Suboptimal
2265,46,11,PhD,Operations,Low,54,52,30,44,1003,Medium,High,24,11,Critical,9,75,78,Average,0,0,Suboptimal
2266,31,14,PhD,Operations,Medium,82,82,72,72,3560,Medium,Low,28,10,Medium,5,92,83,Good,0,4,Optimal
2267,42,13,Bachelor,R&D,Expert,49,79,68,54,7981,Medium,Low,13,4,High,5,80,90,Poor,5,0,Optimal
2268,48,5,Diploma,Operations,Medium,56,66,39,96,1030,Low,Medium,6,10,Medium,8,64,83,Poor,1,3,Suboptimal
2269,48,17,Diploma,Marketing,Medium,73,90,31,44,6952,High,Expert,29,11,Low,5,96,86,Poor,4,0,Reassignment Required
2270,23,4,PhD,IT,Medium,91,70,92,59,9132,High,Medium,19,11,Medium,9,77,80,Average,5,1,Suboptimal
2271,34,17,Master,Operations,Low,63,41,45,77,1885,Low,Expert,12,5,Medium,9,64,75,Average,1,0,Optimal
2272,30,2,Bachelor,Marketing,Low,49,92,66,76,8492,Low,High,15,5,Low,7,70,81,Good,1,4,Suboptimal
2273,57,2,Bachelor,Marketing,Medium,91,57,45,56,5843,High,High,8,8,Medium,3,81,97,Good,1,4,Suboptimal
2274,43,21,Diploma,Marketing,High,69,65,56,89,5038,Low,Low,23,7,Low,7,82,86,Good,4,1,Optimal
2275,47,21,PhD,HR,Low,42,92,92,43,3290,Low,Expert,11,11,High,3,85,98,Excellent,3,0,Optimal
2276,33,9,Diploma,HR,Expert,90,81,93,95,4894,Medium,Medium,9,4,High,6,86,74,Poor,3,0,Optimal
2277,38,18,Diploma,Marketing,Expert,99,70,61,60,5596,Low,Medium,19,9,High,5,62,75,Average,0,0,Suboptimal
2278,35,2,PhD,R&D,Medium,76,77,38,94,1204,Low,Medium,11,6,Critical,6,61,72,Good,3,4,Reassignment Required
2279,35,28,Master,Operations,Expert,42,95,40,73,6502,High,Medium,6,3,Medium,2,76,97,Average,1,0,Suboptimal
2280,55,11,Bachelor,IT,Low,79,61,99,79,9197,Low,High,15,11,Low,6,62,70,Excellent,5,4,Reassignment Required
2281,41,28,Master,R&D,High,44,75,59,44,8820,Low,Expert,17,4,Medium,4,62,87,Good,3,4,Reassignment Required
2282,32,15,PhD,Finance,High,67,58,44,43,9140,Low,High,12,8,Critical,5,99,83,Good,4,3,Reassignment Required
2283,37,16,PhD,HR,High,83,53,88,96,1531,Medium,Expert,24,11,Medium,9,75,81,Excellent,5,2,Optimal
2284,52,6,Bachelor,Operations,Expert,53,53,77,61,9016,High,Low,2,10,Critical,6,71,81,Poor,3,4,Optimal
2285,27,12,Master,Operations,Medium,78,89,89,53,1226,Medium,Expert,21,2,Medium,3,60,80,Poor,1,2,Optimal
2286,40,23,Bachelor,Finance,Expert,50,68,97,43,7142,Low,Medium,22,7,Critical,4,63,97,Average,3,3,Reassignment Required
2287,58,1,Diploma,Finance,Medium,47,56,86,47,8482,High,High,4,10,Low,6,76,88,Average,5,2,Reassignment Required
2288,25,3,Diploma,Operations,High,76,89,93,42,3099,High,Medium,25,8,Medium,6,78,72,Good,0,2,Reassignment Required
2289,25,9,Diploma,Finance,Low,47,89,83,85,8313,Low,Expert,3,4,Medium,8,63,71,Poor,3,1,Suboptimal
2290,41,6,Master,Operations,Expert,51,76,83,68,8290,Medium,Expert,2,8,Low,6,98,91,Average,0,1,Reassignment Required
2291,31,23,Diploma,R&D,Low,54,48,88,65,5566,Low,Low,19,3,Low,9,79,76,Poor,2,2,Optimal
2292,45,16,Bachelor,Finance,High,58,40,68,89,3661,Medium,Expert,5,11,High,7,98,90,Average,4,4,Suboptimal
2293,56,19,Master,R&D,Medium,87,43,44,94,2664,Low,Expert,17,3,Critical,7,63,92,Excellent,0,0,Reassignment Required
2294,47,5,Bachelor,R&D,Low,85,97,57,69,2525,High,Medium,16,2,Low,7,76,81,Excellent,5,0,Optimal
2295,58,18,PhD,Finance,Expert,67,46,65,51,4750,High,Expert,16,4,High,3,74,88,Average,2,3,Reassignment Required
2296,59,4,Master,Operations,Low,46,50,83,54,7757,Medium,Expert,26,2,Critical,6,87,96,Excellent,2,4,Optimal
2297,42,9,Bachelor,Marketing,Low,79,53,46,91,4654,Low,High,12,9,High,7,75,90,Poor,1,2,Optimal
2298,42,8,Bachelor,Operations,Expert,46,81,51,91,3567,Medium,High,4,9,Medium,2,65,82,Average,2,1,Optimal
2299,31,26,Master,IT,Medium,69,58,65,97,2096,High,Low,17,5,Critical,9,87,88,Excellent,4,0,Reassignment Required
2300,59,12,PhD,Finance,Expert,57,79,58,80,4098,High,Low,25,2,Medium,2,91,73,Average,4,2,Optimal
2301,25,18,Master,HR,High,63,42,84,41,4240,Medium,Medium,19,3,Medium,2,76,91,Poor,4,0,Reassignment Required
2302,41,20,Diploma,Finance,Medium,45,47,71,40,8967,Medium,Medium,2,3,Medium,6,84,81,Poor,4,1,Optimal
2303,38,23,Diploma,IT,Low,97,68,61,86,7728,Medium,High,5,3,Medium,4,98,99,Average,1,1,Reassignment Required
2304,28,5,PhD,R&D,Expert,90,89,43,94,6328,Medium,High,1,10,Medium,8,76,73,Average,3,4,Suboptimal
2305,25,3,Bachelor,HR,High,43,76,47,86,8778,Medium,High,26,8,Medium,8,74,82,Poor,5,2,Optimal
2306,50,23,Bachelor,HR,Expert,94,91,67,67,9079,Low,Low,14,10,High,9,77,89,Average,5,2,Reassignment Required
2307,35,26,Bachelor,Operations,Medium,42,82,63,79,4614,Medium,Low,23,11,High,3,79,76,Average,0,3,Reassignment Required
2308,24,2,Master,Marketing,High,88,48,74,74,1847,Medium,Expert,9,11,Critical,2,82,75,Average,1,3,Reassignment Required
2309,45,2,Master,Operations,Low,93,58,61,73,4616,High,Low,17,3,Critical,2,64,81,Good,5,1,Optimal
2310,58,3,PhD,HR,Medium,90,51,96,43,3704,High,Expert,12,6,Critical,7,98,81,Poor,1,4,Suboptimal
2311,37,24,Diploma,HR,High,98,66,92,57,7754,Low,Medium,24,2,Medium,4,71,85,Good,0,2,Optimal
2312,25,4,Bachelor,Marketing,Medium,86,76,84,51,4893,Medium,Low,24,3,Medium,9,76,82,Good,5,4,Optimal
2313,45,7,Diploma,Finance,Low,97,87,72,89,3994,Medium,Medium,23,5,High,2,89,86,Good,0,1,Suboptimal
2314,55,15,Master,Marketing,High,45,97,51,60,5533,High,Expert,26,11,High,3,78,77,Excellent,3,1,Suboptimal
2315,51,21,Master,R&D,Expert,65,64,97,49,2500,High,Medium,20,2,Critical,4,91,70,Good,3,3,Suboptimal
2316,39,2,Master,Operations,Expert,83,84,58,60,3442,High,Medium,12,9,Low,5,75,81,Average,4,3,Optimal
2317,40,23,Diploma,Finance,Low,90,77,69,79,2725,Medium,Low,15,7,Low,3,61,94,Good,5,2,Suboptimal
2318,52,11,PhD,Operations,High,77,87,74,64,8341,Medium,Expert,16,2,Medium,3,71,89,Excellent,3,4,Suboptimal
2319,40,24,PhD,Marketing,Low,50,89,39,89,1325,Low,Expert,23,10,Medium,6,62,76,Excellent,3,1,Suboptimal
2320,40,7,Master,Finance,Low,91,56,74,56,5417,High,High,18,2,Medium,5,67,90,Good,0,3,Optimal
2321,43,12,Bachelor,Marketing,Medium,68,83,46,90,3666,High,Low,22,5,High,5,96,81,Poor,2,4,Suboptimal
2322,45,3,Diploma,R&D,Expert,59,98,31,45,5361,High,Low,14,6,Medium,8,83,95,Average,4,1,Optimal
2323,33,13,Master,IT,Low,49,72,46,53,8152,High,Expert,12,10,Medium,4,84,88,Average,4,4,Suboptimal
2324,51,13,Diploma,HR,Medium,65,78,67,76,1841,High,Low,11,3,Medium,2,84,82,Poor,1,0,Suboptimal
2325,59,12,Diploma,Finance,Low,87,53,66,79,5778,Medium,Medium,15,10,Low,5,73,93,Average,3,0,Reassignment Required
2326,52,26,PhD,HR,Low,66,67,92,79,3071,Medium,High,21,2,Low,4,95,99,Excellent,3,3,Reassignment Required
2327,57,5,Master,IT,Low,89,57,34,57,2284,High,Expert,21,5,Critical,5,74,79,Excellent,0,0,Optimal
2328,40,16,PhD,Finance,Expert,53,94,54,69,2378,High,Low,27,8,Medium,7,91,71,Average,3,1,Reassignment Required
2329,57,3,Master,HR,High,75,72,51,48,7339,Medium,Low,8,5,High,3,61,96,Poor,1,3,Reassignment Required
2330,51,7,Diploma,HR,Expert,98,91,92,53,3658,Medium,Medium,17,9,Low,7,80,95,Average,0,4,Reassignment Required
2331,54,16,PhD,Finance,Medium,51,81,64,85,4561,Low,Low,8,8,Critical,5,63,72,Good,4,2,Optimal
2332,39,2,Diploma,HR,High,91,54,84,91,7007,Medium,Low,4,7,Medium,2,88,81,Excellent,3,0,Suboptimal
2333,49,16,Master,HR,Medium,98,50,49,85,6452,Low,Medium,29,6,Low,4,88,74,Excellent,3,0,Optimal
2334,32,8,Bachelor,Finance,Low,62,75,34,56,5012,High,Low,10,11,High,2,82,74,Good,1,3,Reassignment Required
2335,54,1,PhD,HR,High,60,54,68,73,2978,High,High,6,4,High,6,62,74,Excellent,5,1,Optimal
2336,38,24,PhD,HR,Medium,47,92,92,85,5416,High,Medium,6,9,High,2,80,76,Good,1,0,Optimal
2337,27,12,Diploma,Operations,Low,78,87,61,98,6496,Medium,Expert,17,5,High,2,75,77,Excellent,0,4,Optimal
2338,25,19,Diploma,R&D,Medium,97,69,92,61,8874,Medium,High,8,9,Medium,4,79,93,Poor,4,1,Suboptimal
2339,41,1,Bachelor,Operations,Medium,48,97,69,92,3224,High,Low,13,2,Critical,7,94,96,Excellent,5,0,Suboptimal
2340,48,19,PhD,IT,Expert,63,54,46,71,8089,High,Medium,15,3,Critical,3,64,88,Average,5,0,Reassignment Required
2341,36,27,Master,Operations,Low,70,88,61,51,1953,Low,Medium,4,3,High,7,85,93,Average,1,4,Suboptimal
2342,27,10,Master,Operations,Expert,64,62,52,94,7934,Medium,Low,29,7,Medium,5,66,85,Average,1,0,Reassignment Required
2343,35,26,PhD,IT,High,56,82,89,96,6917,Medium,Expert,28,6,Critical,5,75,79,Average,4,1,Suboptimal
2344,32,25,PhD,HR,Low,81,89,85,55,9261,Low,High,25,11,Critical,8,76,82,Poor,2,2,Reassignment Required
2345,30,21,PhD,HR,Expert,68,99,38,61,6742,High,Low,15,11,Critical,4,61,71,Excellent,0,2,Optimal
2346,47,14,Bachelor,Operations,Expert,99,87,98,77,5253,High,Expert,23,8,High,4,71,73,Average,5,0,Reassignment Required
2347,37,10,Master,IT,High,42,98,91,89,1548,Medium,Medium,14,3,Medium,7,72,71,Excellent,2,3,Suboptimal
2348,26,22,Master,HR,Medium,60,54,93,78,2839,Medium,Medium,11,10,High,8,64,90,Poor,4,1,Reassignment Required
2349,31,2,Diploma,Marketing,Medium,96,68,51,41,2951,High,Medium,20,3,Medium,3,75,72,Good,5,2,Suboptimal
2350,24,2,Diploma,Finance,Medium,47,50,61,84,3507,Low,Low,28,2,Low,3,87,79,Poor,5,3,Optimal
2351,34,27,PhD,Finance,High,53,84,76,94,7350,Low,Expert,17,3,Medium,6,67,95,Average,3,2,Optimal
2352,51,25,Diploma,R&D,Expert,97,57,31,47,8603,Low,Low,25,4,Medium,5,87,80,Poor,5,3,Suboptimal
2353,27,11,Bachelor,Finance,Low,78,79,81,83,3625,Medium,Low,10,7,High,5,67,72,Average,0,0,Reassignment Required
2354,38,23,Master,Operations,High,55,70,43,40,6893,Low,High,6,8,High,8,88,74,Poor,4,3,Optimal
2355,40,4,Master,Finance,Medium,57,48,66,80,8400,Medium,High,6,7,Low,6,77,89,Average,4,0,Reassignment Required
2356,56,19,Diploma,Finance,Medium,70,61,56,79,3153,Medium,High,1,2,High,4,75,75,Good,5,3,Optimal
2357,47,6,PhD,Marketing,Low,50,50,53,80,5761,High,Expert,5,10,Medium,8,85,90,Good,0,3,Optimal
2358,26,6,Diploma,HR,High,77,56,93,44,8185,High,Medium,4,9,Critical,5,81,95,Excellent,2,3,Reassignment Required
2359,50,12,PhD,Marketing,Medium,59,72,99,84,4566,Low,High,11,3,High,2,74,82,Excellent,3,1,Suboptimal
2360,58,8,Bachelor,Operations,High,92,50,55,85,1259,Low,Medium,17,2,Critical,4,72,74,Poor,2,2,Suboptimal
2361,41,24,Master,Finance,Expert,85,78,83,75,9504,Medium,Expert,7,8,Critical,8,81,72,Good,1,3,Suboptimal
2362,42,20,Bachelor,HR,High,92,47,44,56,2844,High,High,20,4,Critical,4,80,89,Average,2,0,Suboptimal
2363,31,12,Master,R&D,Expert,84,90,58,80,8269,High,High,3,4,High,3,83,99,Good,1,3,Reassignment Required
2364,26,11,Bachelor,R&D,Low,43,96,57,69,2533,Medium,Medium,2,11,Medium,9,60,81,Good,0,1,Reassignment Required
2365,57,12,Diploma,Finance,Expert,59,43,88,91,6596,Low,Low,8,10,Critical,7,88,98,Good,5,1,Optimal
2366,27,23,Bachelor,Finance,Expert,70,75,50,54,5769,Low,Expert,5,3,Low,8,60,72,Good,1,1,Optimal
2367,47,9,Bachelor,R&D,Low,59,58,39,59,3020,Medium,Expert,26,6,High,6,60,88,Average,4,3,Optimal
2368,25,0,Diploma,R&D,Medium,50,63,33,75,7358,High,High,25,5,Critical,7,68,84,Good,5,3,Reassignment Required
2369,56,24,Master,Operations,Low,89,80,91,41,6502,Medium,Expert,5,2,Critical,7,80,79,Good,5,3,Optimal
2370,22,7,Master,Finance,High,40,88,33,99,6243,Medium,Medium,10,7,High,4,73,94,Poor,5,2,Reassignment Required
2371,45,21,Diploma,R&D,Low,83,57,35,98,2691,Low,Low,12,7,Medium,3,87,95,Excellent,1,3,Reassignment Required
2372,57,15,Bachelor,IT,High,57,72,45,84,9519,High,Low,17,2,Low,2,77,75,Excellent,4,4,Reassignment Required
2373,27,12,Bachelor,R&D,Medium,78,85,67,43,2588,Low,Expert,14,8,Critical,2,92,85,Excellent,4,1,Optimal
2374,52,2,Bachelor,HR,High,83,75,78,89,4753,Low,Low,26,7,Low,5,61,84,Excellent,2,3,Suboptimal
2375,41,2,PhD,HR,Low,72,49,90,63,1097,High,Medium,5,5,High,9,93,95,Average,5,2,Reassignment Required
2376,45,23,Master,IT,Low,93,94,94,87,5754,Low,High,5,8,Medium,6,83,71,Poor,5,0,Optimal
2377,46,4,Bachelor,Operations,Medium,75,53,79,94,7173,Medium,High,24,4,High,6,78,86,Poor,3,1,Optimal
2378,57,25,Master,Finance,Low,57,46,46,98,9052,Medium,Expert,6,11,Medium,3,61,85,Poor,5,3,Suboptimal
2379,42,10,Bachelor,Finance,Medium,86,51,57,81,6018,High,Expert,15,7,Critical,5,65,72,Good,2,3,Reassignment Required
2380,51,29,Diploma,R&D,Medium,70,61,73,41,6704,Medium,Expert,27,7,Critical,7,74,88,Good,2,0,Reassignment Required
2381,45,6,Diploma,HR,Low,74,66,41,85,8911,Medium,High,5,11,Critical,6,70,73,Poor,4,2,Optimal
2382,51,20,Master,Operations,Expert,78,87,99,41,9276,Medium,Expert,29,7,Medium,5,75,89,Average,3,4,Reassignment Required
2383,43,23,Master,Operations,High,77,76,32,89,2277,Medium,Low,8,4,High,3,80,98,Excellent,4,0,Suboptimal
2384,49,9,Diploma,Operations,Expert,54,50,78,40,1518,Low,High,1,11,Critical,5,86,99,Average,5,2,Reassignment Required
2385,28,9,PhD,R&D,Medium,86,75,50,52,6426,Medium,Medium,21,6,Medium,8,81,74,Poor,3,2,Optimal
2386,56,19,Diploma,Finance,High,45,99,37,45,8815,High,Expert,3,2,Critical,4,62,82,Excellent,1,3,Reassignment Required
2387,49,1,Bachelor,Operations,Expert,47,52,93,61,1183,Low,High,21,7,High,4,62,89,Excellent,4,3,Reassignment Required
2388,35,2,PhD,R&D,Low,79,71,88,56,3388,Medium,Expert,19,8,Low,4,80,97,Excellent,2,1,Reassignment Required
2389,31,7,Diploma,R&D,Expert,61,47,59,98,5322,Medium,High,15,6,Low,4,65,71,Average,4,3,Reassignment Required
2390,37,10,PhD,IT,High,40,46,61,88,5932,High,High,4,6,High,9,84,96,Poor,0,3,Optimal
2391,37,12,PhD,Marketing,High,97,82,49,61,4827,Low,High,27,7,Critical,2,96,81,Good,0,2,Optimal
2392,52,6,PhD,Operations,High,52,82,45,82,3497,Medium,Medium,25,8,Critical,7,89,86,Excellent,0,3,Reassignment Required
2393,46,12,Master,Marketing,High,94,97,54,45,4479,High,High,2,5,Low,2,98,79,Excellent,2,3,Optimal
2394,34,1,Diploma,Finance,Expert,63,56,89,91,9757,Low,Low,26,8,Low,6,79,92,Excellent,2,3,Optimal
2395,27,5,Master,R&D,Low,60,61,74,42,2935,Low,Expert,28,6,Low,2,60,78,Excellent,0,4,Optimal
2396,30,8,Master,Operations,Low,84,85,38,85,7275,Medium,Expert,17,8,Low,7,94,78,Excellent,5,4,Reassignment Required
2397,57,19,Bachelor,HR,High,82,73,80,96,1349,High,Expert,12,2,Medium,8,85,96,Good,2,1,Reassignment Required
2398,41,24,Bachelor,Finance,Low,43,59,90,45,1098,High,High,20,11,High,5,80,86,Excellent,5,0,Reassignment Required
2399,39,1,PhD,IT,Expert,46,92,69,56,2769,Medium,Expert,8,3,Critical,5,69,78,Excellent,2,2,Reassignment Required
2400,42,17,PhD,IT,Low,99,47,90,74,2804,Medium,Low,29,3,Critical,2,88,83,Good,2,1,Suboptimal
2401,25,15,Bachelor,Marketing,Medium,51,61,96,88,9112,Medium,Low,5,8,High,5,62,86,Average,0,2,Reassignment Required
2402,54,24,Bachelor,R&D,Low,98,66,44,90,5170,High,Low,25,10,Critical,7,72,86,Poor,1,0,Reassignment Required
2403,48,11,Diploma,Marketing,High,52,73,82,89,1401,Low,Medium,10,8,Critical,6,68,71,Average,5,0,Reassignment Required
2404,28,6,PhD,HR,Low,93,60,33,76,9379,Medium,Low,19,7,Low,3,75,95,Excellent,5,1,Suboptimal
2405,27,6,PhD,HR,Low,83,54,52,86,9330,Medium,Low,29,4,Critical,2,87,96,Average,1,4,Reassignment Required
2406,36,16,Bachelor,IT,Low,55,44,56,74,1142,Low,Expert,9,6,High,4,87,84,Good,3,4,Suboptimal
2407,39,12,Diploma,Operations,Low,45,77,66,62,1220,Low,High,16,11,High,5,70,80,Excellent,4,4,Suboptimal
2408,53,10,Bachelor,IT,Medium,53,56,72,47,5240,High,Expert,1,3,High,5,89,91,Average,1,3,Reassignment Required
2409,32,5,Bachelor,IT,Expert,90,47,66,46,8001,Medium,Medium,15,10,Critical,3,70,94,Poor,3,3,Reassignment Required
2410,41,28,Master,HR,High,87,58,58,89,1387,High,Medium,2,7,Medium,9,88,74,Average,1,1,Suboptimal
2411,45,22,PhD,Marketing,High,98,44,58,49,6991,Low,Medium,25,10,Low,6,71,78,Excellent,0,3,Optimal
2412,36,26,Diploma,HR,Low,97,62,78,65,1559,Medium,Low,14,10,High,8,67,78,Excellent,3,2,Suboptimal
2413,28,13,Master,R&D,Expert,70,58,80,94,2839,High,Low,25,8,Medium,5,69,83,Excellent,0,1,Suboptimal
2414,42,5,PhD,HR,Low,75,53,79,49,2771,High,Low,26,6,Critical,4,94,77,Good,0,1,Reassignment Required
2415,47,5,Bachelor,HR,Medium,76,49,57,58,9556,Low,High,21,5,Low,3,95,80,Excellent,3,0,Reassignment Required
2416,35,1,Diploma,IT,Expert,80,70,34,62,9608,Medium,Expert,16,2,Medium,8,72,81,Average,5,0,Optimal
2417,58,21,PhD,Operations,Expert,95,52,85,70,8676,High,Low,10,10,Critical,9,86,76,Poor,5,1,Suboptimal
2418,42,19,Bachelor,IT,Expert,74,61,93,72,3068,High,Medium,12,7,Critical,5,99,72,Average,3,4,Suboptimal
2419,39,24,Master,Finance,Expert,93,76,46,41,7757,Low,High,13,3,Medium,7,61,95,Poor,1,0,Optimal
2420,26,14,Diploma,HR,Low,49,78,84,67,1516,Medium,High,20,8,Medium,7,87,72,Excellent,1,3,Optimal
2421,24,27,PhD,HR,Medium,56,49,38,97,1660,Low,Medium,9,7,High,4,93,83,Poor,4,1,Suboptimal
2422,44,16,Master,Finance,Expert,90,70,97,71,4416,High,Low,28,5,Low,8,80,73,Good,1,2,Suboptimal
2423,47,28,Bachelor,HR,High,81,82,45,72,9521,Medium,High,26,7,Low,7,65,94,Good,5,1,Optimal
2424,58,7,Bachelor,HR,High,69,74,45,48,1377,Low,Medium,2,7,High,5,98,97,Good,3,2,Reassignment Required
2425,45,4,PhD,R&D,Medium,83,52,42,68,1159,Medium,Low,19,6,Low,4,85,83,Good,1,0,Suboptimal
2426,40,16,Bachelor,HR,High,94,69,92,54,5174,Medium,High,15,2,Low,7,95,83,Good,3,4,Suboptimal
2427,46,19,Diploma,Finance,Low,46,73,70,57,3199,Medium,High,15,4,Critical,8,99,72,Poor,4,2,Suboptimal
2428,42,0,PhD,IT,Low,57,75,82,57,7276,High,Expert,24,8,Medium,3,77,82,Poor,3,4,Suboptimal
2429,33,21,Master,HR,Medium,58,74,97,93,2988,Medium,Expert,1,3,High,9,98,77,Excellent,4,2,Optimal
2430,54,17,PhD,Operations,Expert,54,86,38,46,7777,Low,High,18,11,Medium,8,64,93,Poor,4,4,Optimal
2431,25,14,PhD,Finance,High,78,43,80,53,7312,Medium,High,21,11,Low,8,85,75,Poor,4,2,Optimal
2432,28,4,Master,Marketing,High,83,94,77,68,9168,Medium,High,7,2,Low,6,70,71,Average,0,1,Optimal
2433,43,6,Bachelor,R&D,Medium,61,92,78,89,1865,High,Expert,10,9,High,2,75,75,Excellent,5,1,Optimal
2434,54,17,Master,Finance,Medium,78,43,47,91,9582,Low,Low,29,8,Medium,9,78,89,Poor,2,0,Reassignment Required
2435,38,5,Diploma,IT,High,81,86,39,58,5915,Medium,Expert,9,7,Critical,7,64,83,Excellent,5,1,Reassignment Required
2436,45,21,Bachelor,Finance,Expert,96,45,83,44,7241,High,Medium,19,11,Medium,2,66,76,Good,3,3,Reassignment Required
2437,55,20,PhD,Marketing,Medium,95,94,44,80,8135,High,High,11,6,Medium,6,62,96,Poor,5,0,Reassignment Required
2438,49,4,Bachelor,R&D,Low,93,67,40,89,2554,Medium,Medium,4,7,High,5,84,86,Average,1,1,Optimal
2439,43,29,Bachelor,Operations,High,99,69,69,84,5047,Medium,Medium,26,2,Critical,3,69,72,Average,2,1,Optimal
2440,38,18,Diploma,Marketing,Medium,69,66,76,44,1131,Medium,Medium,1,10,Medium,9,64,99,Good,5,3,Reassignment Required
2441,55,9,Bachelor,Finance,Medium,59,44,49,95,4679,High,Expert,12,2,Medium,4,91,83,Average,2,4,Optimal
2442,27,14,Bachelor,Marketing,Medium,71,83,51,93,7353,Medium,Expert,1,5,Low,8,91,93,Average,5,1,Optimal
2443,27,9,Bachelor,Finance,High,81,78,77,91,4076,High,Low,17,4,Low,3,64,70,Good,0,2,Suboptimal
2444,55,26,PhD,Operations,Low,64,74,45,54,2521,Low,Medium,20,5,Critical,6,78,98,Poor,3,4,Suboptimal
2445,22,15,Bachelor,Operations,Low,62,78,34,65,4269,Medium,Medium,9,2,Medium,5,71,95,Average,3,2,Reassignment Required
2446,31,11,Master,IT,High,44,83,94,63,1440,Low,Expert,8,11,Medium,5,90,81,Average,1,4,Optimal
2447,42,17,Bachelor,Operations,Medium,89,54,50,58,2203,Low,Medium,4,5,Low,8,76,72,Poor,0,2,Suboptimal
2448,26,22,Diploma,HR,High,80,58,90,59,9432,Low,Expert,8,5,Critical,9,81,88,Good,5,1,Optimal
2449,23,0,Bachelor,Marketing,High,69,69,84,82,4391,High,High,23,4,High,6,81,81,Average,5,2,Suboptimal
2450,43,15,Bachelor,Marketing,Medium,87,77,53,48,4721,High,High,22,9,Low,3,85,93,Average,5,1,Reassignment Required
2451,23,21,PhD,Finance,High,78,71,52,92,7775,High,Medium,10,8,Medium,9,90,83,Good,5,3,Optimal
2452,31,5,Master,Operations,Expert,96,79,40,93,8160,High,Low,28,10,High,2,65,70,Average,2,2,Optimal
2453,55,2,Bachelor,IT,Low,66,68,76,67,8875,Low,Expert,18,3,Medium,3,71,95,Poor,5,0,Suboptimal
2454,37,1,Master,IT,Expert,96,45,31,55,2887,High,High,15,11,Medium,9,86,74,Average,3,0,Reassignment Required
2455,43,27,Diploma,IT,Expert,81,65,99,50,5270,Low,High,19,4,Medium,9,76,76,Average,0,2,Suboptimal
2456,33,1,PhD,R&D,Expert,76,66,82,73,9389,Low,Medium,20,7,Critical,7,69,89,Average,4,1,Reassignment Required
2457,45,29,Master,HR,High,46,74,40,64,8705,High,Expert,23,3,High,5,64,95,Poor,3,4,Reassignment Required
2458,59,12,PhD,Operations,Medium,44,67,44,79,5194,Low,Medium,24,3,Medium,9,63,88,Poor,5,3,Reassignment Required
2459,31,8,Bachelor,IT,High,54,44,41,94,1744,High,Expert,11,11,Critical,5,98,95,Excellent,2,2,Optimal
2460,56,15,Diploma,HR,Low,90,80,65,96,6546,Low,Low,24,3,High,8,74,75,Average,4,3,Suboptimal
2461,53,26,PhD,Marketing,High,81,95,52,60,1452,Medium,Expert,4,3,Low,7,61,90,Poor,4,1,Optimal
2462,28,4,Bachelor,Finance,High,47,87,56,44,4262,High,High,9,6,Critical,8,67,87,Average,5,0,Optimal
2463,42,22,Master,Operations,High,95,93,43,50,8745,Low,Medium,8,2,High,7,75,75,Good,4,1,Optimal
2464,41,27,Diploma,Operations,High,48,55,83,82,1498,High,Expert,16,8,Medium,8,79,80,Good,5,1,Reassignment Required
2465,47,20,Diploma,R&D,Expert,50,80,56,48,1140,Low,High,27,2,Medium,9,83,98,Average,2,2,Reassignment Required
2466,25,6,Master,Marketing,Medium,99,57,50,50,2714,High,Medium,13,2,Critical,6,94,98,Good,0,3,Reassignment Required
2467,43,12,Master,Operations,Low,61,52,78,76,1675,Medium,Medium,5,6,Low,3,76,98,Poor,3,4,Reassignment Required
2468,36,19,Diploma,R&D,Low,73,82,91,80,4505,Medium,Low,13,8,Critical,2,64,72,Average,0,3,Reassignment Required
2469,42,23,PhD,R&D,Low,74,64,73,40,4602,High,High,19,4,Low,3,73,78,Average,5,4,Reassignment Required
2470,36,28,Diploma,R&D,High,52,49,73,65,7675,High,Expert,2,8,Low,7,73,72,Average,2,0,Optimal
2471,43,26,Master,Operations,Low,50,68,90,49,7504,Low,High,12,10,Critical,5,90,94,Excellent,1,3,Reassignment Required
2472,49,29,PhD,Operations,Expert,99,49,71,98,5803,Low,Medium,9,5,Critical,3,79,75,Excellent,5,4,Suboptimal
2473,35,25,Bachelor,Operations,Medium,71,45,52,79,2730,High,Low,1,6,Critical,5,72,93,Excellent,3,3,Reassignment Required
2474,48,12,Diploma,HR,High,81,55,30,58,6976,Medium,Expert,23,9,High,5,68,78,Average,3,1,Optimal
2475,49,26,Master,R&D,High,98,64,65,55,8811,Medium,Low,27,10,High,9,93,77,Average,5,0,Suboptimal
2476,47,25,Bachelor,HR,Expert,54,83,84,84,8028,High,Low,29,6,Critical,4,71,96,Excellent,1,3,Optimal
2477,23,6,Diploma,Finance,Low,77,43,45,95,4718,Low,High,14,6,High,8,99,99,Good,4,1,Optimal
2478,46,9,Diploma,Operations,High,40,76,47,76,8088,High,Medium,7,3,High,9,75,71,Poor,3,1,Suboptimal
2479,24,14,PhD,Marketing,High,85,73,67,89,2624,High,Medium,17,10,Low,2,60,88,Good,3,0,Reassignment Required
2480,29,20,Master,IT,Expert,89,58,96,80,2806,Medium,Expert,23,7,Medium,6,75,93,Excellent,5,3,Optimal
2481,54,26,Bachelor,Finance,Expert,63,72,49,43,9545,Medium,Low,14,6,Medium,7,65,85,Poor,3,2,Optimal
2482,56,5,Diploma,IT,Low,82,43,48,53,3933,Low,Low,17,6,High,2,79,74,Excellent,2,2,Suboptimal
2483,27,4,PhD,IT,Medium,79,83,42,69,1940,Low,Low,2,5,Low,3,65,79,Poor,1,2,Reassignment Required
2484,44,22,Bachelor,Operations,Medium,61,73,46,46,8787,High,High,9,2,Critical,7,94,89,Poor,3,1,Suboptimal
2485,46,27,Bachelor,Marketing,Low,42,51,59,51,4945,High,Medium,15,7,Low,7,62,91,Poor,5,3,Suboptimal
2486,40,1,Diploma,IT,Medium,53,70,72,63,8058,High,Low,24,2,Low,4,80,81,Excellent,1,4,Optimal
2487,26,20,Bachelor,R&D,Expert,41,55,77,78,5848,High,Low,16,11,Medium,5,66,81,Excellent,4,3,Reassignment Required
2488,32,14,Diploma,IT,Expert,71,41,72,82,9421,Medium,Medium,9,3,Critical,2,73,98,Poor,3,0,Optimal
2489,33,25,PhD,Finance,Expert,87,88,95,61,5852,Low,Expert,28,8,Medium,5,89,75,Average,0,4,Reassignment Required
2490,31,15,PhD,Marketing,Medium,77,97,82,86,7459,Low,High,25,2,High,5,81,83,Average,5,0,Suboptimal
2491,29,18,Bachelor,Marketing,Medium,72,99,63,69,5857,Low,High,4,9,Medium,4,73,76,Average,0,3,Reassignment Required
2492,45,8,Diploma,IT,High,85,41,42,99,8738,Low,High,15,9,Low,7,84,90,Average,5,0,Optimal
2493,49,28,Master,Marketing,High,81,75,85,78,1237,Medium,Medium,21,8,Critical,9,62,70,Good,0,1,Reassignment Required
2494,57,21,PhD,Finance,High,45,45,88,59,4772,High,High,10,8,Critical,7,64,83,Good,0,2,Reassignment Required
2495,58,28,Diploma,Finance,Medium,80,99,61,65,8735,Low,Low,7,2,Critical,8,64,84,Average,5,3,Optimal
2496,42,25,Diploma,Finance,High,78,62,83,88,3781,Low,High,6,4,Medium,9,68,82,Excellent,2,4,Optimal
2497,29,18,Diploma,R&D,Expert,64,78,31,44,8087,High,Medium,15,10,Medium,2,97,93,Average,5,4,Optimal
2498,30,6,Bachelor,Operations,Medium,73,94,66,79,2984,Medium,High,25,6,Medium,9,96,99,Poor,4,0,Suboptimal
2499,36,3,Master,IT,Low,50,86,62,81,2052,Medium,Expert,2,6,High,4,63,70,Poor,3,2,Optimal
2500,39,29,Bachelor,Marketing,Medium,85,91,30,45,8658,Low,Expert,24,8,Medium,8,79,89,Excellent,4,3,Suboptimal
2501,41,2,PhD,Finance,High,76,83,57,92,6254,Low,Medium,15,11,High,5,80,88,Poor,5,1,Reassignment Required
2502,27,23,Bachelor,IT,Medium,80,76,46,73,1350,Low,Medium,18,9,Medium,2,83,88,Average,0,0,Reassignment Required
2503,33,28,Diploma,IT,High,46,85,86,97,1912,Medium,Expert,14,7,High,7,66,75,Average,5,3,Optimal
2504,23,19,Bachelor,Operations,High,96,55,99,99,5445,Low,High,18,6,Low,5,67,93,Excellent,4,3,Suboptimal
2505,28,10,Diploma,R&D,Low,85,82,81,44,1291,High,Low,3,2,Low,5,70,74,Excellent,4,2,Suboptimal
2506,37,0,Master,Marketing,Low,98,83,73,49,8750,Medium,Medium,20,11,Critical,2,68,91,Excellent,2,4,Suboptimal
2507,24,5,Bachelor,R&D,Expert,87,58,76,67,1467,Medium,Expert,22,11,Low,6,65,97,Good,5,2,Optimal
2508,24,25,Bachelor,Marketing,High,61,88,42,42,4277,High,High,14,11,Critical,4,99,91,Poor,0,0,Optimal
2509,48,10,Bachelor,Finance,Medium,87,63,59,52,6361,High,Medium,6,10,High,3,76,97,Poor,1,0,Suboptimal
2510,59,26,Diploma,Finance,Low,78,97,95,87,6303,Medium,High,14,7,Critical,7,72,86,Good,4,2,Reassignment Required
2511,54,0,Diploma,IT,Low,49,66,82,86,4575,Low,Low,2,4,Low,5,76,84,Poor,5,3,Reassignment Required
2512,49,20,Bachelor,Marketing,High,60,46,47,41,7592,Medium,Medium,22,11,High,7,61,76,Excellent,4,4,Optimal
2513,22,6,Bachelor,Marketing,Medium,45,69,57,74,5325,Low,Low,16,8,Critical,4,89,86,Poor,0,0,Optimal
2514,29,5,Master,R&D,Low,88,80,33,91,2064,High,Low,24,5,High,4,91,81,Average,2,2,Suboptimal
2515,58,13,Master,Finance,Low,40,53,71,89,5888,Low,Low,16,4,High,2,95,99,Good,5,0,Suboptimal
2516,53,1,PhD,HR,Medium,73,97,35,91,3394,High,Expert,21,8,Low,2,66,76,Good,3,4,Suboptimal
2517,58,26,Master,IT,Low,98,91,38,91,9278,Low,Low,17,7,High,8,75,98,Poor,0,1,Reassignment Required
2518,25,3,Master,Marketing,Medium,53,83,49,86,3920,Low,Low,16,5,Medium,2,78,82,Good,5,1,Suboptimal
2519,51,10,Master,Operations,High,75,54,67,93,7858,High,High,16,11,Low,4,74,77,Poor,3,3,Suboptimal
2520,27,14,Diploma,Operations,Low,66,51,97,67,1003,Low,Expert,8,9,Critical,2,73,73,Poor,1,3,Optimal
2521,40,17,Master,HR,High,48,92,79,76,6940,Medium,Expert,6,3,Medium,9,66,77,Average,3,1,Optimal
2522,53,26,Master,Finance,Medium,94,92,89,62,9048,Low,Expert,18,7,Low,3,92,91,Average,4,4,Suboptimal
2523,30,0,Bachelor,Finance,High,45,68,42,82,2977,Medium,Expert,23,4,High,4,93,85,Poor,2,2,Optimal
2524,33,2,Diploma,Finance,High,70,62,71,62,2750,High,Low,14,9,Critical,2,83,85,Good,5,2,Suboptimal
2525,32,2,PhD,R&D,High,56,52,97,74,1001,Low,High,16,9,High,8,94,91,Good,5,4,Suboptimal
2526,37,27,PhD,Operations,Expert,92,48,54,80,9340,Low,Low,8,2,High,5,80,80,Average,1,2,Suboptimal
2527,22,6,Master,Finance,Medium,82,63,60,78,5247,Medium,Low,18,3,Critical,4,83,96,Poor,2,3,Optimal
2528,42,0,PhD,Operations,Medium,99,78,41,94,8732,Medium,Expert,14,5,Critical,6,96,78,Poor,5,2,Suboptimal
2529,51,24,PhD,HR,Medium,75,69,93,71,7035,High,Expert,17,2,Low,6,75,91,Average,2,2,Optimal
2530,34,10,PhD,IT,Medium,60,40,90,41,3043,Medium,Medium,22,4,Low,4,76,97,Poor,5,3,Reassignment Required
2531,55,5,Master,R&D,Medium,66,99,82,86,2702,Medium,High,29,5,High,4,88,80,Average,3,0,Reassignment Required
2532,25,19,PhD,Marketing,Low,80,49,55,83,6947,Medium,Expert,22,11,Low,6,77,74,Poor,5,1,Optimal
2533,49,2,Master,HR,Low,67,77,90,87,2387,Low,Expert,8,4,Medium,5,70,79,Good,2,2,Reassignment Required
2534,59,18,Bachelor,Operations,Low,55,97,39,97,6826,Low,Low,16,6,Critical,5,62,95,Average,1,1,Reassignment Required
2535,52,1,Bachelor,HR,High,74,86,41,55,5462,Low,Low,23,11,High,5,77,75,Poor,2,1,Reassignment Required
2536,48,17,PhD,Marketing,High,75,54,51,55,3036,Low,Low,24,8,Medium,3,75,85,Poor,1,4,Suboptimal
2537,26,29,Bachelor,R&D,Medium,95,48,82,90,7405,Low,Expert,10,9,Medium,7,60,81,Average,4,4,Reassignment Required
2538,46,11,Master,IT,Expert,74,52,50,42,7789,Medium,High,10,9,Critical,7,86,77,Excellent,5,4,Suboptimal
2539,24,28,Bachelor,Marketing,Medium,84,62,64,67,7119,Medium,Expert,21,3,Low,8,90,94,Excellent,4,0,Optimal
2540,54,9,PhD,R&D,Low,58,72,56,68,1537,Low,Expert,18,2,Medium,3,87,95,Poor,3,0,Optimal
2541,25,4,Master,Operations,Medium,96,48,89,93,9982,Low,High,21,7,High,8,99,98,Poor,0,1,Reassignment Required
2542,46,8,Diploma,Marketing,High,60,42,76,59,7863,High,Expert,18,2,Medium,5,86,82,Poor,5,1,Suboptimal
2543,41,1,Master,HR,Medium,97,69,95,75,2948,High,Expert,9,7,Critical,6,68,82,Excellent,4,1,Optimal
2544,55,1,Bachelor,Finance,Low,72,48,44,72,6178,Medium,High,21,8,Low,3,97,85,Average,5,1,Optimal
2545,47,27,Diploma,HR,Medium,62,91,53,61,6104,High,Expert,1,10,Low,2,95,95,Excellent,0,3,Suboptimal
2546,26,5,Master,Operations,High,94,64,39,47,5143,Medium,Medium,25,11,High,7,86,80,Good,1,1,Reassignment Required
2547,56,28,Diploma,IT,Expert,45,86,53,95,3848,High,Medium,16,11,High,3,85,93,Excellent,5,4,Optimal
2548,49,9,Diploma,Marketing,Low,71,63,86,86,9305,Low,Low,10,2,High,6,86,77,Excellent,0,1,Reassignment Required
2549,50,17,Diploma,IT,Medium,61,71,63,63,3343,Low,Expert,15,8,High,9,63,92,Poor,2,4,Reassignment Required
2550,30,11,Master,Operations,High,42,46,70,92,5533,Medium,High,5,5,High,9,97,82,Average,1,4,Suboptimal
2551,59,3,Bachelor,Marketing,Low,74,75,69,97,1161,Medium,High,27,10,Medium,9,71,70,Average,2,1,Reassignment Required
2552,27,21,Master,R&D,Low,55,64,40,93,9695,Medium,Medium,17,5,Medium,6,74,89,Excellent,0,1,Optimal
2553,40,20,Bachelor,R&D,High,81,59,30,76,3634,Medium,Low,9,3,Critical,4,89,89,Poor,2,2,Suboptimal
2554,32,16,Master,HR,Medium,98,56,59,59,6101,High,Expert,25,2,Low,6,73,97,Average,1,4,Reassignment Required
2555,23,14,Master,HR,Medium,64,93,72,51,6766,Low,High,26,8,Medium,8,67,88,Poor,5,1,Suboptimal
2556,30,5,Master,Operations,Medium,56,75,55,59,2509,High,High,26,8,High,5,87,73,Excellent,2,1,Suboptimal
2557,42,15,Bachelor,R&D,Low,78,65,82,59,3319,Low,Expert,25,4,Critical,8,90,97,Average,0,2,Suboptimal
2558,45,16,Master,Marketing,Expert,52,58,76,43,7105,Low,Low,6,6,High,9,61,71,Good,2,3,Reassignment Required
2559,55,2,Diploma,R&D,Low,67,99,38,69,9671,High,Medium,26,11,Low,9,74,88,Excellent,2,4,Suboptimal
2560,43,9,Master,HR,Medium,50,76,38,70,9946,Medium,Expert,26,8,High,9,99,88,Excellent,3,4,Reassignment Required
2561,24,4,Diploma,Operations,Low,49,87,30,61,4999,High,Expert,2,9,Critical,9,67,79,Good,1,2,Suboptimal
2562,33,13,PhD,R&D,Expert,78,42,73,54,9395,High,Expert,28,10,Critical,6,64,86,Excellent,3,3,Reassignment Required
2563,49,25,PhD,Operations,Low,63,82,88,77,4349,High,Medium,13,11,Critical,3,63,92,Good,0,0,Suboptimal
2564,51,28,Bachelor,R&D,High,77,96,85,76,5211,Low,High,23,11,Low,3,71,89,Good,4,2,Reassignment Required
2565,47,20,Bachelor,IT,Medium,63,67,80,67,1391,Medium,Expert,18,2,Medium,3,69,77,Excellent,0,1,Optimal
2566,42,12,PhD,R&D,Medium,72,61,45,50,8951,Low,Expert,20,10,Medium,6,63,78,Good,0,1,Optimal
2567,49,25,Master,HR,Medium,56,86,67,53,7831,High,Expert,4,7,Critical,9,69,87,Good,0,1,Suboptimal
2568,47,5,Master,Marketing,Low,96,58,40,50,3773,High,Expert,10,7,Medium,9,88,71,Excellent,0,0,Optimal
2569,54,11,Master,HR,Low,83,92,54,48,3416,Low,Low,23,8,Low,5,87,87,Excellent,3,1,Reassignment Required
2570,42,25,PhD,HR,Low,75,95,88,63,2238,Low,Low,22,10,High,7,88,77,Good,0,0,Optimal
2571,56,7,Diploma,HR,Medium,74,85,58,49,7712,Medium,Low,28,8,Low,5,78,71,Poor,2,2,Reassignment Required
2572,55,4,Bachelor,Operations,Low,45,55,69,77,1740,High,High,11,8,Medium,4,72,91,Excellent,0,0,Reassignment Required
2573,39,29,Diploma,Finance,Medium,97,95,37,82,7470,Low,Expert,28,4,Low,2,93,85,Excellent,4,1,Optimal
2574,32,14,PhD,Finance,Low,99,45,35,80,8491,Low,Expert,13,11,High,9,79,74,Poor,1,4,Optimal
2575,44,26,Diploma,IT,Medium,55,76,74,76,1368,Low,Expert,28,10,Low,9,77,79,Excellent,3,1,Reassignment Required
2576,43,15,Master,HR,High,84,70,82,81,5909,Low,Expert,26,5,Medium,5,95,78,Poor,3,0,Optimal
2577,38,0,Master,Finance,Low,67,92,50,71,6219,High,Medium,23,7,High,8,60,71,Average,3,0,Optimal
2578,26,15,Diploma,IT,Medium,80,88,86,59,8604,Medium,Medium,22,8,Medium,9,85,85,Excellent,3,3,Suboptimal
2579,32,4,PhD,Operations,High,71,87,35,53,7206,Low,Medium,17,10,High,7,62,85,Excellent,0,3,Reassignment Required
2580,51,2,Diploma,HR,High,65,73,92,77,2647,Low,Expert,11,11,Critical,9,62,86,Average,4,3,Suboptimal
2581,36,19,Master,Marketing,Expert,50,70,35,43,3824,Medium,Medium,4,4,High,7,80,71,Excellent,5,1,Reassignment Required
2582,48,14,Master,Operations,Low,91,99,82,63,5170,High,Medium,14,3,Medium,3,77,95,Good,0,0,Optimal
2583,56,12,PhD,IT,Medium,64,50,33,71,6909,Low,High,3,3,Critical,9,90,74,Good,1,3,Reassignment Required
2584,54,23,Diploma,Operations,Expert,70,75,38,94,4781,Medium,High,23,3,Critical,4,95,77,Average,1,4,Optimal
2585,41,15,Master,Marketing,Low,60,45,98,92,4128,Medium,Medium,29,10,Medium,7,90,93,Good,0,2,Suboptimal
2586,37,22,Master,Operations,High,84,66,33,49,2979,High,Medium,23,9,Medium,5,67,71,Average,0,2,Reassignment Required
2587,55,10,Diploma,IT,Low,94,46,87,93,7612,Medium,High,12,10,Low,5,84,81,Good,0,3,Suboptimal
2588,23,20,Diploma,Marketing,Medium,90,88,66,82,7022,High,Medium,28,10,Medium,8,79,82,Excellent,4,3,Reassignment Required
2589,56,1,Bachelor,Marketing,High,42,71,35,55,7081,Medium,Expert,27,2,High,9,70,85,Good,3,3,Suboptimal
2590,49,21,PhD,Operations,Expert,51,47,80,78,8832,Low,Medium,4,11,Critical,2,99,74,Excellent,1,2,Optimal
2591,27,26,PhD,Marketing,Low,90,99,79,71,2255,High,Expert,16,11,Low,2,60,81,Good,1,3,Reassignment Required
2592,30,5,Diploma,Operations,Low,79,72,43,57,1299,Medium,Medium,7,10,Low,2,80,84,Average,3,4,Suboptimal
2593,41,25,PhD,HR,Expert,85,96,40,64,8809,Low,Low,20,2,Low,5,76,99,Good,5,4,Optimal
2594,22,25,Master,Marketing,Low,93,86,39,46,5521,Medium,Medium,25,6,Critical,7,87,98,Excellent,3,4,Optimal
2595,29,29,Diploma,Operations,Low,80,91,90,95,4042,Low,Low,19,5,Low,8,77,71,Average,1,4,Reassignment Required
2596,44,26,Diploma,HR,Low,64,83,42,92,9592,High,Medium,26,9,Critical,5,88,81,Good,1,0,Reassignment Required
2597,24,5,Diploma,Marketing,High,95,54,63,86,2280,Low,Medium,18,6,Critical,3,69,92,Poor,4,3,Reassignment Required
2598,25,13,Bachelor,HR,High,56,94,89,90,5589,Medium,Expert,21,10,Low,9,68,79,Poor,1,1,Suboptimal
2599,46,24,PhD,R&D,Medium,77,66,80,57,9133,Low,High,9,2,Critical,6,93,77,Average,0,0,Optimal
2600,59,10,Bachelor,Marketing,Low,75,69,34,86,7632,Low,High,11,9,Low,2,79,90,Poor,0,1,Optimal
2601,36,7,Master,R&D,Medium,75,61,61,57,3784,High,Expert,19,7,Medium,3,90,80,Poor,3,1,Reassignment Required
2602,42,7,PhD,IT,High,58,86,41,42,8398,Low,High,17,2,High,3,62,81,Good,3,0,Optimal
2603,56,0,Bachelor,IT,Low,83,68,81,40,7708,Low,Low,25,3,Medium,7,60,86,Good,0,3,Optimal
2604,35,20,Diploma,Operations,Medium,96,80,42,72,8173,Medium,Low,21,5,High,4,92,98,Excellent,3,0,Reassignment Required
2605,57,6,Bachelor,Finance,Low,41,87,83,46,5159,Medium,Medium,18,6,Critical,3,67,76,Good,0,2,Optimal
2606,33,5,Diploma,R&D,Low,56,69,83,49,3300,High,Low,6,2,Critical,2,77,84,Average,4,4,Optimal
2607,38,20,Bachelor,R&D,Expert,69,41,70,83,7250,High,High,3,11,Low,6,89,88,Excellent,3,0,Reassignment Required
2608,30,7,Bachelor,IT,Medium,86,54,77,98,8969,High,Low,14,8,Medium,8,92,98,Excellent,2,0,Suboptimal
2609,56,18,Bachelor,R&D,High,49,86,80,47,4991,Medium,Medium,9,5,Medium,9,81,71,Good,5,2,Reassignment Required
2610,34,21,Diploma,Finance,Medium,74,66,76,93,1513,Low,Low,3,2,Critical,3,76,99,Excellent,1,4,Optimal
2611,36,20,Bachelor,HR,Medium,91,46,79,71,5231,High,High,2,7,Medium,8,68,75,Excellent,0,1,Reassignment Required
2612,39,23,PhD,HR,Medium,75,66,75,62,7552,Medium,Expert,19,10,High,5,81,71,Good,5,2,Reassignment Required
2613,54,19,PhD,Finance,Expert,93,60,67,56,9312,Medium,Medium,6,10,Critical,5,69,83,Average,1,3,Optimal
2614,27,7,PhD,R&D,Low,72,52,42,53,3847,High,Expert,3,5,Low,3,92,95,Good,1,0,Optimal
2615,48,25,Diploma,R&D,High,40,94,51,56,2117,Medium,Low,25,8,Low,2,98,77,Poor,3,0,Suboptimal
2616,44,13,Diploma,R&D,Expert,57,56,31,64,9696,Low,Medium,25,11,Critical,7,62,85,Excellent,1,2,Suboptimal
2617,48,17,PhD,Operations,High,43,50,42,60,8861,Medium,Medium,9,2,Critical,7,76,88,Good,2,0,Optimal
2618,55,24,PhD,Marketing,Expert,94,98,86,94,3238,Medium,Low,18,11,Low,6,68,87,Average,3,4,Suboptimal
2619,59,28,PhD,Finance,Low,93,49,63,45,7600,Low,Medium,7,10,High,6,99,93,Average,5,4,Suboptimal
2620,35,15,Master,Finance,High,86,96,48,59,3433,High,Low,28,2,Medium,2,95,98,Excellent,0,2,Reassignment Required
2621,57,8,PhD,Finance,Medium,66,72,38,88,9994,Medium,Expert,2,10,Critical,5,78,82,Poor,1,2,Reassignment Required
2622,29,14,Bachelor,Finance,Expert,64,53,62,59,8009,Low,Expert,1,7,Critical,5,93,75,Good,1,2,Suboptimal
2623,56,29,Master,Finance,High,94,76,56,97,8166,High,High,5,11,High,7,61,98,Poor,4,3,Reassignment Required
2624,40,25,Master,R&D,Low,67,47,74,65,5373,Low,High,27,8,Low,8,86,73,Good,5,0,Reassignment Required
2625,51,9,Diploma,Operations,High,92,72,31,71,9146,Medium,Low,27,5,Critical,7,78,90,Average,0,1,Optimal
2626,35,28,Bachelor,IT,Expert,61,46,86,47,2471,Low,Low,24,10,High,4,92,79,Average,4,1,Suboptimal
2627,41,21,Diploma,R&D,Low,81,73,86,84,2428,High,Expert,3,7,Critical,3,85,84,Excellent,0,1,Suboptimal
2628,46,15,Diploma,R&D,Medium,64,46,45,87,5874,High,Medium,7,7,High,7,93,92,Poor,1,2,Optimal
2629,45,3,Bachelor,Marketing,Expert,56,46,35,83,8923,High,Low,6,11,High,3,87,81,Average,1,3,Optimal
2630,35,19,Diploma,IT,Expert,98,80,43,98,5306,Low,Medium,27,7,Low,9,75,97,Excellent,2,3,Optimal
2631,47,12,Bachelor,Finance,Low,96,93,56,68,4781,Low,High,29,5,Medium,7,81,89,Average,3,1,Reassignment Required
2632,59,21,Bachelor,IT,Expert,93,75,67,56,3317,High,Expert,1,8,Low,8,87,81,Good,2,1,Optimal
2633,44,4,Diploma,Operations,High,83,94,48,57,7688,High,Low,28,3,High,5,73,99,Poor,0,3,Optimal
2634,43,21,PhD,HR,Medium,91,46,66,79,2006,High,High,23,3,Medium,3,65,96,Poor,0,2,Optimal
2635,40,6,Diploma,R&D,High,51,59,33,57,2637,Medium,Low,19,7,Medium,2,70,76,Good,0,2,Optimal
2636,24,22,Master,IT,Low,55,57,87,50,6111,Medium,High,20,10,Low,9,79,75,Good,5,1,Reassignment Required
2637,40,8,Diploma,Marketing,Expert,76,84,38,84,8449,Medium,Expert,14,4,Low,6,95,74,Poor,0,4,Suboptimal
2638,30,7,Bachelor,Operations,Medium,55,82,69,51,4287,High,Low,10,8,Critical,7,75,88,Excellent,3,2,Optimal
2639,49,28,Master,HR,Low,56,80,44,54,6440,Medium,Low,2,10,Medium,4,65,83,Excellent,1,4,Optimal
2640,41,15,Bachelor,Operations,High,94,53,33,65,3861,High,Medium,11,10,High,2,67,70,Average,2,0,Suboptimal
2641,28,5,PhD,Finance,Expert,70,79,81,96,1638,Low,Medium,16,4,Critical,2,95,93,Excellent,1,2,Suboptimal
2642,35,27,PhD,HR,Expert,54,92,47,42,9684,High,Low,17,2,Critical,9,63,80,Poor,5,4,Optimal
2643,30,15,Master,Marketing,Low,52,53,82,42,6725,High,Expert,5,3,Critical,2,93,99,Excellent,4,0,Optimal
2644,40,5,PhD,HR,High,79,60,88,77,3175,Medium,Medium,22,9,Critical,3,79,92,Good,2,0,Suboptimal
2645,35,13,PhD,Marketing,Expert,66,88,83,74,6595,Low,Low,27,8,Low,9,83,91,Poor,5,1,Optimal
2646,59,20,Diploma,Finance,High,60,98,70,48,2485,Low,Low,18,2,Medium,6,62,73,Average,0,4,Reassignment Required
2647,57,0,Diploma,Marketing,Medium,41,96,89,82,7581,Low,High,16,4,Critical,8,87,90,Poor,0,1,Optimal
2648,38,24,PhD,Operations,Expert,47,66,33,79,5543,Medium,Expert,10,9,Medium,9,89,83,Poor,4,0,Optimal
2649,51,8,PhD,IT,Medium,81,85,68,43,6221,Medium,Medium,6,8,High,8,88,90,Excellent,2,2,Reassignment Required
2650,30,24,Diploma,Operations,Expert,46,65,36,93,9750,Medium,Medium,22,6,Medium,4,80,87,Excellent,3,2,Suboptimal
2651,54,26,PhD,R&D,Low,49,66,52,95,4748,Medium,High,24,4,Low,5,86,75,Excellent,3,2,Suboptimal
2652,46,23,PhD,Operations,Expert,96,63,92,59,6032,Medium,Low,8,8,Medium,2,84,96,Average,0,4,Suboptimal
2653,35,12,Bachelor,HR,Expert,43,44,94,54,7426,High,Medium,6,6,High,2,62,74,Average,0,3,Optimal
2654,32,25,PhD,Finance,High,82,81,70,68,5009,Low,Low,23,2,High,8,60,86,Average,0,1,Suboptimal
2655,56,28,Master,R&D,High,80,77,73,44,6323,Medium,Medium,4,6,Critical,2,82,94,Average,5,3,Reassignment Required
2656,35,18,Bachelor,R&D,Medium,75,67,74,78,9277,Low,Medium,5,4,High,5,64,76,Good,4,3,Reassignment Required
2657,51,16,Master,R&D,Medium,74,81,98,79,6443,Medium,Low,6,3,Critical,8,90,99,Poor,4,0,Optimal
2658,25,10,PhD,IT,Medium,82,82,80,46,7307,High,Low,15,4,Low,7,84,80,Excellent,1,1,Suboptimal
2659,25,27,Diploma,Marketing,Expert,42,97,94,47,4128,Low,Medium,6,11,Low,3,94,83,Poor,4,0,Suboptimal
2660,49,27,Bachelor,HR,Expert,97,71,83,71,5301,Medium,High,19,5,Low,3,60,99,Poor,2,3,Reassignment Required
2661,29,7,Diploma,Finance,Medium,57,63,85,75,7027,High,High,25,2,Medium,6,74,71,Poor,4,0,Suboptimal
2662,23,22,Bachelor,IT,Low,97,45,69,72,6409,High,High,20,5,High,3,98,91,Excellent,2,0,Reassignment Required
2663,43,28,Diploma,Operations,Low,90,49,87,93,1946,Low,High,8,10,High,3,83,99,Poor,3,4,Optimal
2664,37,4,Bachelor,Finance,Expert,85,85,44,76,4208,Medium,High,13,2,High,4,93,86,Good,1,1,Reassignment Required
2665,50,9,Bachelor,R&D,Low,95,91,48,71,4440,High,Low,4,8,Critical,9,77,71,Excellent,4,1,Suboptimal
2666,51,6,Master,Finance,Low,82,42,39,82,2545,High,Medium,22,9,Critical,4,84,84,Good,3,3,Reassignment Required
2667,33,9,Diploma,Finance,Medium,63,46,45,75,4507,High,High,17,10,Low,8,95,76,Excellent,2,2,Suboptimal
2668,56,3,Master,Operations,Low,71,68,72,73,1029,Low,Expert,14,8,High,3,60,72,Poor,1,0,Optimal
2669,32,8,Master,Marketing,Low,73,73,60,88,2409,Low,Medium,18,10,Medium,4,68,92,Poor,3,1,Reassignment Required
2670,42,26,Diploma,HR,Expert,98,46,45,64,4679,Medium,Expert,15,11,Medium,7,90,75,Poor,2,2,Optimal
2671,42,25,Bachelor,R&D,Expert,41,56,57,83,9720,Medium,Low,22,4,Low,6,81,90,Good,1,1,Optimal
2672,26,13,Master,Marketing,Expert,41,52,91,71,6147,Low,Medium,19,2,Critical,3,97,95,Poor,0,3,Reassignment Required
2673,41,1,Diploma,IT,Low,49,97,49,41,1125,Low,Low,11,3,Critical,9,61,99,Average,4,0,Reassignment Required
2674,58,24,Bachelor,R&D,Medium,62,60,64,48,5908,Low,Expert,7,11,Critical,4,79,78,Good,0,4,Reassignment Required
2675,24,8,Master,HR,High,54,70,88,77,7642,High,Medium,1,2,Low,5,82,79,Average,0,3,Optimal
2676,54,20,Master,IT,Expert,93,48,38,68,4258,Low,Medium,3,3,Low,9,71,90,Excellent,0,3,Reassignment Required
2677,30,26,Master,Operations,Expert,51,84,39,77,9845,Medium,Low,19,10,High,4,69,99,Average,3,3,Suboptimal
2678,30,0,Bachelor,Marketing,Expert,82,86,74,57,9141,High,Medium,28,6,High,4,91,90,Average,0,2,Suboptimal
2679,25,22,Master,R&D,Medium,56,52,44,61,9932,Low,Expert,1,5,High,8,64,77,Good,5,3,Suboptimal
2680,56,9,Bachelor,Finance,High,57,56,59,74,3261,Medium,Low,4,3,Medium,5,88,76,Excellent,0,4,Suboptimal
2681,38,9,PhD,HR,High,53,47,77,54,8953,Low,Expert,24,4,Medium,6,92,70,Average,3,0,Optimal
2682,55,19,Master,R&D,Expert,56,48,69,46,9482,Medium,Medium,11,10,High,5,82,79,Poor,4,1,Optimal
2683,45,24,PhD,Finance,Low,54,48,73,52,2693,High,Expert,7,4,Medium,6,95,87,Poor,5,2,Optimal
2684,53,21,Diploma,R&D,Expert,51,79,75,81,6887,High,Medium,7,9,Medium,7,72,85,Excellent,1,3,Suboptimal
2685,22,28,Master,IT,Expert,98,87,35,75,5644,Medium,Expert,14,2,Critical,8,61,73,Average,1,1,Optimal
2686,29,2,Diploma,Finance,Low,55,91,53,55,3821,Medium,Expert,15,6,Critical,5,70,78,Good,4,3,Optimal
2687,44,5,Diploma,Finance,Low,71,69,36,80,4662,High,High,5,3,Low,6,87,92,Excellent,3,0,Suboptimal
2688,33,28,Diploma,R&D,Expert,62,46,35,60,6194,High,Medium,14,5,Critical,6,84,87,Excellent,0,4,Reassignment Required
2689,33,25,PhD,Operations,Medium,77,56,62,67,2395,Medium,High,13,3,High,2,95,80,Excellent,1,4,Optimal
2690,36,5,Bachelor,Operations,Medium,73,78,67,49,3967,Medium,High,20,4,Critical,8,77,81,Excellent,4,2,Optimal
2691,40,20,PhD,Marketing,Low,73,77,73,58,4961,Low,Low,26,6,Medium,2,98,77,Poor,4,1,Reassignment Required
2692,47,1,PhD,IT,Expert,55,44,46,56,3614,Low,Low,22,3,Medium,4,68,70,Good,0,1,Optimal
2693,50,25,Diploma,Operations,Medium,73,56,60,40,7870,High,Expert,18,10,High,5,61,77,Poor,4,4,Suboptimal
2694,43,25,Master,R&D,Expert,79,79,66,52,2544,High,Medium,1,9,High,6,95,74,Excellent,3,0,Reassignment Required
2695,42,17,Bachelor,Operations,Expert,46,97,40,75,6225,Low,Low,13,6,Critical,2,76,70,Good,3,2,Optimal
2696,59,22,Diploma,Marketing,Expert,72,40,34,86,8986,Low,High,23,2,Critical,4,92,72,Poor,5,3,Optimal
2697,41,1,Bachelor,HR,Medium,43,55,93,97,5882,High,Medium,29,6,Critical,4,94,96,Average,1,2,Optimal
2698,50,11,PhD,Marketing,High,82,56,32,81,5433,High,Expert,20,5,Low,9,92,82,Average,2,4,Optimal
2699,25,21,Bachelor,Finance,Expert,91,69,85,59,8034,Medium,Expert,7,10,Low,4,91,98,Excellent,4,3,Suboptimal
2700,28,4,Bachelor,Finance,Medium,46,70,92,80,2096,Medium,Low,6,3,High,9,79,98,Average,3,2,Reassignment Required
2701,49,19,Master,Operations,High,57,74,67,79,2204,High,Low,27,8,Critical,9,89,85,Good,0,0,Suboptimal
2702,49,6,Diploma,Operations,Low,43,84,83,91,8947,Low,Low,9,3,Medium,2,81,92,Excellent,0,1,Suboptimal
2703,25,23,Bachelor,Marketing,Medium,88,47,31,45,8319,Medium,Expert,28,4,Low,7,84,81,Average,2,3,Optimal
2704,43,15,Bachelor,Marketing,High,50,87,31,62,4583,High,High,10,4,High,3,70,76,Good,2,2,Optimal
2705,33,19,PhD,R&D,Medium,82,95,41,81,8539,Low,Low,22,11,Low,8,93,77,Poor,2,0,Optimal
2706,24,0,PhD,IT,High,59,69,69,63,8140,Low,Expert,3,9,Critical,8,87,80,Poor,0,2,Reassignment Required
2707,43,0,Bachelor,R&D,High,50,78,31,91,3038,High,Medium,7,3,Medium,7,94,82,Good,4,3,Suboptimal
2708,23,16,Diploma,Finance,Medium,54,60,86,88,9179,Medium,Expert,25,2,Medium,9,63,80,Average,3,0,Suboptimal
2709,45,26,Bachelor,R&D,Low,85,54,76,44,6926,Medium,Medium,11,7,High,7,68,73,Good,0,1,Suboptimal
2710,55,0,Bachelor,Marketing,Expert,56,95,65,71,9223,High,Medium,26,7,Low,9,81,75,Good,3,0,Reassignment Required
2711,48,20,Master,R&D,High,73,73,33,85,3974,Low,High,12,2,Critical,9,84,97,Good,2,2,Optimal
2712,22,19,Diploma,HR,Expert,89,95,53,56,4568,Medium,Low,12,6,Critical,4,80,92,Poor,5,2,Optimal
2713,29,12,Master,IT,Low,87,99,91,50,9206,High,Medium,13,10,Medium,8,84,93,Poor,1,2,Reassignment Required
2714,44,29,Diploma,Marketing,Expert,51,66,31,66,9298,Medium,Low,22,11,Medium,8,76,99,Poor,4,2,Reassignment Required
2715,59,8,Diploma,Operations,Expert,81,41,44,43,4793,High,Expert,23,11,Critical,3,74,88,Average,5,2,Optimal
2716,27,14,Diploma,R&D,Medium,67,49,78,62,1201,Medium,Low,8,6,Critical,3,66,90,Excellent,2,4,Suboptimal
2717,43,2,Master,Marketing,Medium,87,44,64,62,8956,Medium,Expert,4,8,Low,3,91,77,Poor,2,0,Optimal
2718,46,13,Master,Operations,Low,74,66,76,88,8385,Medium,Medium,21,7,High,9,67,75,Poor,3,0,Reassignment Required
2719,39,22,Master,Operations,Medium,47,43,53,96,7007,High,High,20,11,Low,4,62,86,Good,0,0,Reassignment Required
2720,38,10,PhD,Finance,High,66,86,89,73,2794,High,Medium,1,5,Low,6,92,87,Average,1,0,Optimal
2721,33,23,Master,Finance,Low,61,52,77,60,2408,Low,Expert,6,3,Critical,3,95,72,Good,4,3,Suboptimal
2722,27,21,PhD,Marketing,Medium,93,56,52,61,1916,Medium,Medium,23,11,Low,2,76,99,Good,1,2,Reassignment Required
2723,47,11,PhD,Marketing,Medium,96,60,41,40,5431,Medium,High,2,6,Low,2,60,81,Good,2,4,Reassignment Required
2724,48,12,PhD,HR,Low,63,62,70,71,8778,High,Low,22,11,Low,3,95,84,Good,1,3,Reassignment Required
2725,29,25,Bachelor,IT,High,41,72,58,67,7346,Medium,Expert,14,10,Medium,3,99,76,Poor,4,0,Optimal
2726,40,12,Bachelor,IT,Low,70,89,99,57,4166,High,Low,27,4,High,3,76,82,Average,2,0,Optimal
2727,22,0,Bachelor,Marketing,Medium,61,99,80,46,8344,Low,High,18,4,High,8,96,99,Poor,4,4,Reassignment Required
2728,50,23,PhD,Finance,Medium,40,54,52,93,1064,Medium,Medium,10,8,Medium,2,84,79,Excellent,1,0,Optimal
2729,56,9,PhD,R&D,Low,53,53,60,77,5648,High,High,29,11,Critical,5,84,88,Good,5,0,Suboptimal
2730,35,2,Diploma,HR,High,64,48,50,45,5319,High,Expert,21,3,Critical,6,72,78,Poor,2,0,Optimal
2731,56,23,PhD,IT,High,75,83,53,53,4650,Medium,Expert,1,9,High,5,72,94,Average,2,0,Reassignment Required
2732,41,27,Bachelor,Marketing,Expert,75,76,38,69,7398,Low,Medium,3,8,High,2,71,97,Excellent,5,3,Suboptimal
2733,34,3,PhD,Finance,High,80,69,51,94,3015,High,Expert,20,9,Critical,2,91,81,Poor,4,3,Optimal
2734,59,15,PhD,Finance,Low,42,68,33,97,5024,Medium,High,4,11,Low,4,94,97,Poor,0,3,Reassignment Required
2735,29,7,Diploma,Finance,High,44,62,32,83,7314,Low,Expert,18,7,High,5,87,80,Excellent,2,0,Reassignment Required
2736,41,15,PhD,R&D,High,40,73,57,85,9804,High,Low,8,6,Low,3,79,93,Average,4,1,Suboptimal
2737,54,26,Master,Operations,Expert,93,94,44,53,9843,Low,High,22,5,High,7,87,94,Excellent,4,3,Optimal
2738,47,16,Diploma,R&D,High,58,94,37,83,2387,High,High,9,9,Medium,8,90,77,Excellent,4,2,Optimal
2739,42,18,PhD,Finance,Expert,72,46,77,80,6179,Medium,Expert,22,3,High,3,83,78,Good,0,2,Optimal
2740,30,21,PhD,Marketing,Expert,81,92,81,48,7598,Medium,Medium,19,7,Medium,2,70,73,Good,5,1,Optimal
2741,45,14,Diploma,HR,High,93,48,84,70,7479,Medium,Medium,28,11,Low,4,75,89,Excellent,5,4,Suboptimal
2742,58,15,PhD,R&D,Medium,69,89,66,41,5763,Low,Medium,2,7,Critical,5,97,74,Good,3,2,Reassignment Required
2743,38,14,Bachelor,Marketing,Low,51,43,33,57,5109,Low,Expert,9,6,Low,4,76,76,Average,5,4,Reassignment Required
2744,45,24,Master,Finance,Low,49,41,84,44,6535,Medium,Expert,3,3,Low,6,64,78,Poor,2,2,Reassignment Required
2745,42,1,Master,HR,High,73,95,41,65,4128,High,Expert,22,6,Low,4,79,73,Excellent,1,1,Optimal
2746,34,10,Bachelor,IT,Low,55,99,48,62,5866,Low,High,26,4,Medium,6,94,92,Good,4,3,Optimal
2747,32,0,PhD,IT,Low,79,66,86,51,6085,Low,High,2,8,High,8,73,81,Average,1,4,Optimal
2748,40,14,PhD,Marketing,Expert,85,72,66,53,1537,High,Expert,7,8,Critical,5,85,81,Average,4,4,Optimal
2749,32,25,Master,HR,Medium,68,71,36,99,8929,High,Medium,17,9,Low,9,83,75,Average,4,1,Reassignment Required
2750,34,18,PhD,Marketing,Low,54,96,84,52,6031,Medium,Low,25,11,Low,3,90,82,Excellent,5,4,Reassignment Required
2751,22,3,Master,HR,Medium,87,83,57,74,6998,Low,Medium,17,10,Low,6,77,78,Good,2,2,Suboptimal
2752,40,10,Master,HR,Low,50,84,66,86,8679,High,High,9,2,Medium,3,98,94,Average,0,3,Suboptimal
2753,33,4,Bachelor,Marketing,Medium,83,85,90,54,3037,High,High,27,5,Medium,8,81,78,Good,0,0,Optimal
2754,29,2,Master,HR,Medium,73,76,68,74,2243,Medium,Medium,1,7,Medium,8,80,90,Poor,1,1,Suboptimal
2755,29,12,PhD,R&D,Low,75,66,52,91,8117,Medium,Medium,1,8,High,4,93,72,Average,3,4,Reassignment Required
2756,33,9,PhD,Finance,Expert,69,67,81,58,9724,Low,High,8,6,High,4,84,82,Average,0,4,Reassignment Required
2757,54,10,Diploma,HR,Medium,74,42,40,54,4130,High,High,17,7,Low,9,99,75,Good,0,4,Reassignment Required
2758,47,17,PhD,R&D,Medium,48,99,95,90,6479,Medium,Expert,8,2,Critical,8,89,87,Good,5,4,Reassignment Required
2759,49,1,Diploma,HR,Low,57,98,42,47,2653,Low,Low,19,6,Medium,5,65,92,Good,3,1,Optimal
2760,26,6,Master,R&D,Medium,58,75,70,62,9304,Medium,Expert,4,3,High,3,84,83,Poor,0,2,Optimal
2761,29,8,PhD,Marketing,Medium,78,88,78,52,8974,Low,Expert,18,3,High,5,64,98,Excellent,2,2,Suboptimal
2762,46,9,Bachelor,IT,Expert,43,90,44,62,3304,High,Medium,13,2,Critical,9,88,92,Good,2,3,Optimal
2763,48,17,Bachelor,Operations,Medium,45,82,85,70,7920,Medium,Medium,22,11,Medium,6,81,71,Average,1,3,Suboptimal
2764,44,22,Bachelor,HR,Expert,90,47,83,69,4814,Low,Low,7,10,High,4,62,75,Poor,5,0,Reassignment Required
2765,51,6,Master,Operations,Medium,72,83,60,81,9412,Low,Expert,26,5,Critical,4,89,89,Good,1,2,Suboptimal
2766,44,26,Master,HR,Medium,71,89,90,41,6038,High,Expert,3,5,Critical,4,83,76,Good,1,1,Optimal
2767,41,6,Diploma,Marketing,Expert,55,89,87,50,4781,Medium,High,14,10,Medium,7,76,77,Average,5,2,Optimal
2768,39,2,Bachelor,Marketing,Expert,50,80,89,64,2958,Low,High,9,6,Medium,4,79,79,Average,2,2,Reassignment Required
2769,39,11,Diploma,R&D,High,61,76,82,68,2296,Low,Low,3,5,Medium,8,85,82,Good,1,3,Optimal
2770,23,6,Diploma,HR,Medium,75,92,90,61,7341,Low,Medium,7,8,Low,4,64,96,Poor,1,4,Reassignment Required
2771,25,16,PhD,Marketing,Expert,89,88,71,58,6723,Low,High,15,6,High,6,72,70,Good,2,4,Optimal
2772,51,25,PhD,Marketing,Medium,62,84,58,48,6082,Medium,Low,4,9,Critical,9,98,74,Excellent,5,2,Reassignment Required
2773,54,0,Bachelor,HR,Medium,65,77,56,80,5322,Medium,Expert,5,4,Low,6,63,94,Poor,3,2,Suboptimal
2774,57,4,Master,R&D,Medium,99,95,73,77,8301,Low,Low,28,9,Medium,8,76,99,Average,1,2,Suboptimal
2775,39,15,PhD,R&D,Low,70,61,34,68,4228,Medium,Low,9,7,High,5,99,71,Average,0,2,Reassignment Required
2776,58,14,Master,R&D,High,68,53,81,49,7568,Medium,High,3,10,High,2,94,73,Poor,2,3,Suboptimal
2777,40,1,Diploma,R&D,Low,44,54,82,61,2475,High,High,16,7,Low,4,90,93,Poor,3,2,Optimal
2778,49,8,Diploma,IT,High,93,94,81,63,3407,High,Expert,16,5,Critical,4,75,81,Average,0,2,Reassignment Required
2779,41,6,Diploma,HR,Medium,77,85,67,47,8543,Low,Expert,19,3,Low,2,93,74,Excellent,0,0,Suboptimal
2780,54,3,Diploma,IT,Medium,64,43,73,86,1935,High,Expert,25,4,High,9,91,93,Poor,4,0,Suboptimal
2781,33,19,Bachelor,Marketing,Expert,99,57,82,45,6415,Medium,Low,9,8,Critical,5,92,84,Average,3,2,Optimal
2782,36,17,Diploma,IT,High,73,40,31,46,3245,Low,Low,29,11,Low,6,67,79,Good,4,4,Suboptimal
2783,23,20,PhD,R&D,High,51,51,83,59,6689,High,High,20,6,Low,4,89,95,Poor,2,1,Suboptimal
2784,50,3,Diploma,Marketing,Low,61,93,64,56,5337,Low,Expert,1,8,Medium,5,62,86,Excellent,3,0,Reassignment Required
2785,31,27,Master,IT,High,48,80,75,75,7572,Low,High,17,8,High,2,76,83,Poor,4,2,Optimal
2786,23,12,PhD,IT,Medium,99,81,84,47,4950,High,Expert,12,7,Medium,6,83,76,Excellent,2,0,Suboptimal
2787,32,0,Master,HR,Expert,59,92,40,99,3658,Medium,Expert,9,3,Medium,6,75,91,Average,1,2,Reassignment Required
2788,34,27,Master,IT,Low,68,99,58,52,7149,Medium,High,22,6,Critical,5,79,71,Poor,0,4,Suboptimal
2789,31,23,Bachelor,Marketing,Expert,83,89,98,63,8485,High,High,5,11,Critical,3,69,92,Poor,2,4,Reassignment Required
2790,35,2,Bachelor,R&D,High,68,56,92,85,4283,High,High,29,7,High,3,83,72,Excellent,3,0,Optimal
2791,39,15,Master,HR,High,84,58,76,89,2296,High,Expert,28,9,Critical,7,66,73,Excellent,0,1,Optimal
2792,30,29,Master,IT,Low,66,75,36,70,2647,High,Low,15,2,High,7,79,99,Good,0,1,Optimal
2793,49,21,Diploma,HR,High,93,87,93,62,9551,Low,High,26,11,Critical,3,72,85,Excellent,2,1,Suboptimal
2794,24,3,PhD,Operations,Expert,94,46,93,56,4452,Medium,High,13,8,Medium,8,88,85,Average,1,1,Suboptimal
2795,41,24,Diploma,HR,Medium,56,48,41,89,9092,Medium,Low,19,6,High,2,69,96,Poor,2,3,Reassignment Required
2796,27,22,Bachelor,R&D,Low,44,47,41,85,6629,High,Low,3,8,Medium,3,68,91,Excellent,5,2,Optimal
2797,48,24,Bachelor,Operations,High,91,64,65,63,4244,Medium,Medium,2,4,Critical,5,66,72,Good,4,4,Optimal
2798,23,15,Diploma,Operations,Expert,84,46,58,82,8187,Medium,High,13,5,Medium,6,92,86,Good,4,1,Reassignment Required
2799,50,25,PhD,HR,Medium,52,81,40,49,5025,Medium,Medium,7,3,Critical,5,83,95,Excellent,5,3,Reassignment Required
2800,59,18,Master,Marketing,High,81,47,82,70,9694,High,Medium,9,7,Low,9,75,86,Good,4,2,Suboptimal
2801,24,0,Diploma,R&D,Low,54,63,99,84,7370,High,Low,22,6,Medium,5,91,91,Poor,5,3,Optimal
2802,37,4,Bachelor,Marketing,High,54,56,76,59,5204,Medium,Expert,10,2,High,4,63,89,Average,3,0,Suboptimal
2803,51,18,PhD,R&D,High,57,51,62,55,4812,High,Expert,1,2,Medium,9,73,76,Good,2,0,Reassignment Required
2804,23,21,Bachelor,R&D,High,89,85,96,53,8254,Medium,Low,22,9,Medium,2,88,94,Excellent,0,1,Optimal
2805,38,23,PhD,Marketing,Medium,41,70,72,42,1785,High,Medium,16,9,High,6,81,99,Excellent,3,0,Reassignment Required
2806,33,10,PhD,Finance,Medium,62,51,47,69,1227,Medium,Medium,11,7,High,4,82,77,Poor,4,2,Reassignment Required
2807,56,12,PhD,Operations,High,82,96,82,57,5947,High,Medium,24,10,Low,8,85,88,Average,3,1,Optimal
2808,22,19,Diploma,HR,High,52,41,68,98,8477,Medium,Medium,8,2,Critical,2,85,76,Excellent,0,3,Suboptimal
2809,36,4,Diploma,Marketing,Low,82,51,63,45,1827,High,High,26,11,Critical,6,81,70,Average,3,4,Reassignment Required
2810,47,20,Diploma,Marketing,High,43,66,66,59,1378,High,Medium,13,9,High,9,62,85,Good,1,4,Reassignment Required
2811,58,3,PhD,HR,Expert,86,85,70,74,7256,Medium,Low,16,3,Medium,9,76,87,Poor,4,4,Reassignment Required
2812,42,3,PhD,Operations,Expert,93,46,78,58,7082,Low,Medium,3,9,Critical,4,73,94,Good,2,2,Suboptimal
2813,52,3,Bachelor,HR,Low,94,97,39,65,9482,Medium,Medium,13,4,High,7,89,95,Average,5,1,Suboptimal
2814,46,3,Master,R&D,Medium,64,97,69,74,4548,Medium,Low,17,7,High,9,72,77,Excellent,4,0,Suboptimal
2815,44,19,Diploma,Finance,High,50,52,47,51,8688,Low,Medium,21,8,Low,9,85,76,Excellent,4,1,Optimal
2816,45,20,PhD,R&D,Low,89,92,54,47,1059,High,Expert,6,4,Medium,3,99,96,Poor,2,3,Suboptimal
2817,59,17,Bachelor,Finance,Medium,87,75,70,96,6431,Low,Low,10,3,Low,5,91,79,Good,2,4,Reassignment Required
2818,49,17,Bachelor,HR,Low,81,40,65,96,3670,Medium,High,9,2,Low,7,93,71,Average,0,1,Reassignment Required
2819,42,15,Bachelor,R&D,Medium,51,88,31,76,4339,Low,High,18,6,Medium,3,82,84,Excellent,0,1,Optimal
2820,39,8,Diploma,Operations,High,52,74,78,88,3789,High,Low,17,2,High,6,93,83,Excellent,1,0,Suboptimal
2821,57,17,Diploma,R&D,Low,48,69,96,49,4654,Medium,High,7,2,Medium,7,71,71,Poor,3,3,Optimal
2822,56,21,Master,Marketing,High,98,70,82,60,6548,Medium,High,2,6,Low,7,82,76,Poor,3,4,Reassignment Required
2823,30,1,Bachelor,Finance,Low,92,56,48,88,6102,High,High,11,4,Low,4,87,92,Good,3,0,Suboptimal
2824,59,20,Diploma,Finance,Medium,84,47,55,80,8518,High,Low,18,11,Medium,4,78,91,Excellent,5,4,Optimal
2825,51,3,Bachelor,Operations,Low,77,42,83,84,3662,Medium,Medium,3,4,Low,4,93,95,Good,4,0,Suboptimal
2826,55,11,PhD,Finance,Expert,45,98,80,81,1201,High,High,14,8,High,5,67,81,Average,4,0,Suboptimal
2827,53,6,Bachelor,Finance,Expert,82,49,54,68,8087,Low,Expert,20,4,High,4,93,74,Good,2,4,Reassignment Required
2828,24,14,Master,Operations,Low,90,73,46,70,9662,Low,Medium,13,3,Medium,2,75,75,Poor,5,3,Reassignment Required
2829,24,6,Diploma,R&D,Expert,98,61,90,79,8943,Low,Medium,23,4,Medium,2,66,85,Good,1,2,Reassignment Required
2830,49,28,PhD,HR,High,82,43,75,46,4026,Low,High,17,5,High,2,86,81,Poor,1,2,Optimal
2831,36,21,Diploma,R&D,Expert,49,71,84,73,4356,High,High,29,10,Critical,9,79,78,Excellent,3,1,Optimal
2832,44,25,PhD,Marketing,Expert,62,68,79,73,4973,Low,Medium,22,3,Critical,7,94,89,Average,2,1,Optimal
2833,32,20,Bachelor,Marketing,High,54,85,40,69,5471,Low,High,11,7,Critical,3,76,81,Excellent,3,3,Suboptimal
2834,53,16,Bachelor,Finance,High,84,50,41,43,5237,Medium,Low,7,6,Medium,6,87,79,Good,4,2,Suboptimal
2835,57,15,Master,Marketing,Medium,62,85,69,80,4123,High,Low,3,7,High,3,67,86,Excellent,2,1,Reassignment Required
2836,54,27,Master,HR,High,79,52,77,69,3307,High,High,3,6,High,7,63,94,Poor,5,2,Suboptimal
2837,45,18,PhD,Finance,Low,76,98,85,64,7003,High,Medium,2,7,High,3,92,93,Excellent,3,2,Suboptimal
2838,55,8,Master,Marketing,Expert,73,43,37,53,4790,Medium,High,21,5,High,5,81,80,Average,1,2,Reassignment Required
2839,49,13,Master,IT,Medium,55,41,43,63,6935,Medium,Expert,16,9,Medium,7,90,87,Poor,0,1,Optimal
2840,58,16,Master,IT,High,84,73,85,82,7521,High,Low,23,10,High,3,60,73,Average,5,1,Reassignment Required
2841,28,4,Master,IT,Expert,90,82,83,70,4110,Low,Medium,11,11,High,5,73,72,Good,4,3,Suboptimal
2842,25,1,Bachelor,IT,Low,80,61,46,92,9539,Medium,Expert,28,8,Low,8,66,88,Average,3,0,Reassignment Required
2843,58,19,Master,R&D,Low,86,44,74,78,2601,Medium,High,14,2,Low,2,67,75,Poor,2,1,Suboptimal
2844,22,15,Bachelor,IT,Medium,71,48,34,67,4777,Medium,Low,3,6,Low,9,67,92,Poor,2,4,Reassignment Required
2845,22,13,Bachelor,Finance,Low,77,59,32,64,5923,High,Expert,7,8,Low,9,83,77,Average,3,0,Suboptimal
2846,41,13,Diploma,Operations,Expert,79,60,38,58,6919,Low,Medium,8,6,Medium,2,60,76,Excellent,5,2,Suboptimal
2847,40,26,Bachelor,R&D,High,95,56,49,43,4778,Medium,Low,13,6,Critical,3,94,84,Good,1,3,Reassignment Required
2848,50,0,Bachelor,Operations,Low,85,51,50,73,9513,Medium,High,19,6,Low,3,67,81,Poor,3,4,Suboptimal
2849,31,2,Master,Finance,High,44,67,62,71,6863,High,High,11,6,Low,9,64,84,Good,4,4,Suboptimal
2850,39,25,Bachelor,Finance,Expert,56,57,34,64,1179,Low,Low,1,6,Low,8,91,78,Excellent,2,0,Suboptimal
2851,49,6,PhD,HR,Expert,61,42,53,94,4965,Medium,Expert,19,2,Medium,2,60,71,Average,4,3,Reassignment Required
2852,56,25,Master,R&D,High,78,44,92,61,9220,High,Low,13,7,Critical,8,61,95,Average,5,0,Optimal
2853,52,14,Master,Operations,Expert,80,99,55,92,9929,High,Low,22,7,High,9,74,89,Poor,5,1,Optimal
2854,48,18,Master,IT,Medium,87,92,62,67,4719,Medium,Low,17,9,Low,4,68,84,Poor,0,2,Reassignment Required
2855,32,19,Diploma,Finance,Low,57,91,47,94,7330,High,Expert,9,6,Critical,9,71,87,Good,1,3,Reassignment Required
2856,59,1,Master,IT,Medium,67,53,47,90,1054,High,Low,19,3,High,2,69,82,Excellent,3,1,Optimal
2857,26,18,Bachelor,Operations,Medium,52,87,67,92,7657,Medium,Medium,19,8,Low,8,83,85,Average,3,2,Reassignment Required
2858,29,8,PhD,R&D,Medium,89,65,62,57,8998,High,High,28,2,Medium,4,78,84,Good,1,2,Suboptimal
2859,55,18,Master,Marketing,High,81,58,56,92,3064,Low,Expert,23,6,Medium,2,76,80,Good,2,1,Reassignment Required
2860,33,26,Master,Marketing,High,40,80,78,46,5183,Low,Medium,23,6,Medium,6,61,72,Good,3,3,Optimal
2861,59,4,PhD,Finance,Expert,92,56,79,50,4294,Medium,Low,29,4,High,9,69,98,Excellent,1,4,Suboptimal
2862,22,17,Master,HR,High,89,93,44,81,4855,Low,Medium,6,3,Medium,9,64,79,Average,3,0,Optimal
2863,52,15,Diploma,IT,Expert,58,78,81,50,3751,Low,Expert,7,5,Critical,9,98,86,Average,2,3,Optimal
2864,25,3,Bachelor,Finance,High,73,81,97,94,1724,Medium,High,5,8,High,5,65,99,Excellent,1,4,Suboptimal
2865,26,11,PhD,HR,Expert,98,43,48,48,9049,High,Expert,8,11,Medium,5,61,77,Excellent,2,4,Optimal
2866,51,28,PhD,IT,Low,43,81,54,74,3499,Low,Low,26,4,Critical,6,67,74,Good,3,4,Optimal
2867,45,6,Diploma,Operations,Expert,82,74,54,95,2329,High,Low,14,7,Critical,4,63,90,Good,1,0,Optimal
2868,24,13,Bachelor,Marketing,Low,42,63,62,76,6117,Medium,High,18,8,Low,3,90,77,Good,0,0,Optimal
2869,32,22,Diploma,HR,Expert,80,80,89,62,3627,Low,Expert,21,3,Low,3,95,84,Excellent,3,0,Reassignment Required
2870,25,11,Bachelor,IT,High,49,52,66,72,3450,Medium,Expert,27,4,Critical,5,67,80,Average,1,4,Optimal
2871,47,2,Diploma,Finance,High,67,72,72,40,8057,High,Expert,25,10,Low,3,90,78,Average,0,1,Reassignment Required
2872,48,4,Master,IT,Low,73,54,38,59,8865,Medium,Medium,20,2,Low,4,76,94,Average,1,0,Optimal
2873,48,16,Diploma,Finance,Medium,78,54,43,44,5294,Low,High,24,9,High,8,99,95,Good,4,4,Optimal
2874,27,25,PhD,Marketing,Medium,86,70,32,68,2730,Medium,Expert,3,2,Medium,9,73,94,Average,4,3,Reassignment Required
2875,36,9,PhD,Marketing,Expert,98,82,98,65,9149,Medium,High,22,4,High,3,67,71,Good,1,4,Suboptimal
2876,51,9,PhD,IT,High,58,67,85,90,2123,Medium,Medium,8,7,High,2,84,76,Excellent,1,0,Suboptimal
2877,58,10,Diploma,IT,Medium,81,49,55,77,8193,High,Expert,14,9,Low,6,73,85,Poor,4,0,Suboptimal
2878,58,16,PhD,Finance,High,95,96,82,42,5621,High,Medium,25,8,Medium,5,82,76,Excellent,3,0,Optimal
2879,58,4,PhD,Finance,High,91,46,70,60,2488,High,Low,14,4,High,8,76,73,Good,4,1,Suboptimal
2880,56,12,Master,HR,High,85,72,50,98,1264,High,Low,29,7,High,3,71,74,Average,4,2,Optimal
2881,44,9,Master,HR,Expert,75,46,68,52,3029,Low,Low,7,2,High,8,79,83,Poor,5,1,Optimal
2882,27,8,Bachelor,HR,Low,96,44,52,70,7874,High,High,6,9,High,9,93,91,Poor,4,3,Suboptimal
2883,25,16,Bachelor,IT,Expert,82,65,87,56,4766,High,Expert,27,10,Medium,4,70,76,Poor,2,0,Reassignment Required
2884,39,0,Bachelor,R&D,Medium,42,94,98,74,9587,Low,Expert,6,10,Low,3,86,82,Excellent,3,2,Reassignment Required
2885,30,3,Diploma,R&D,Low,62,55,58,62,8056,High,Medium,12,5,Critical,8,68,87,Poor,2,3,Reassignment Required
2886,50,3,Bachelor,R&D,Medium,56,99,91,42,9299,Medium,Medium,22,5,Low,9,77,79,Good,3,4,Reassignment Required
2887,34,17,Diploma,R&D,Low,46,96,82,92,4563,High,Low,15,8,Critical,6,97,71,Good,2,2,Suboptimal
2888,38,8,Diploma,HR,Low,65,47,74,94,9071,Low,High,26,8,High,2,95,82,Excellent,5,1,Suboptimal
2889,53,29,Bachelor,IT,Expert,82,61,56,84,8849,Medium,High,25,7,Critical,7,87,71,Average,2,0,Suboptimal
2890,43,24,Bachelor,R&D,High,57,73,63,41,7035,Low,Medium,19,8,Medium,5,79,98,Average,1,2,Suboptimal
2891,25,28,Diploma,Marketing,High,99,79,43,42,8959,Medium,Medium,4,2,Medium,5,88,99,Excellent,4,3,Reassignment Required
2892,26,28,Master,Operations,Low,85,67,70,59,4196,Medium,Expert,3,10,High,4,63,84,Average,5,1,Optimal
2893,58,17,PhD,Marketing,Expert,85,85,89,87,2185,Medium,Expert,13,7,Medium,2,74,74,Average,5,3,Suboptimal
2894,34,13,PhD,IT,Medium,45,75,71,92,5131,Low,Medium,25,9,High,3,87,91,Poor,1,3,Suboptimal
2895,55,24,PhD,IT,Medium,70,95,80,83,4075,Medium,Expert,16,6,Critical,3,99,80,Excellent,1,0,Reassignment Required
2896,43,14,Master,Operations,High,68,86,40,96,1412,Medium,Medium,13,8,Low,7,83,75,Excellent,1,2,Reassignment Required
2897,44,5,Diploma,Finance,High,48,46,64,48,9674,Medium,High,21,4,Low,8,96,88,Average,0,3,Suboptimal
2898,24,23,Bachelor,Finance,Medium,93,91,48,87,4847,Medium,Low,10,11,Critical,9,75,97,Average,5,1,Optimal
2899,55,9,Diploma,Finance,Medium,74,79,94,43,9794,Medium,Medium,13,2,Low,7,81,84,Excellent,3,3,Suboptimal
2900,53,28,Diploma,HR,Expert,56,98,90,64,8974,High,Medium,8,8,High,8,76,73,Good,1,3,Reassignment Required
2901,42,14,Bachelor,Finance,Medium,99,82,76,91,2081,Low,Expert,12,6,Critical,7,60,76,Excellent,1,1,Reassignment Required
2902,42,28,Master,HR,Expert,51,67,43,89,5355,Medium,Medium,8,2,High,4,90,92,Poor,0,4,Reassignment Required
2903,32,3,PhD,HR,High,75,98,96,97,8662,Medium,High,9,10,Low,2,84,91,Average,0,3,Reassignment Required
2904,25,17,PhD,Finance,Medium,91,41,81,40,9216,Medium,Low,10,10,High,4,71,86,Poor,4,1,Reassignment Required
2905,22,17,Diploma,Finance,High,87,48,61,78,9389,Medium,Expert,7,7,Medium,9,79,79,Excellent,1,0,Reassignment Required
2906,49,24,Master,Operations,Low,63,45,39,91,3626,Medium,High,3,10,Low,6,78,91,Average,3,2,Suboptimal
2907,45,16,PhD,R&D,Low,49,94,46,51,9614,High,Low,5,8,Medium,6,64,99,Excellent,1,1,Optimal
2908,56,11,Master,Operations,Low,97,97,69,79,2141,High,Expert,3,9,Medium,3,74,98,Excellent,4,1,Optimal
2909,34,6,Bachelor,HR,Medium,69,40,97,79,7935,Medium,High,18,3,Critical,6,84,86,Poor,5,2,Reassignment Required
2910,55,15,Diploma,Operations,High,68,42,92,99,2120,Medium,Medium,19,3,Critical,4,94,80,Poor,1,1,Suboptimal
2911,32,10,Diploma,HR,Medium,78,49,44,63,5527,Medium,Expert,28,5,High,5,62,90,Good,0,4,Suboptimal
2912,57,13,Master,IT,High,49,76,68,93,8106,Low,Medium,10,2,High,6,77,91,Average,0,0,Reassignment Required
2913,38,2,PhD,HR,Expert,78,83,86,48,7693,Low,Expert,9,9,Low,9,81,85,Excellent,4,4,Reassignment Required
2914,56,18,Master,HR,Medium,94,62,39,85,5903,High,Low,25,6,High,8,75,76,Average,4,3,Reassignment Required
2915,39,17,Bachelor,Operations,Low,67,72,46,59,1055,High,Expert,24,8,High,4,74,77,Poor,0,0,Suboptimal
2916,43,29,PhD,R&D,Expert,57,48,46,44,7758,Low,Expert,7,3,Critical,5,64,85,Average,0,3,Suboptimal
2917,45,9,PhD,IT,High,80,92,45,59,3263,Medium,High,1,6,Critical,8,72,85,Good,1,2,Optimal
2918,40,5,Master,Marketing,Medium,93,52,32,60,9212,High,Expert,25,10,Medium,5,87,94,Excellent,4,1,Optimal
2919,58,12,Bachelor,Marketing,High,89,67,80,41,7353,Medium,Low,10,10,High,7,69,91,Excellent,5,1,Optimal
2920,42,9,PhD,R&D,High,56,90,75,60,9482,Medium,High,2,3,Critical,8,75,96,Excellent,1,0,Optimal
2921,29,17,Diploma,Marketing,Medium,50,46,84,81,2994,High,Medium,6,3,Low,7,61,92,Poor,0,1,Optimal
2922,49,25,Bachelor,IT,Medium,40,65,55,63,1834,Low,Expert,26,6,High,6,95,73,Excellent,3,1,Reassignment Required
2923,26,19,PhD,Finance,High,56,55,60,48,5283,Low,Low,21,4,Low,2,84,95,Poor,4,3,Suboptimal
2924,38,25,Master,IT,High,75,79,48,78,6270,Low,Low,6,2,Medium,7,64,76,Good,1,4,Optimal
2925,58,15,PhD,Operations,Expert,75,97,97,94,5309,Medium,Expert,24,2,Medium,6,87,95,Excellent,4,1,Reassignment Required
2926,57,24,Diploma,HR,Low,85,65,44,69,2501,Medium,Expert,8,6,Critical,6,76,86,Average,3,3,Suboptimal
2927,40,24,Bachelor,HR,High,99,90,87,93,5688,Medium,Medium,26,4,Critical,2,61,72,Poor,5,4,Optimal
2928,48,5,PhD,Operations,Low,48,78,59,57,5136,Low,Medium,18,10,Medium,6,74,86,Poor,2,1,Reassignment Required
2929,55,12,Diploma,Operations,Expert,84,94,77,97,1019,Medium,Medium,7,4,Low,4,97,80,Average,0,0,Optimal
2930,32,3,PhD,HR,Low,99,71,85,83,2032,High,Medium,18,4,Medium,2,88,77,Average,3,0,Optimal
2931,33,22,PhD,R&D,Low,67,75,71,82,4274,Medium,Medium,1,4,Medium,4,82,88,Good,2,0,Suboptimal
2932,42,13,Bachelor,Finance,Expert,87,81,53,49,1747,High,Medium,28,2,Critical,5,77,76,Poor,1,2,Reassignment Required
2933,32,0,Master,Finance,High,72,96,81,84,8004,Low,High,24,4,High,2,73,87,Good,3,0,Suboptimal
2934,49,27,Master,Finance,Low,42,40,72,80,1967,Medium,High,25,6,Critical,5,91,97,Average,2,1,Optimal
2935,26,19,Diploma,Operations,High,90,88,63,87,4547,Medium,Low,14,9,Critical,7,65,97,Excellent,3,1,Optimal
2936,38,4,Diploma,HR,High,47,60,89,60,3798,Low,High,23,8,Low,3,87,90,Average,2,0,Optimal
2937,41,7,Diploma,R&D,Medium,89,52,32,61,4015,Medium,Expert,20,5,Medium,8,77,84,Average,1,0,Suboptimal
2938,33,11,Bachelor,HR,High,45,90,97,56,7605,High,Expert,7,5,High,3,94,88,Good,1,3,Optimal
2939,27,1,Master,HR,High,98,65,40,44,2804,Low,Expert,20,5,High,4,97,95,Good,1,4,Reassignment Required
2940,38,11,Diploma,R&D,Low,91,84,42,45,3023,High,Low,7,9,Critical,5,63,72,Average,1,0,Optimal
2941,40,4,Diploma,IT,High,97,48,79,49,9592,Low,High,4,9,Critical,5,90,99,Good,1,3,Suboptimal
2942,47,21,PhD,R&D,High,45,76,48,82,5432,High,Expert,25,3,Medium,2,70,85,Poor,5,1,Optimal
2943,53,4,PhD,IT,Medium,68,62,73,41,4324,High,High,5,8,Low,9,70,84,Good,2,0,Reassignment Required
2944,27,12,Diploma,Marketing,Medium,76,40,62,46,8163,High,Expert,23,6,Medium,3,88,74,Good,1,3,Reassignment Required
2945,57,8,PhD,IT,Low,51,41,67,85,2877,Medium,Medium,27,3,High,4,78,83,Excellent,3,3,Suboptimal
2946,59,9,PhD,Finance,Low,48,82,32,43,4675,Medium,High,24,4,Low,4,76,93,Excellent,3,4,Optimal
2947,32,0,PhD,Finance,Medium,80,67,94,76,7961,Medium,High,21,8,Critical,2,63,71,Excellent,1,1,Suboptimal
2948,54,29,Bachelor,R&D,Medium,88,75,64,58,1005,Medium,Expert,1,7,Critical,2,63,96,Poor,3,4,Reassignment Required
2949,45,2,Diploma,Finance,Expert,58,70,65,92,6533,Medium,High,20,7,High,7,71,73,Good,1,4,Suboptimal
2950,44,29,Diploma,Finance,High,56,80,67,67,9777,High,Medium,3,8,Medium,4,66,89,Good,5,4,Optimal
2951,36,17,PhD,Marketing,Low,93,44,68,59,6175,Medium,Expert,13,7,Low,2,80,82,Excellent,3,1,Optimal
2952,48,11,Bachelor,Finance,Low,87,76,54,99,4878,High,Medium,7,3,Medium,9,92,85,Poor,4,0,Reassignment Required
2953,32,28,PhD,Operations,High,83,64,93,69,4469,Low,Expert,6,9,Medium,7,96,99,Good,0,4,Reassignment Required
2954,38,2,Bachelor,Operations,High,71,47,42,81,5333,High,High,6,8,Medium,5,71,81,Good,3,2,Reassignment Required
2955,35,25,Diploma,Operations,Low,74,73,97,77,7633,Medium,Expert,2,7,Critical,4,66,96,Good,3,1,Reassignment Required
2956,48,24,PhD,IT,Medium,53,78,99,41,4093,Low,Low,16,6,High,6,74,74,Good,5,3,Reassignment Required
2957,39,28,Diploma,R&D,Medium,88,88,30,42,1857,Medium,Expert,6,7,Low,3,96,91,Poor,0,3,Optimal
2958,49,29,Bachelor,R&D,High,93,71,83,99,8618,Low,High,8,4,Low,3,68,94,Excellent,4,1,Optimal
2959,25,8,Master,HR,Low,55,97,38,86,8977,High,Medium,21,3,High,6,92,90,Excellent,0,3,Optimal
2960,28,25,Bachelor,Marketing,High,60,98,65,81,3550,Low,Medium,25,10,Low,6,97,81,Poor,3,1,Suboptimal
2961,56,1,Master,Operations,Medium,51,50,66,88,2225,Medium,Low,11,2,Low,8,75,95,Good,1,0,Suboptimal
2962,30,29,Diploma,Operations,Expert,99,86,88,78,9845,Low,Expert,18,3,Medium,9,90,77,Good,4,1,Reassignment Required
2963,29,2,Diploma,Finance,Expert,63,64,50,64,8453,High,Expert,23,11,Medium,5,74,74,Poor,3,0,Optimal
2964,38,13,PhD,Operations,Medium,73,42,49,41,8400,Low,Medium,6,11,High,9,61,72,Poor,1,1,Reassignment Required
2965,38,3,Master,Finance,High,47,84,30,78,5556,High,Medium,14,2,Low,4,72,91,Average,1,4,Optimal
2966,54,24,Bachelor,Finance,Expert,83,89,88,54,3717,Low,High,15,9,High,2,64,82,Poor,5,2,Optimal
2967,53,18,Diploma,HR,Medium,60,91,57,42,4392,High,Low,11,5,High,3,92,73,Good,4,0,Optimal
2968,29,12,Master,IT,Low,87,71,85,44,9154,High,Medium,27,7,High,9,91,90,Poor,3,2,Optimal
2969,40,6,Bachelor,Finance,High,47,91,38,93,7122,High,Expert,15,6,High,6,80,77,Excellent,2,3,Optimal
2970,59,11,Master,Finance,High,67,74,94,79,5528,High,Medium,13,9,Medium,9,61,96,Good,1,0,Optimal
2971,24,2,Bachelor,R&D,Expert,55,71,65,75,2081,Medium,High,6,11,Critical,8,95,96,Poor,5,3,Optimal
2972,26,22,Bachelor,HR,High,49,73,63,89,7639,High,Expert,4,8,High,4,92,73,Poor,0,4,Suboptimal
2973,34,22,Bachelor,Finance,Expert,91,76,61,90,8018,Medium,High,14,2,Low,2,70,76,Poor,2,4,Suboptimal
2974,52,8,Bachelor,Marketing,Expert,54,91,95,79,7105,High,High,13,9,Critical,8,82,72,Good,5,0,Reassignment Required
2975,37,1,Master,IT,Medium,43,44,54,94,5750,Low,High,10,5,Medium,3,97,73,Poor,0,0,Optimal
2976,53,28,Master,Marketing,Expert,65,84,80,77,3654,Low,Low,25,8,Critical,4,92,93,Poor,4,2,Reassignment Required
2977,43,21,PhD,Operations,Low,54,67,92,76,1155,Medium,Expert,22,4,Critical,3,99,77,Excellent,5,3,Suboptimal
2978,50,8,Master,IT,High,75,67,74,66,5296,Low,Expert,29,3,Medium,5,67,82,Average,1,2,Optimal
2979,43,11,Master,Operations,Expert,71,47,55,44,4069,High,High,12,2,High,8,95,82,Excellent,1,0,Suboptimal
2980,24,11,PhD,R&D,High,82,66,50,56,2963,Low,Low,24,11,Critical,3,95,78,Average,4,2,Suboptimal
2981,31,14,Master,Finance,Expert,77,55,80,77,5594,Medium,Medium,8,6,Medium,9,92,89,Excellent,1,0,Reassignment Required
2982,42,1,Bachelor,HR,Medium,43,57,53,84,8663,Low,Expert,20,4,Medium,5,88,95,Poor,5,1,Optimal
2983,37,17,Diploma,Marketing,Low,80,64,41,80,7303,Medium,Medium,5,4,Critical,5,90,89,Poor,2,3,Reassignment Required
2984,33,12,Diploma,Operations,High,48,97,40,95,7142,High,Expert,2,9,Medium,5,89,74,Good,5,4,Optimal
2985,23,13,PhD,Finance,Medium,74,87,56,51,4755,High,High,20,2,Critical,2,67,83,Good,2,4,Optimal
2986,45,4,Master,Marketing,High,94,40,52,81,1830,Low,Expert,12,3,Critical,7,85,74,Excellent,5,2,Optimal
2987,56,25,Master,Marketing,Medium,67,47,62,70,7574,Low,High,6,2,Medium,2,82,72,Excellent,4,4,Suboptimal
2988,51,9,PhD,R&D,Low,76,99,67,72,7121,Low,Expert,15,8,Medium,5,85,70,Average,5,1,Suboptimal
2989,51,11,Diploma,R&D,Expert,86,60,84,82,7074,High,High,18,5,Medium,4,97,79,Good,3,1,Reassignment Required
2990,56,9,Bachelor,Operations,Medium,99,73,99,68,2342,Low,Medium,18,4,Critical,7,98,84,Excellent,1,2,Reassignment Required
2991,40,23,Master,Finance,High,48,63,71,77,8679,High,Medium,10,4,Low,7,61,86,Poor,5,4,Reassignment Required
2992,29,10,PhD,HR,High,41,76,58,42,8329,Medium,Medium,7,11,Medium,5,85,81,Excellent,5,4,Suboptimal
2993,47,24,Bachelor,Operations,Medium,42,65,63,77,2844,Low,Expert,10,4,Medium,8,77,83,Average,2,0,Suboptimal
2994,28,1,PhD,Marketing,Low,97,86,86,80,1461,Low,Low,5,3,High,4,86,93,Good,0,2,Optimal
2995,51,4,PhD,Marketing,Low,92,53,32,93,3991,Medium,Medium,16,6,Medium,3,76,73,Good,1,0,Optimal
2996,28,29,PhD,IT,Expert,83,97,35,79,7843,Medium,Expert,29,2,Critical,2,74,98,Poor,2,1,Reassignment Required
2997,24,6,Diploma,Finance,Expert,87,68,77,69,1200,Medium,High,19,6,Medium,4,66,80,Good,2,2,Optimal
2998,22,5,Diploma,IT,High,44,69,93,86,1515,Medium,Low,3,11,High,7,76,95,Good,2,0,Optimal
2999,57,21,PhD,R&D,High,49,42,42,61,6871,High,Low,7,9,Low,4,78,84,Average,3,1,Suboptimal
3000,46,22,Master,HR,Expert,67,46,65,77,6450,Low,Low,19,8,Low,9,86,83,Good,4,4,Suboptimal
3001,58,2,Bachelor,Operations,Expert,54,75,99,71,5839,High,Medium,12,4,Medium,4,99,96,Excellent,3,2,Suboptimal
3002,22,12,Master,Marketing,Expert,53,50,62,94,7490,High,Medium,10,10,Low,6,76,87,Poor,5,0,Reassignment Required
3003,36,2,Diploma,Finance,Medium,85,71,86,82,4231,Medium,Medium,5,11,Critical,2,91,91,Good,0,3,Suboptimal
3004,58,25,Bachelor,Marketing,Expert,62,98,84,49,4696,Low,Medium,29,8,Low,6,75,78,Excellent,0,4,Reassignment Required
3005,34,24,PhD,R&D,Medium,52,97,42,71,4293,High,High,2,2,Critical,3,89,84,Poor,4,0,Optimal
3006,29,29,Master,IT,Medium,55,51,80,82,8001,High,Expert,3,7,Low,4,73,90,Poor,5,0,Optimal
3007,26,23,Master,IT,Expert,69,54,82,43,2629,Medium,Low,14,5,Low,2,77,72,Average,4,2,Optimal
3008,30,20,PhD,Operations,Low,79,77,65,68,5018,Low,Expert,15,7,Critical,9,81,89,Good,2,3,Optimal
3009,22,5,Master,Finance,Low,47,97,34,84,5489,Low,Low,20,4,Critical,9,75,82,Poor,0,4,Suboptimal
3010,57,10,Diploma,R&D,High,56,63,54,47,8563,Low,Low,13,6,Medium,9,75,71,Poor,2,4,Optimal
3011,56,27,PhD,Finance,Expert,69,40,66,59,3016,High,Low,17,4,Critical,7,85,84,Poor,4,2,Suboptimal
3012,23,25,Master,Operations,High,56,57,48,86,9358,Medium,Low,20,8,Medium,2,65,83,Poor,0,2,Optimal
3013,44,16,PhD,R&D,Expert,74,85,64,46,1975,Low,High,4,6,High,2,66,76,Average,2,2,Optimal
3014,30,9,Bachelor,R&D,High,40,95,63,40,5547,High,High,19,5,Critical,4,68,98,Poor,1,3,Suboptimal
3015,55,11,PhD,IT,Medium,88,46,83,99,8305,High,Low,26,11,Medium,7,85,73,Poor,5,2,Reassignment Required
3016,35,16,Master,IT,Expert,97,81,75,64,1859,Low,Low,15,8,Medium,5,61,73,Average,1,3,Suboptimal
3017,25,3,Diploma,IT,Low,63,80,35,65,4944,Medium,Medium,15,8,Low,8,95,93,Average,2,3,Reassignment Required
3018,51,1,PhD,Marketing,Expert,87,41,30,48,1209,Medium,Low,9,11,Critical,5,62,79,Average,3,1,Suboptimal
3019,52,10,PhD,HR,High,88,79,63,62,1213,Low,Expert,3,10,Low,5,80,90,Poor,2,2,Reassignment Required
3020,59,6,Master,IT,High,64,93,85,79,6897,High,High,2,4,Medium,6,62,88,Excellent,0,2,Reassignment Required
3021,32,1,Diploma,HR,High,41,70,55,41,6782,Medium,Expert,7,11,Critical,4,68,82,Excellent,4,4,Suboptimal
3022,56,25,Diploma,HR,High,64,72,71,65,8402,High,Medium,9,9,Medium,3,71,97,Poor,2,2,Reassignment Required
3023,29,17,Bachelor,Finance,High,53,91,67,53,1303,High,High,22,8,Low,9,67,75,Good,0,3,Suboptimal
3024,24,20,Bachelor,Operations,High,78,69,55,83,8276,Medium,Medium,5,10,Medium,6,96,77,Good,0,2,Reassignment Required
3025,35,3,Master,Marketing,Low,96,70,88,70,8000,High,Medium,17,3,Medium,2,80,79,Good,1,0,Optimal
3026,34,7,Diploma,HR,High,90,73,53,65,9174,High,Expert,3,7,Low,5,96,86,Average,2,4,Optimal
3027,53,19,Diploma,Marketing,Low,72,46,50,94,1860,Low,Low,9,6,Critical,2,99,78,Good,5,0,Optimal
3028,55,13,Bachelor,Finance,Expert,56,64,89,88,5047,Medium,High,8,4,Low,6,62,83,Good,3,3,Suboptimal
3029,40,11,Bachelor,IT,Medium,98,55,49,58,2855,High,High,9,8,Critical,9,80,98,Average,3,0,Reassignment Required
3030,59,21,Master,R&D,Low,70,61,35,77,7951,Medium,Low,24,6,Critical,7,85,89,Excellent,4,3,Optimal
3031,37,20,Diploma,HR,Expert,49,75,96,92,3167,Medium,Expert,17,7,High,5,83,74,Poor,4,4,Suboptimal
3032,23,26,PhD,Operations,Medium,45,92,39,44,6959,High,Medium,24,5,Medium,4,93,95,Excellent,1,1,Suboptimal
3033,38,29,Bachelor,R&D,Low,78,66,41,96,2633,Medium,Expert,8,8,Critical,5,91,72,Average,2,0,Reassignment Required
3034,55,17,Master,Finance,Low,64,56,51,45,3474,Low,Medium,21,8,Critical,5,86,78,Good,4,4,Suboptimal
3035,37,10,Diploma,Marketing,Expert,77,43,91,74,6040,Low,High,14,6,Low,7,89,98,Good,2,1,Suboptimal
3036,59,28,Diploma,IT,High,76,97,90,55,3377,High,Low,22,8,Critical,5,63,81,Excellent,5,3,Reassignment Required
3037,23,27,Bachelor,Marketing,Low,69,74,46,70,4411,Medium,Low,16,8,Critical,9,61,91,Average,3,3,Optimal
3038,23,29,Master,Operations,Low,73,80,39,57,5659,High,High,18,11,Low,6,82,70,Average,0,1,Reassignment Required
3039,47,7,PhD,HR,Expert,57,61,41,53,5275,Medium,Medium,17,9,Critical,5,63,94,Excellent,3,4,Optimal
3040,34,1,Bachelor,Operations,High,63,86,69,64,5385,High,Expert,24,2,Medium,7,96,80,Good,1,1,Optimal
3041,52,24,Master,Marketing,Medium,88,91,52,54,9677,High,Medium,7,5,Medium,6,70,74,Average,2,0,Optimal
3042,55,14,Diploma,Marketing,High,95,74,69,65,8275,Medium,Low,20,2,Low,9,95,88,Excellent,0,1,Optimal
3043,24,8,PhD,R&D,High,66,83,79,75,1772,Low,Expert,15,4,Critical,2,95,73,Good,0,2,Suboptimal
3044,29,18,Master,Operations,Expert,97,54,39,50,2832,High,Expert,27,9,Medium,4,74,81,Good,1,0,Optimal
3045,44,19,PhD,Operations,High,66,91,33,76,8605,Low,Medium,28,8,High,9,96,85,Good,0,4,Suboptimal
3046,35,7,Master,Operations,Expert,94,79,30,80,2299,Medium,Medium,7,4,Low,5,62,85,Poor,2,0,Reassignment Required
3047,48,24,Master,IT,Medium,78,83,72,76,9373,High,Medium,2,5,Low,6,89,90,Average,3,3,Optimal
3048,50,18,Master,Marketing,Low,60,60,34,46,9337,Medium,Expert,27,3,Medium,5,82,70,Average,2,3,Optimal
3049,22,4,Master,Finance,Low,58,52,63,57,6163,Low,High,2,3,Low,5,92,95,Good,4,3,Optimal
3050,38,10,PhD,IT,Expert,78,86,95,89,2839,Medium,Expert,7,6,Critical,7,60,72,Poor,0,0,Optimal
3051,51,14,Bachelor,IT,Expert,62,50,53,59,5594,High,Low,19,3,Medium,5,60,92,Average,0,3,Optimal
3052,34,7,PhD,IT,High,78,88,43,95,1802,Low,High,6,8,High,3,62,94,Average,2,4,Reassignment Required
3053,42,18,Master,R&D,High,87,92,70,41,4950,High,High,28,2,Critical,4,68,91,Poor,5,4,Optimal
3054,40,22,PhD,Finance,Low,83,95,71,65,2318,Low,Medium,12,10,High,4,91,89,Average,1,0,Reassignment Required
3055,40,26,PhD,Operations,Low,86,66,42,62,7118,Medium,Expert,15,11,High,6,72,84,Average,5,1,Reassignment Required
3056,46,7,PhD,R&D,Low,54,70,58,71,5626,Medium,Low,13,2,Low,2,90,89,Excellent,2,1,Reassignment Required
3057,43,25,Master,Marketing,Expert,82,83,94,52,3940,High,Expert,7,2,High,2,80,94,Average,3,4,Suboptimal
3058,52,26,PhD,HR,Medium,41,71,75,52,8569,High,Medium,7,10,Critical,2,82,86,Poor,1,0,Suboptimal
3059,38,29,Diploma,R&D,Medium,74,91,63,56,8398,High,Expert,15,8,Medium,5,72,91,Poor,0,4,Optimal
3060,44,18,Master,HR,Expert,90,69,92,64,6458,Low,Low,26,11,Medium,7,85,73,Good,5,3,Reassignment Required
3061,53,17,PhD,Marketing,High,59,57,33,97,3052,Low,Medium,4,5,High,6,84,72,Excellent,5,3,Reassignment Required
3062,31,9,Diploma,Finance,Medium,67,55,57,61,7454,High,Expert,3,4,High,8,67,80,Good,0,4,Optimal
3063,31,28,PhD,HR,High,96,74,30,66,7305,Low,Low,1,6,Medium,5,99,70,Excellent,1,3,Optimal
3064,57,6,Bachelor,IT,Low,97,98,65,56,9407,Low,Low,7,3,High,7,89,74,Excellent,1,2,Reassignment Required
3065,29,27,PhD,R&D,Low,54,48,42,65,1785,Medium,Medium,9,7,Critical,3,64,73,Good,1,2,Suboptimal
3066,41,8,PhD,HR,High,55,78,34,77,7979,Medium,Medium,1,7,High,6,83,95,Average,0,2,Reassignment Required
3067,53,0,Bachelor,Marketing,Low,72,90,43,53,2635,Medium,High,5,2,High,6,69,89,Excellent,0,1,Optimal
3068,35,18,Master,IT,Expert,86,76,61,92,8338,High,High,15,11,Critical,7,78,77,Good,5,1,Reassignment Required
3069,49,4,Bachelor,HR,High,51,90,79,53,4109,Medium,Low,4,10,Medium,8,94,80,Good,5,0,Optimal
3070,45,18,Master,Marketing,High,78,49,56,51,7053,Medium,Medium,10,2,Medium,6,81,80,Good,0,1,Suboptimal
3071,36,0,Bachelor,Finance,High,78,91,64,44,6004,Low,Medium,2,7,High,7,98,87,Good,0,4,Reassignment Required
3072,43,14,PhD,Marketing,Medium,82,51,32,76,6756,Medium,Expert,23,8,Medium,9,97,96,Good,0,0,Optimal
3073,51,15,PhD,Finance,High,59,47,33,43,8445,Low,Expert,7,9,Critical,3,66,79,Average,2,0,Reassignment Required
3074,25,22,Master,IT,High,68,42,36,94,1284,Medium,Expert,29,3,High,6,98,96,Poor,2,4,Suboptimal
3075,34,6,Master,Marketing,High,82,58,32,68,3413,High,Expert,24,9,High,9,79,99,Average,2,2,Reassignment Required
3076,44,25,Diploma,Operations,Medium,88,98,88,64,2643,High,High,19,11,High,8,99,95,Poor,1,1,Optimal
3077,29,11,Diploma,R&D,Low,42,50,30,84,8235,Medium,Expert,6,3,Low,7,91,82,Excellent,0,0,Optimal
3078,39,7,PhD,Operations,Medium,87,47,57,43,7335,Medium,Medium,15,3,Low,7,61,89,Excellent,5,2,Reassignment Required
3079,33,4,PhD,Operations,Expert,44,65,88,89,1643,Medium,Low,20,10,Critical,3,74,85,Good,5,3,Reassignment Required
3080,52,9,Diploma,Operations,High,99,84,82,55,8311,High,Low,12,8,High,9,69,96,Average,2,2,Optimal
3081,35,27,Diploma,R&D,Expert,41,97,39,89,9217,Low,Low,11,9,Critical,2,80,86,Good,1,2,Optimal
3082,55,20,Master,Operations,Medium,62,62,32,41,4937,Low,High,3,2,Low,7,74,87,Average,3,1,Reassignment Required
3083,39,4,Bachelor,Finance,Low,65,94,36,62,5807,Medium,Low,20,11,High,9,93,95,Excellent,4,3,Suboptimal
3084,55,16,Master,Marketing,Low,65,49,38,43,7336,High,High,28,7,Low,7,94,95,Average,3,0,Optimal
3085,32,25,Diploma,IT,High,46,57,98,59,7524,Low,High,17,2,High,6,64,72,Good,3,4,Suboptimal
3086,33,4,PhD,Operations,Low,99,51,42,56,2025,Medium,Low,7,6,Critical,5,78,97,Good,4,0,Suboptimal
3087,36,21,Diploma,Operations,Medium,49,78,69,91,6722,High,High,23,3,Critical,4,66,70,Excellent,5,1,Suboptimal
3088,52,14,PhD,IT,Medium,44,65,91,45,2068,High,Expert,23,10,Critical,3,95,71,Poor,1,0,Optimal
3089,50,12,PhD,IT,Low,86,50,91,57,5098,Low,Expert,18,4,Low,2,77,92,Excellent,4,1,Suboptimal
3090,47,27,PhD,Operations,High,51,49,39,59,9015,High,Expert,17,11,Critical,8,65,95,Good,1,1,Reassignment Required
3091,39,0,PhD,Finance,High,71,42,40,98,1175,Medium,High,16,8,Medium,2,63,95,Excellent,3,0,Reassignment Required
3092,53,10,Bachelor,IT,Medium,81,46,91,78,9095,Medium,Expert,25,3,Medium,4,64,75,Poor,4,4,Reassignment Required
3093,43,22,Diploma,Marketing,Low,70,43,85,84,2143,Low,Low,2,11,Critical,6,73,87,Good,3,4,Optimal
3094,59,0,Master,Marketing,Medium,61,79,78,80,6893,High,Low,5,5,Critical,8,92,86,Poor,4,0,Suboptimal
3095,38,10,PhD,Finance,Medium,56,47,45,73,8341,Low,High,21,11,Low,5,80,95,Average,4,3,Reassignment Required
3096,44,17,PhD,R&D,Expert,59,77,38,79,4510,Low,High,13,4,High,4,72,83,Average,0,2,Suboptimal
3097,45,17,Master,HR,Medium,59,52,62,85,5062,High,Expert,29,2,Low,6,61,94,Excellent,2,4,Optimal
3098,29,20,Master,Finance,High,82,51,64,93,8797,Low,Medium,11,11,Low,7,74,86,Good,2,1,Reassignment Required
3099,27,29,PhD,Operations,Low,47,74,68,63,1950,High,Low,24,7,Critical,8,75,95,Average,3,4,Optimal
3100,26,25,Master,HR,Low,86,77,54,57,5436,Medium,Medium,1,6,Medium,6,94,90,Good,3,3,Suboptimal
3101,50,15,Master,Operations,Expert,73,93,85,69,3744,Low,Expert,27,7,Medium,3,79,94,Good,3,0,Suboptimal
3102,49,12,Bachelor,Marketing,Expert,88,90,77,98,9312,High,High,23,2,Medium,5,60,98,Good,0,3,Optimal
3103,32,6,Master,IT,High,62,82,39,40,5670,High,Expert,3,9,Low,5,62,78,Poor,0,2,Suboptimal
3104,22,0,Diploma,Operations,Expert,77,75,70,62,2920,High,Medium,18,5,Medium,3,76,91,Excellent,3,4,Suboptimal
3105,40,25,Diploma,Marketing,Medium,92,86,88,68,6612,Low,Expert,21,8,Medium,6,76,88,Poor,0,1,Suboptimal
3106,30,15,Diploma,Finance,Medium,67,41,57,80,7419,Medium,High,4,9,Critical,6,79,71,Good,4,1,Suboptimal
3107,48,0,PhD,Operations,High,52,54,70,80,7172,Low,Medium,29,4,Medium,8,79,72,Average,4,3,Optimal
3108,55,16,Diploma,Marketing,Low,68,88,95,71,6930,Medium,Expert,9,5,High,5,63,85,Average,4,0,Optimal
3109,25,5,Bachelor,IT,High,47,73,80,41,4808,Low,High,11,10,Critical,5,70,85,Average,2,2,Suboptimal
3110,57,1,Diploma,Operations,Expert,50,78,91,87,5738,Low,Expert,17,10,High,5,74,70,Excellent,4,0,Suboptimal
3111,39,16,PhD,R&D,Low,86,65,59,75,7495,Low,Expert,11,8,Low,5,86,88,Poor,2,4,Optimal
3112,36,5,Bachelor,Marketing,Low,84,87,69,84,2104,Medium,High,3,4,Medium,6,83,87,Poor,4,3,Reassignment Required
3113,34,13,Diploma,Operations,Low,57,44,69,56,5389,High,High,19,5,Low,5,79,93,Excellent,3,3,Reassignment Required
3114,40,17,Bachelor,IT,Expert,89,87,98,82,4884,Low,Expert,20,8,Low,7,74,79,Poor,2,1,Suboptimal
3115,27,5,Bachelor,Operations,Medium,64,64,91,94,1732,Low,Low,23,7,Medium,6,65,92,Excellent,0,4,Suboptimal
3116,33,9,PhD,Operations,Medium,88,90,44,41,2581,Medium,Expert,21,7,Critical,3,77,86,Excellent,5,1,Reassignment Required
3117,58,23,PhD,R&D,Expert,61,73,32,43,4679,Low,High,11,5,Low,7,81,70,Average,2,0,Reassignment Required
3118,38,17,Bachelor,Marketing,Expert,84,86,53,83,4852,High,Low,26,11,Medium,2,80,74,Excellent,1,3,Optimal
3119,44,26,Diploma,HR,High,74,43,70,73,3427,High,High,14,9,Medium,3,83,73,Average,2,3,Suboptimal
3120,47,8,PhD,Operations,High,68,73,92,40,1323,Medium,Expert,6,10,High,3,76,93,Average,4,2,Optimal
3121,50,7,Bachelor,HR,Medium,60,66,77,62,4699,Medium,Medium,19,11,Low,4,70,93,Average,4,0,Suboptimal
3122,54,27,Master,Finance,Expert,95,94,90,45,6181,High,High,21,8,Low,9,77,88,Poor,4,4,Suboptimal
3123,48,9,Master,Operations,High,46,81,77,55,8313,High,High,29,9,Medium,3,94,90,Excellent,0,2,Optimal
3124,46,16,PhD,HR,Expert,51,93,76,41,9553,High,Medium,15,11,High,8,90,76,Good,3,3,Suboptimal
3125,31,22,Diploma,Finance,Expert,75,95,85,85,3100,Medium,High,28,3,Critical,4,87,77,Average,2,4,Reassignment Required
3126,44,29,Master,R&D,Medium,63,68,37,91,3754,High,High,11,5,High,9,83,88,Average,0,1,Reassignment Required
3127,42,28,Master,Marketing,Medium,71,44,47,51,2472,High,High,18,4,Low,4,95,77,Poor,1,0,Optimal
3128,42,25,Master,Operations,Expert,66,57,52,66,2106,High,Medium,4,7,High,4,83,95,Poor,2,1,Reassignment Required
3129,34,5,Diploma,Marketing,Low,71,43,98,58,2803,Low,Expert,28,3,Low,7,92,78,Average,5,3,Suboptimal
3130,58,13,Diploma,Finance,Low,98,40,94,67,9272,Medium,High,19,8,Critical,9,89,88,Good,4,2,Optimal
3131,54,21,PhD,Marketing,Expert,71,89,75,74,7657,Medium,Low,3,9,Low,9,96,97,Poor,0,1,Reassignment Required
3132,45,21,PhD,Marketing,Medium,71,59,95,90,7906,Medium,Expert,12,5,Critical,3,72,87,Poor,0,3,Optimal
3133,32,5,Master,IT,Low,65,45,98,82,6355,Medium,Expert,4,9,Critical,2,75,83,Excellent,2,1,Optimal
3134,38,25,Diploma,Finance,Medium,50,59,51,43,3988,Low,Low,24,9,Critical,8,68,87,Poor,5,0,Suboptimal
3135,25,6,Bachelor,Marketing,Low,85,59,94,88,8204,Low,Low,12,4,High,7,72,74,Poor,0,1,Suboptimal
3136,46,11,Master,HR,Expert,57,85,41,88,6776,Low,Low,24,2,Critical,4,66,97,Excellent,0,0,Optimal
3137,51,2,PhD,Finance,High,78,66,48,46,9516,Low,Medium,1,4,Medium,9,94,95,Average,0,0,Reassignment Required
3138,30,13,Diploma,IT,High,44,65,51,76,3361,Low,High,28,11,Low,9,85,97,Excellent,2,4,Reassignment Required
3139,42,21,PhD,Operations,Medium,55,71,84,90,2234,Medium,Expert,16,2,Low,8,68,70,Excellent,4,2,Optimal
3140,41,18,PhD,R&D,Medium,50,49,91,64,1102,Medium,Low,21,3,Low,5,94,75,Average,5,1,Optimal
3141,40,22,Diploma,Marketing,Low,93,57,80,92,5912,Medium,High,2,9,Low,5,83,76,Average,0,3,Reassignment Required
3142,40,15,Master,HR,Expert,74,80,77,97,1746,Low,High,26,5,Critical,6,92,97,Excellent,0,4,Suboptimal
3143,33,6,Diploma,IT,Low,87,51,46,90,5908,High,Medium,22,10,High,5,80,98,Good,3,2,Optimal
3144,58,7,Master,Finance,Expert,50,49,42,80,4691,Medium,Expert,3,8,High,5,81,74,Poor,5,4,Suboptimal
3145,38,17,PhD,R&D,Expert,81,63,57,56,4064,Medium,High,28,4,High,4,98,96,Poor,5,1,Suboptimal
3146,58,24,Diploma,R&D,Medium,62,63,96,80,6412,High,Low,16,2,High,7,78,77,Poor,1,1,Suboptimal
3147,49,12,Bachelor,Marketing,High,94,92,34,53,2719,Low,Low,26,2,Low,9,91,75,Average,3,1,Optimal
3148,56,20,Master,IT,High,73,90,89,76,3202,High,Medium,10,2,Medium,9,64,70,Poor,4,2,Reassignment Required
3149,39,8,Bachelor,IT,Medium,87,77,44,93,6151,High,Low,29,11,Medium,3,71,94,Average,3,4,Suboptimal
3150,35,9,Master,HR,High,56,85,73,41,7026,Medium,Low,29,4,High,7,99,81,Average,2,3,Suboptimal
3151,56,20,Diploma,Operations,Medium,49,64,75,63,8737,Medium,Medium,9,6,Low,7,65,74,Good,3,4,Reassignment Required
3152,28,22,Bachelor,Operations,Low,57,47,58,54,6452,Low,Medium,14,9,Critical,8,77,98,Poor,2,2,Reassignment Required
3153,34,26,Diploma,Operations,Expert,83,94,97,87,8184,High,Low,25,9,High,5,66,74,Average,3,0,Suboptimal
3154,39,8,Master,R&D,High,47,53,78,90,2789,Low,Expert,8,3,Critical,9,78,84,Poor,3,0,Suboptimal
3155,58,14,Master,R&D,High,98,82,72,72,1259,High,Expert,2,10,Critical,3,74,86,Average,1,0,Optimal
3156,34,19,Master,Finance,Low,65,70,97,94,2918,Medium,Medium,11,10,Critical,2,68,74,Excellent,5,3,Optimal
3157,57,1,Master,R&D,Low,42,63,49,51,7504,High,Expert,2,8,Medium,8,79,88,Average,2,2,Reassignment Required
3158,52,24,PhD,R&D,High,98,55,47,58,6518,Low,Expert,27,11,High,7,79,79,Average,4,2,Suboptimal
3159,23,12,Master,IT,High,91,59,93,91,7603,High,Expert,15,6,Low,7,63,98,Average,5,0,Reassignment Required
3160,37,1,Bachelor,Finance,Medium,63,77,78,86,9175,Low,Medium,18,6,Low,5,69,72,Excellent,0,2,Reassignment Required
3161,30,18,Master,IT,Medium,42,86,71,44,8252,High,Expert,5,9,Low,2,99,80,Good,4,2,Optimal
3162,30,25,Diploma,HR,High,77,54,41,40,8230,Medium,Low,28,9,High,8,60,95,Poor,3,1,Reassignment Required
3163,59,1,PhD,HR,Medium,41,53,65,82,1099,Medium,Low,26,6,Medium,2,94,77,Excellent,4,3,Optimal
3164,32,2,Bachelor,Finance,Low,74,92,37,98,4905,Low,Medium,25,7,Critical,6,83,94,Poor,3,2,Optimal
3165,43,5,PhD,Finance,Expert,56,51,57,48,3342,Medium,Expert,7,7,Low,9,66,82,Excellent,3,0,Reassignment Required
3166,54,2,PhD,R&D,Medium,48,73,89,78,9091,High,High,23,7,Medium,3,81,75,Average,0,4,Optimal
3167,57,9,PhD,HR,Expert,75,47,78,73,4233,High,High,19,6,Critical,3,82,72,Excellent,1,4,Suboptimal
3168,44,23,Diploma,Marketing,Medium,61,58,67,68,6024,Medium,Low,19,10,Critical,6,60,93,Poor,1,3,Suboptimal
3169,55,26,PhD,Operations,High,70,85,87,88,1327,Low,Low,26,2,Medium,8,83,88,Poor,0,2,Optimal
3170,30,5,PhD,R&D,Medium,94,44,34,87,3289,High,High,16,11,High,4,79,76,Poor,4,1,Suboptimal
3171,45,22,Master,Operations,Expert,73,95,75,87,2365,Low,Medium,19,4,High,9,91,71,Good,2,2,Reassignment Required
3172,29,15,Diploma,HR,Expert,63,66,31,85,2408,High,Expert,17,8,Medium,8,90,91,Excellent,0,0,Optimal
3173,28,16,Bachelor,Operations,High,99,80,54,98,1219,Low,High,13,10,Critical,9,92,93,Average,5,2,Suboptimal
3174,57,18,Bachelor,Marketing,Expert,48,52,30,41,7407,Low,Expert,28,3,Low,6,95,88,Excellent,3,4,Optimal
3175,39,2,Bachelor,Marketing,High,85,71,98,58,4239,High,High,8,5,Low,8,77,82,Good,5,4,Reassignment Required
3176,24,17,Diploma,IT,High,97,70,69,67,2269,High,Low,28,9,High,7,96,94,Poor,1,3,Optimal
3177,49,6,Bachelor,Finance,Expert,82,80,97,74,8542,Low,Expert,11,6,Low,6,92,80,Poor,1,0,Suboptimal
3178,27,8,Diploma,Operations,Low,41,85,98,79,4817,High,Medium,18,9,Critical,9,92,78,Good,4,3,Reassignment Required
3179,42,19,Master,Marketing,Expert,60,76,98,92,8189,Medium,Expert,11,3,Medium,6,64,88,Excellent,2,2,Reassignment Required
3180,49,11,Master,Finance,Expert,73,41,45,96,7857,High,Expert,23,9,Critical,2,77,88,Average,5,1,Reassignment Required
3181,22,4,Diploma,Finance,Medium,66,46,83,90,1067,Low,High,9,7,Low,9,68,90,Poor,0,3,Reassignment Required
3182,57,2,Bachelor,IT,Expert,76,87,92,87,9934,High,Medium,14,6,Critical,8,90,94,Good,3,4,Reassignment Required
3183,42,10,Diploma,Finance,Medium,46,50,47,61,8225,High,Low,2,3,High,8,66,83,Good,5,0,Reassignment Required
3184,56,24,Diploma,Finance,Medium,61,50,46,43,6383,Low,Expert,29,8,Medium,3,74,81,Average,3,2,Reassignment Required
3185,34,29,PhD,R&D,Expert,43,62,33,47,3012,High,Expert,17,2,Medium,4,63,98,Good,2,0,Suboptimal
3186,31,3,Diploma,HR,High,53,70,38,99,4069,Low,High,21,7,Low,5,98,70,Good,4,0,Optimal
3187,31,4,PhD,IT,Low,73,83,60,40,8666,Low,Low,16,4,Low,5,67,70,Good,5,0,Optimal
3188,34,0,Master,IT,Expert,62,84,34,75,1290,Low,High,26,7,Critical,5,83,86,Poor,2,4,Optimal
3189,58,26,PhD,Operations,Expert,83,47,45,46,7312,Low,Medium,5,2,Critical,4,67,73,Poor,4,1,Reassignment Required
3190,59,27,Diploma,Finance,High,81,95,71,64,8727,Medium,Low,1,2,Medium,5,64,82,Excellent,4,3,Optimal
3191,45,28,Master,Operations,Medium,64,71,70,68,4679,Medium,Medium,9,3,High,4,82,92,Average,5,4,Optimal
3192,23,17,PhD,R&D,High,40,87,59,40,4910,Low,High,3,11,High,5,93,97,Good,0,1,Optimal
3193,43,11,Diploma,Marketing,High,90,60,55,95,5651,High,Low,14,8,Low,5,74,80,Good,0,2,Reassignment Required
3194,38,12,Master,Finance,Medium,94,70,78,57,1352,Medium,Medium,18,5,High,4,78,87,Poor,3,3,Reassignment Required
3195,57,8,PhD,Marketing,Expert,87,40,60,43,2263,Low,Medium,12,5,Medium,3,84,81,Poor,1,1,Optimal
3196,35,1,Diploma,HR,High,54,52,79,59,2826,Medium,High,23,5,High,7,98,88,Poor,5,2,Suboptimal
3197,31,4,Diploma,R&D,High,71,50,44,85,5378,Low,Low,14,6,Medium,7,63,89,Average,4,3,Suboptimal
3198,56,12,Bachelor,Finance,Expert,53,68,81,47,2605,Medium,Medium,28,3,Low,4,67,70,Poor,3,2,Optimal
3199,46,15,Bachelor,Operations,Expert,80,43,67,66,4398,Low,Expert,16,8,Critical,9,88,87,Good,5,4,Optimal
3200,24,15,PhD,Operations,Low,60,75,67,89,5551,Medium,Low,5,4,High,4,72,71,Good,1,2,Suboptimal
3201,59,23,PhD,Finance,High,94,54,89,78,4006,Medium,Low,20,4,Medium,6,97,99,Good,3,0,Optimal
3202,38,2,PhD,Operations,Low,86,98,49,74,2004,High,Expert,20,3,Low,2,95,80,Excellent,4,4,Optimal
3203,33,21,Diploma,Finance,Medium,97,42,73,64,6967,Medium,Low,15,7,Medium,8,96,84,Average,1,2,Reassignment Required
3204,45,3,PhD,IT,Expert,46,95,92,92,7428,High,Low,9,5,High,2,90,84,Good,2,4,Reassignment Required
3205,50,10,Diploma,Operations,Expert,75,90,79,53,3078,Medium,Expert,25,5,Medium,3,78,75,Good,0,3,Suboptimal
3206,46,22,PhD,Finance,Low,60,68,51,83,3495,Low,High,17,9,Low,3,96,73,Good,0,0,Optimal
3207,57,25,Diploma,Finance,High,89,60,83,86,3261,High,Medium,12,3,Low,3,84,81,Poor,1,0,Reassignment Required
3208,47,13,Diploma,Operations,Medium,79,41,38,79,2737,Medium,Expert,13,8,Critical,2,96,92,Good,5,2,Optimal
3209,59,28,Bachelor,IT,High,51,45,44,70,4096,High,Low,10,3,Critical,3,60,97,Poor,1,3,Reassignment Required
3210,22,2,Master,Operations,High,54,70,77,44,8927,Low,Medium,7,7,High,7,80,80,Poor,4,4,Suboptimal
3211,41,15,Diploma,Finance,Low,54,93,49,56,3444,Low,Medium,27,6,Low,3,98,97,Average,1,2,Optimal
3212,49,21,PhD,IT,High,56,63,64,96,1336,Low,Medium,24,9,High,8,85,77,Average,5,1,Suboptimal
3213,37,14,Bachelor,Marketing,Low,73,79,96,49,3983,Low,High,21,7,Low,9,62,71,Good,0,2,Reassignment Required
3214,38,27,PhD,HR,Expert,83,56,89,82,7998,Low,Low,7,8,High,9,64,85,Average,4,1,Reassignment Required
3215,49,9,PhD,Operations,Expert,74,44,63,99,5998,High,Low,8,7,Low,4,88,71,Poor,5,0,Reassignment Required
3216,33,8,Diploma,R&D,Expert,78,41,83,94,9863,High,Medium,24,9,High,7,92,90,Poor,3,2,Reassignment Required
3217,48,10,Diploma,Finance,Medium,77,97,41,55,9187,Medium,Medium,15,3,Medium,7,61,73,Good,0,2,Optimal
3218,51,15,Master,IT,Medium,53,51,48,87,3595,Medium,High,25,8,Critical,4,77,97,Good,2,0,Reassignment Required
3219,55,9,Diploma,IT,High,94,44,55,43,3970,Low,High,21,6,Medium,8,73,99,Good,4,4,Optimal
3220,58,16,Diploma,Marketing,Low,98,81,52,94,4269,Low,Medium,18,10,Critical,2,99,95,Poor,2,2,Suboptimal
3221,27,18,Master,Operations,High,44,99,62,44,1478,High,Low,22,10,High,4,89,71,Poor,1,3,Reassignment Required
3222,28,1,PhD,R&D,Expert,69,80,86,81,1843,Low,Expert,1,9,Low,3,88,94,Good,3,0,Optimal
3223,53,23,Master,IT,High,43,59,59,85,2625,Low,High,10,9,Low,4,88,78,Good,1,4,Optimal
3224,53,22,Master,Marketing,High,54,47,52,80,2880,Low,Low,22,5,High,7,78,98,Poor,0,0,Optimal
3225,46,1,Master,Finance,High,78,40,65,89,9696,Medium,High,19,9,Low,6,85,95,Average,3,0,Reassignment Required
3226,54,5,Bachelor,Marketing,Expert,74,95,72,59,9301,High,Low,29,3,High,4,99,82,Poor,5,4,Optimal
3227,28,18,PhD,Operations,Low,84,45,95,45,5492,Medium,Medium,3,6,Medium,2,68,97,Average,0,4,Suboptimal
3228,33,7,Bachelor,Marketing,High,49,95,82,50,4480,Low,High,7,5,High,3,72,89,Good,3,4,Suboptimal
3229,37,25,Bachelor,IT,Expert,94,93,89,92,9542,Low,Expert,4,6,Low,7,97,71,Poor,2,3,Suboptimal
3230,37,28,Diploma,IT,Medium,41,50,66,56,4042,Medium,Medium,5,6,Low,7,90,88,Good,0,1,Suboptimal
3231,57,2,Master,HR,Low,83,42,90,80,3836,Medium,High,6,6,High,3,73,77,Good,5,0,Suboptimal
3232,34,25,Master,Marketing,Expert,99,70,82,96,9078,High,Medium,28,8,High,2,90,98,Good,0,2,Optimal
3233,28,13,Bachelor,Finance,High,63,67,41,42,8874,Low,Expert,10,2,High,4,74,80,Excellent,1,1,Reassignment Required
3234,57,24,Diploma,R&D,Expert,67,86,64,55,7564,Low,High,12,3,High,8,93,77,Excellent,5,2,Suboptimal
3235,30,15,Diploma,R&D,Low,61,82,96,91,4628,Medium,High,14,8,Critical,3,69,85,Poor,4,2,Reassignment Required
3236,53,0,Diploma,Operations,High,83,95,67,75,6017,High,High,22,2,Critical,3,80,97,Excellent,5,2,Reassignment Required
3237,32,20,PhD,HR,Medium,71,44,53,65,9302,High,Low,2,10,Medium,6,98,99,Poor,0,3,Optimal
3238,29,2,Bachelor,Marketing,Medium,70,99,69,63,8606,Low,Low,3,4,Critical,2,84,92,Average,5,3,Reassignment Required
3239,54,21,PhD,Finance,Medium,58,65,94,93,2201,Low,High,1,7,Low,7,96,98,Poor,3,1,Suboptimal
3240,44,25,Diploma,HR,Expert,90,55,86,86,7003,Medium,Medium,3,5,Critical,7,99,89,Excellent,1,4,Reassignment Required
3241,46,17,Diploma,IT,Low,60,92,74,73,1010,Low,Medium,24,4,Critical,8,79,86,Excellent,4,3,Optimal
3242,29,8,Diploma,Operations,Medium,42,70,42,59,2501,Medium,High,15,9,Low,4,66,95,Average,0,0,Reassignment Required
3243,43,5,Master,Marketing,High,45,67,35,56,9320,Low,Expert,16,3,Critical,4,77,94,Average,2,1,Reassignment Required
3244,25,22,Bachelor,R&D,High,71,46,76,90,8905,Low,Expert,20,4,High,3,85,84,Poor,5,0,Reassignment Required
3245,24,20,Master,Finance,High,41,77,73,59,4603,Low,Expert,2,9,Critical,5,76,76,Poor,1,2,Suboptimal
3246,50,24,PhD,IT,Expert,63,48,61,55,5195,High,Low,20,4,Critical,6,66,98,Good,5,0,Suboptimal
3247,50,0,Master,HR,Low,84,78,32,95,1289,Low,Low,16,9,Critical,6,87,70,Good,2,3,Reassignment Required
3248,55,20,Bachelor,Operations,Low,98,74,83,90,6688,Low,Low,15,8,High,6,80,83,Poor,3,0,Reassignment Required
3249,55,26,Master,HR,Medium,99,82,67,92,8393,High,Low,7,3,High,7,96,85,Average,1,2,Optimal
3250,49,9,Diploma,R&D,Low,66,66,33,88,8605,High,Medium,25,2,Medium,3,82,90,Poor,1,2,Reassignment Required
3251,34,26,PhD,HR,High,48,51,46,43,3693,Low,High,5,2,Medium,2,69,72,Good,1,3,Optimal
3252,36,5,PhD,Finance,High,52,92,66,57,9374,High,High,29,3,High,2,76,87,Average,4,1,Optimal
3253,44,22,Diploma,IT,Expert,94,64,65,75,1350,High,High,5,8,Low,6,97,88,Good,5,4,Reassignment Required
3254,47,11,Diploma,Marketing,High,53,82,87,92,4586,High,Medium,28,10,Medium,7,60,75,Poor,4,1,Suboptimal
3255,25,3,Diploma,Finance,Low,90,68,70,74,6915,High,Expert,21,8,Critical,9,70,97,Poor,0,4,Optimal
3256,47,27,Bachelor,R&D,High,50,70,37,69,6584,Medium,Expert,26,4,Critical,9,92,92,Excellent,2,3,Suboptimal
3257,30,12,Master,Operations,Medium,53,97,96,93,3849,Low,Low,9,9,Critical,5,90,95,Poor,5,3,Suboptimal
3258,26,16,PhD,R&D,Expert,55,73,59,99,5435,Medium,Low,23,9,Low,8,83,78,Excellent,5,3,Suboptimal
3259,53,26,Master,R&D,Expert,49,72,81,57,7404,Low,Medium,14,10,Medium,8,79,82,Excellent,0,2,Optimal
3260,41,7,Diploma,HR,Low,59,66,54,60,4927,High,Medium,19,10,High,7,64,95,Excellent,2,1,Optimal
3261,32,25,Diploma,Operations,High,55,95,81,91,7514,Medium,Expert,18,10,High,5,85,81,Excellent,0,4,Reassignment Required
3262,36,19,Master,Finance,High,99,95,88,71,8440,High,High,9,5,Low,9,66,84,Good,1,1,Optimal
3263,53,2,PhD,R&D,Low,97,41,59,44,6816,High,High,3,11,High,4,86,96,Poor,1,4,Reassignment Required
3264,49,11,Bachelor,Finance,Low,73,53,96,80,7592,High,Medium,29,5,Low,5,77,76,Poor,2,0,Optimal
3265,43,6,Master,Marketing,Medium,96,52,33,93,6825,Low,Medium,11,3,High,6,97,81,Poor,1,1,Suboptimal
3266,38,11,Diploma,HR,Low,55,63,86,62,4488,High,Medium,24,9,High,4,90,86,Excellent,0,0,Optimal
3267,47,1,Diploma,Finance,High,53,44,92,69,2895,Low,Low,15,3,Low,6,68,82,Good,4,3,Suboptimal
3268,28,23,Bachelor,Operations,Medium,92,73,61,66,3908,Low,High,28,4,High,9,61,92,Good,3,2,Optimal
3269,47,13,Master,R&D,Expert,67,94,80,95,2411,High,Medium,4,10,Medium,7,96,98,Excellent,5,2,Suboptimal
3270,46,21,Bachelor,Marketing,High,57,62,92,54,6457,Low,Medium,21,3,High,9,88,86,Excellent,5,1,Reassignment Required
3271,31,22,Bachelor,Operations,Expert,65,58,30,80,4999,Medium,Low,24,2,Critical,7,93,98,Poor,0,0,Suboptimal
3272,40,29,PhD,HR,Expert,77,69,48,53,6448,Low,Medium,5,6,Low,2,74,77,Good,2,0,Suboptimal
3273,32,4,PhD,Marketing,Expert,46,88,64,60,9847,High,High,26,8,High,6,68,87,Average,1,4,Optimal
3274,34,8,Diploma,Marketing,High,84,82,92,95,7292,High,Low,18,5,Medium,9,75,71,Average,3,1,Reassignment Required
3275,29,20,Master,Marketing,Expert,73,55,55,73,9541,Medium,Medium,22,5,High,4,61,86,Average,3,1,Optimal
3276,25,10,PhD,R&D,High,86,91,42,65,8008,Medium,High,23,4,High,6,60,94,Average,1,0,Suboptimal
3277,52,4,Diploma,IT,Expert,88,89,52,64,2143,Low,High,12,7,Critical,3,68,81,Excellent,0,0,Suboptimal
3278,49,2,Master,Marketing,Low,84,91,64,89,1397,Low,Low,1,9,Medium,7,79,82,Poor,1,2,Suboptimal
3279,32,26,Diploma,Operations,Low,46,79,41,84,1645,Medium,High,26,3,High,4,61,84,Average,4,1,Suboptimal
3280,22,16,PhD,Operations,High,72,73,38,70,8606,High,Low,25,7,High,5,60,99,Poor,2,2,Optimal
3281,59,1,Diploma,HR,Expert,74,88,96,99,5132,High,High,22,9,Critical,2,69,80,Poor,5,3,Optimal
3282,45,23,Master,Finance,Expert,91,50,73,92,3234,Medium,Medium,20,2,Low,5,82,93,Good,1,3,Optimal
3283,52,0,Master,Finance,Expert,89,53,90,87,2962,Medium,Low,2,5,Low,6,78,78,Average,0,0,Reassignment Required
3284,47,6,Diploma,IT,Low,78,87,50,45,1809,High,High,9,2,Low,5,77,77,Poor,4,4,Suboptimal
3285,26,29,Master,R&D,Expert,60,86,36,87,7473,High,Low,22,5,Critical,4,83,89,Good,5,0,Reassignment Required
3286,41,13,Diploma,R&D,Expert,88,54,40,43,8483,Low,High,25,10,Low,3,81,94,Excellent,4,1,Suboptimal
3287,32,4,Master,Marketing,High,67,74,74,63,5415,Medium,Low,18,7,Medium,9,79,84,Poor,0,0,Optimal
3288,54,18,Diploma,IT,Expert,71,97,61,81,7618,Medium,Medium,5,7,Low,5,70,93,Poor,2,2,Suboptimal
3289,59,27,Diploma,HR,Low,83,46,65,70,9705,Medium,Low,22,6,Low,6,68,86,Good,3,0,Suboptimal
3290,48,27,Diploma,HR,Expert,55,68,66,58,9525,High,Low,14,4,High,5,74,95,Poor,4,2,Reassignment Required
3291,55,10,Bachelor,Finance,Low,95,83,70,50,5819,Low,Medium,11,3,Medium,5,75,83,Excellent,5,3,Optimal
3292,36,22,Master,HR,Low,49,93,78,68,1007,High,High,21,10,Critical,8,72,74,Excellent,0,2,Suboptimal
3293,53,24,PhD,Marketing,Medium,62,61,44,44,6815,Medium,Expert,22,10,Medium,9,65,99,Good,5,1,Optimal
3294,42,1,Diploma,Operations,Low,87,62,42,57,9132,Medium,Medium,3,8,Low,4,84,85,Average,5,0,Reassignment Required
3295,26,7,Bachelor,HR,Medium,91,63,82,42,6414,Medium,Low,9,3,High,8,74,94,Poor,4,1,Suboptimal
3296,27,8,PhD,IT,Medium,89,74,62,79,3946,Medium,Medium,2,5,Critical,8,77,98,Poor,5,2,Suboptimal
3297,59,26,Diploma,Marketing,Expert,54,90,61,50,6736,Medium,Medium,14,9,Medium,6,92,97,Average,3,2,Suboptimal
3298,43,2,PhD,HR,Medium,94,49,77,60,2844,High,Low,28,11,Medium,8,73,77,Excellent,5,2,Suboptimal
3299,39,1,Bachelor,R&D,High,82,47,97,69,4611,Low,Low,2,7,Low,6,93,86,Poor,0,2,Optimal
3300,35,6,PhD,HR,Low,89,87,86,58,8559,Medium,Expert,21,6,Low,3,61,91,Good,4,2,Reassignment Required
3301,31,4,Diploma,R&D,High,45,87,91,92,9184,Medium,Medium,27,11,Critical,8,79,80,Good,0,0,Reassignment Required
3302,34,20,PhD,Marketing,Medium,72,51,31,64,6686,Medium,Low,10,3,Low,9,75,91,Good,5,4,Suboptimal
3303,52,25,PhD,HR,Expert,94,68,45,74,4065,High,High,19,2,High,4,62,87,Poor,0,1,Reassignment Required
3304,51,4,Diploma,R&D,Low,78,68,37,51,1679,High,High,29,2,Critical,7,89,96,Average,3,3,Reassignment Required
3305,24,19,Bachelor,Operations,High,51,62,48,86,8190,Medium,High,29,2,Low,4,82,71,Poor,0,3,Optimal
3306,51,12,Bachelor,Finance,Expert,91,65,61,65,6347,Medium,High,2,7,Critical,2,98,70,Average,5,1,Optimal
3307,27,20,PhD,Marketing,Medium,75,76,96,94,5047,Medium,Medium,16,5,Medium,3,82,91,Average,2,0,Optimal
3308,50,28,Master,R&D,Expert,70,71,61,95,1009,Medium,Medium,6,10,Critical,3,62,78,Poor,4,1,Optimal
3309,29,19,PhD,IT,High,49,91,54,87,7463,Medium,Expert,12,10,Medium,6,72,77,Excellent,1,2,Suboptimal
3310,54,28,Master,HR,Expert,92,77,82,44,6321,High,Medium,22,4,Critical,6,99,90,Average,2,4,Optimal
3311,38,5,PhD,R&D,High,73,96,54,58,5216,Medium,Low,7,7,Low,9,88,93,Poor,2,1,Suboptimal
3312,32,19,Bachelor,R&D,Expert,80,45,62,66,9865,Medium,Expert,4,7,Medium,3,82,71,Excellent,0,0,Reassignment Required
3313,34,17,PhD,R&D,Low,49,47,60,77,8734,Medium,Medium,8,11,Critical,4,99,81,Excellent,2,2,Reassignment Required
3314,32,24,PhD,Finance,Expert,91,56,65,68,8506,High,Medium,19,11,High,2,76,96,Poor,2,1,Optimal
3315,52,1,Master,IT,Low,50,51,78,51,2456,Medium,Low,10,2,Low,9,80,75,Poor,2,1,Suboptimal
3316,49,24,Bachelor,IT,High,96,61,73,58,1043,High,Low,1,10,Critical,6,88,97,Excellent,0,2,Suboptimal
3317,27,25,Master,Operations,Low,53,53,77,48,8326,Low,Low,5,5,Critical,2,96,71,Poor,5,0,Suboptimal
3318,37,5,PhD,Finance,Expert,42,73,59,57,8776,High,High,6,7,Medium,9,64,93,Excellent,2,4,Reassignment Required
3319,25,8,Diploma,R&D,Low,96,58,42,68,5570,Medium,Medium,27,11,Medium,3,80,81,Excellent,1,4,Optimal
3320,56,24,PhD,Marketing,High,72,45,72,42,3571,High,Medium,29,9,Low,4,61,87,Excellent,2,2,Reassignment Required
3321,47,2,PhD,Finance,Expert,46,57,45,62,9200,Medium,Medium,19,2,Medium,2,82,74,Good,0,3,Suboptimal
3322,33,0,Master,Finance,Low,43,75,55,69,6632,High,Expert,18,9,Critical,7,70,82,Poor,5,0,Reassignment Required
3323,32,0,Diploma,IT,Low,78,93,76,85,2862,High,Expert,19,7,Critical,5,74,97,Good,0,3,Optimal
3324,58,18,Diploma,Operations,Medium,87,76,66,97,2233,Low,Expert,19,2,Medium,9,82,92,Poor,3,3,Optimal
3325,46,4,Master,Operations,Low,49,77,32,63,4125,High,Expert,23,10,Low,9,66,92,Average,3,3,Optimal
3326,39,12,Bachelor,Finance,Medium,54,54,55,92,5711,Low,Expert,1,10,High,3,93,73,Good,5,0,Suboptimal
3327,40,18,Diploma,Finance,High,55,77,44,76,3457,Low,Low,27,11,Critical,4,97,77,Poor,5,3,Reassignment Required
3328,44,11,Diploma,HR,Medium,77,79,95,76,9201,High,Expert,20,9,Critical,3,65,99,Poor,1,2,Suboptimal
3329,59,15,Master,R&D,High,43,48,57,43,7699,High,Medium,11,8,Medium,3,75,92,Excellent,5,1,Optimal
3330,39,24,Bachelor,IT,Low,43,92,67,96,9459,High,High,3,2,High,9,61,79,Average,4,2,Suboptimal
3331,47,24,Bachelor,R&D,Low,95,93,73,93,8157,Low,Medium,10,2,Critical,2,91,90,Average,3,1,Optimal
3332,27,18,PhD,Marketing,Medium,94,45,82,67,3714,Medium,Medium,27,9,High,2,97,83,Poor,2,4,Reassignment Required
3333,25,2,PhD,Marketing,High,75,93,33,55,5546,Medium,Low,7,11,High,5,87,89,Average,0,3,Optimal
3334,50,11,Master,Operations,Low,66,41,73,52,8364,Low,High,17,9,Critical,6,68,99,Average,3,4,Reassignment Required
3335,55,29,Bachelor,IT,Medium,61,55,75,47,8219,Low,Medium,24,2,High,5,84,71,Good,5,4,Reassignment Required
3336,38,4,Master,R&D,Medium,61,91,55,95,8636,High,Low,26,9,High,7,85,71,Average,0,0,Optimal
3337,37,1,PhD,Operations,Medium,56,40,42,92,8541,High,High,16,9,Medium,9,85,73,Average,2,3,Reassignment Required
3338,23,21,Master,Marketing,Low,84,69,98,87,9485,Medium,High,7,11,Medium,4,64,93,Excellent,0,4,Reassignment Required
3339,55,6,Master,Finance,High,73,99,73,99,3835,Medium,Low,13,11,High,8,76,80,Excellent,0,1,Optimal
3340,29,12,Diploma,IT,Low,71,87,82,64,9013,Medium,Expert,12,4,Low,4,85,91,Good,3,1,Optimal
3341,34,24,Diploma,IT,Expert,91,72,80,41,8955,High,Low,12,2,High,3,85,78,Poor,0,0,Optimal
3342,29,14,Diploma,R&D,Expert,45,40,42,69,5205,High,Low,8,4,Critical,2,68,87,Excellent,2,4,Suboptimal
3343,51,21,PhD,HR,Low,93,78,70,79,3154,Low,Expert,8,9,Low,3,82,98,Good,1,4,Optimal
3344,53,2,Master,R&D,High,72,55,40,42,6108,High,Low,13,9,Medium,6,83,92,Average,0,4,Optimal
3345,57,27,Diploma,Finance,Medium,47,56,66,62,4923,Medium,Low,11,8,Low,3,68,99,Good,5,0,Reassignment Required
3346,51,20,Diploma,Finance,Expert,89,87,89,68,7084,Low,Low,25,3,Medium,7,69,86,Excellent,0,3,Reassignment Required
3347,22,19,Diploma,Operations,Expert,92,87,61,80,8262,High,Medium,1,6,Low,4,65,71,Average,2,4,Reassignment Required
3348,38,4,PhD,IT,Low,75,77,74,69,4868,Medium,Low,25,11,High,7,63,99,Good,4,4,Suboptimal
3349,41,23,PhD,Operations,Expert,44,57,47,50,4790,High,Low,17,9,Medium,4,60,96,Excellent,2,2,Suboptimal
3350,45,7,Master,Finance,Expert,44,61,49,60,3007,Low,High,19,4,Critical,7,65,94,Good,3,1,Optimal
3351,43,21,Master,HR,Medium,86,61,73,66,2273,High,High,13,7,Low,5,97,98,Poor,3,3,Reassignment Required
3352,50,0,Master,IT,Medium,49,99,65,63,7873,Medium,High,23,3,High,8,88,93,Average,1,3,Reassignment Required
3353,43,7,Diploma,Finance,High,79,98,98,91,7852,Low,Low,15,9,Low,9,62,94,Good,0,3,Reassignment Required
3354,30,23,Bachelor,HR,Expert,97,74,66,70,8811,Medium,Expert,29,10,Low,7,83,99,Good,1,4,Suboptimal
3355,58,17,PhD,R&D,High,46,70,62,69,3264,Low,Low,24,2,Critical,3,68,76,Average,5,2,Optimal
3356,31,19,Diploma,Marketing,High,51,79,48,40,2610,High,Medium,12,5,Low,9,76,81,Excellent,5,3,Suboptimal
3357,57,27,Diploma,Finance,Medium,69,66,80,40,2786,High,Medium,21,7,Critical,2,97,85,Good,1,0,Reassignment Required
3358,58,15,Master,Marketing,Medium,64,75,61,93,5399,Medium,Medium,17,3,Medium,6,73,79,Excellent,0,0,Suboptimal
3359,49,17,Master,Operations,Low,67,94,51,47,4482,High,Medium,3,7,Critical,6,95,97,Poor,0,1,Optimal
3360,49,19,Diploma,Marketing,Medium,82,43,30,87,7546,Low,Low,7,8,Critical,7,92,80,Average,2,2,Optimal
3361,42,11,PhD,Finance,High,52,88,83,81,9571,High,High,2,7,Medium,2,79,78,Excellent,1,3,Reassignment Required
3362,45,12,PhD,Marketing,Expert,86,93,49,73,7595,High,Low,2,11,Critical,6,93,73,Excellent,1,2,Suboptimal
3363,23,12,Diploma,IT,High,88,44,87,55,1693,High,Low,25,11,High,7,62,85,Excellent,3,0,Reassignment Required
3364,29,9,Bachelor,Finance,High,61,64,64,66,8025,High,Low,6,9,Low,7,79,88,Poor,5,3,Reassignment Required
3365,48,6,Bachelor,HR,High,93,70,99,43,2755,High,Low,4,6,Critical,2,62,89,Average,1,4,Optimal
3366,43,24,PhD,Marketing,Medium,57,53,99,58,8033,High,Expert,16,4,Low,2,65,74,Excellent,5,0,Reassignment Required
3367,58,13,Master,IT,High,66,69,90,68,8693,High,High,15,3,Critical,5,88,81,Excellent,2,1,Reassignment Required
3368,48,29,Bachelor,Operations,Low,47,86,92,80,1847,High,High,10,3,Medium,7,98,79,Poor,5,3,Optimal
3369,50,23,Bachelor,Operations,Expert,45,96,90,42,5061,Medium,Medium,14,3,Medium,3,90,83,Average,4,1,Suboptimal
3370,24,15,Master,Marketing,Medium,50,51,86,50,2195,Medium,Low,9,11,Low,9,98,89,Good,1,2,Suboptimal
3371,34,14,Bachelor,Operations,High,68,66,32,47,6478,High,Medium,15,6,Low,4,80,89,Average,2,1,Suboptimal
3372,31,11,Diploma,HR,Low,97,84,74,78,7332,Medium,High,7,11,Low,4,60,81,Good,2,1,Optimal
3373,57,8,Bachelor,Finance,Expert,80,63,44,72,9154,High,High,7,5,Medium,7,92,92,Poor,4,4,Reassignment Required
3374,30,7,Master,IT,High,97,94,46,47,6648,High,Medium,8,3,Low,3,69,73,Good,2,1,Suboptimal
3375,48,17,Diploma,R&D,Expert,44,69,44,64,4320,High,High,19,6,Critical,6,85,89,Poor,3,4,Optimal
3376,55,22,Bachelor,Marketing,Medium,46,57,34,63,3457,Medium,High,18,8,Critical,8,62,94,Good,4,1,Suboptimal
3377,22,17,PhD,Operations,Medium,61,53,75,65,4450,Low,Expert,17,6,Low,2,73,78,Poor,5,4,Suboptimal
3378,53,12,Diploma,Finance,Low,98,95,40,65,9418,High,Low,18,9,Medium,4,67,83,Average,5,0,Suboptimal
3379,46,27,Diploma,R&D,Medium,86,58,93,56,2807,High,Low,19,7,Critical,5,91,74,Average,5,4,Reassignment Required
3380,50,26,PhD,HR,Low,92,61,43,66,1418,Low,High,21,10,Medium,6,95,78,Good,5,0,Optimal
3381,28,17,PhD,Operations,High,93,65,68,68,4155,Medium,High,8,11,Medium,9,86,96,Average,5,0,Suboptimal
3382,24,14,Bachelor,Operations,Expert,43,46,96,82,8364,Low,Expert,13,6,Medium,5,92,71,Good,5,3,Suboptimal
3383,41,3,Bachelor,IT,Medium,71,67,84,78,4818,High,Medium,27,9,Low,4,80,81,Poor,3,0,Optimal
3384,41,16,Master,HR,Expert,58,77,71,48,3631,Low,Expert,11,7,Medium,3,85,97,Excellent,1,3,Optimal
3385,51,4,Master,HR,Expert,84,44,34,53,4674,High,Expert,29,8,Medium,3,73,81,Poor,1,4,Optimal
3386,56,21,Diploma,Marketing,High,72,75,81,44,5630,Medium,Medium,19,9,Low,5,95,82,Excellent,2,2,Optimal
3387,56,15,PhD,R&D,High,40,57,51,89,7868,Medium,High,7,5,High,7,87,90,Average,2,3,Optimal
3388,48,8,PhD,IT,Medium,93,96,73,69,6513,Medium,Low,27,5,Critical,6,87,80,Average,5,2,Reassignment Required
3389,47,9,Master,Marketing,High,85,53,88,95,2829,High,Expert,27,7,Low,4,80,92,Good,4,4,Optimal
3390,35,23,Diploma,IT,Expert,80,87,54,96,9276,Medium,Expert,5,3,Critical,2,88,77,Good,5,3,Suboptimal
3391,38,17,Diploma,HR,Low,95,62,50,94,4812,Low,Low,5,10,Low,3,97,97,Excellent,1,4,Reassignment Required
3392,39,16,Master,IT,Low,83,94,93,67,1886,Medium,Expert,8,9,Low,5,93,90,Poor,0,2,Suboptimal
3393,50,17,Master,IT,Low,89,91,97,84,8594,High,Medium,10,3,Low,8,60,81,Excellent,2,4,Reassignment Required
3394,41,6,Master,IT,Medium,80,53,76,76,3797,Low,Low,5,2,Critical,9,79,78,Excellent,4,2,Optimal
3395,48,3,Bachelor,Finance,High,47,71,64,47,5147,Low,Low,26,11,Low,4,85,81,Poor,2,0,Reassignment Required
3396,39,25,Diploma,Finance,High,71,44,36,54,3131,Low,Medium,15,5,Low,6,86,80,Good,4,2,Suboptimal
3397,25,4,Diploma,R&D,High,69,61,85,93,3759,Low,Medium,23,5,Low,7,82,88,Average,1,2,Reassignment Required
3398,22,27,Diploma,R&D,High,85,67,81,67,9932,High,Low,16,3,Critical,2,66,98,Average,2,0,Reassignment Required
3399,22,22,Master,HR,Expert,67,82,75,75,3876,Medium,Medium,29,6,High,9,81,97,Good,5,3,Optimal
3400,47,15,Master,IT,Low,80,51,38,72,1055,Low,Expert,28,4,Low,2,96,77,Excellent,2,1,Suboptimal
3401,41,2,Master,HR,Expert,91,57,87,45,4362,Medium,High,10,4,Low,7,94,96,Good,0,3,Reassignment Required
3402,44,25,Master,Finance,Medium,71,75,52,95,9998,Medium,Expert,24,11,Low,3,63,94,Excellent,1,1,Suboptimal
3403,31,17,PhD,IT,Low,64,70,32,90,4056,Medium,Medium,8,4,Low,2,88,76,Average,4,0,Reassignment Required
3404,32,28,Master,Marketing,Low,73,52,90,51,5750,Medium,Expert,19,5,Low,4,96,90,Excellent,0,3,Suboptimal
3405,26,22,Bachelor,Finance,Expert,72,59,38,46,6003,High,High,4,6,High,3,95,94,Average,4,4,Suboptimal
3406,22,20,PhD,Finance,Medium,52,99,82,84,8905,Low,High,14,5,Medium,3,62,96,Average,2,4,Suboptimal
3407,38,13,PhD,Finance,Medium,64,84,97,67,5103,Low,High,29,10,Medium,3,61,83,Excellent,3,3,Optimal
3408,43,14,Master,IT,Low,81,75,78,46,7267,Medium,Medium,8,5,Low,7,64,98,Average,2,4,Optimal
3409,55,16,Diploma,R&D,High,79,94,99,80,2781,Low,Medium,21,8,Critical,8,77,93,Good,1,0,Suboptimal
3410,50,0,Master,Operations,Medium,78,94,77,40,1989,Medium,Medium,14,11,High,4,93,97,Excellent,5,4,Suboptimal
3411,25,24,Diploma,Marketing,Expert,95,46,36,92,8552,High,High,12,6,High,5,74,93,Poor,4,4,Optimal
3412,26,20,Master,Marketing,Medium,83,62,60,63,6199,Low,Medium,1,11,High,9,99,91,Average,0,1,Reassignment Required
3413,32,16,Master,HR,Low,88,73,85,84,4369,Medium,Low,23,10,Medium,9,60,71,Excellent,2,1,Suboptimal
3414,42,22,Diploma,IT,High,96,92,90,58,1377,Low,Expert,19,10,Critical,2,81,89,Excellent,4,2,Suboptimal
3415,56,24,Diploma,R&D,Medium,83,97,34,92,3377,Medium,Expert,18,9,Medium,2,84,81,Excellent,0,0,Optimal
3416,33,10,Diploma,Finance,Low,87,89,59,71,7045,Low,Low,12,7,High,5,76,70,Poor,2,4,Reassignment Required
3417,47,16,Diploma,Operations,Medium,49,71,51,69,1281,High,Medium,10,7,Medium,3,92,97,Poor,3,0,Suboptimal
3418,40,25,Bachelor,IT,High,98,60,46,40,3919,Low,Expert,21,3,Medium,9,76,95,Average,3,0,Suboptimal
3419,28,13,Diploma,IT,Expert,96,99,39,71,7984,High,High,1,8,Low,6,97,90,Good,5,1,Suboptimal
3420,28,28,Master,R&D,Low,70,45,97,96,4594,High,Expert,14,10,Low,4,64,98,Poor,2,4,Suboptimal
3421,47,19,Master,Operations,Low,83,55,71,59,2838,Medium,Expert,9,10,Low,3,96,99,Poor,1,2,Optimal
3422,26,29,Bachelor,Finance,High,50,74,56,60,7570,Medium,Expert,26,3,High,3,70,79,Excellent,3,3,Reassignment Required
3423,42,18,Diploma,IT,Low,64,93,36,58,9406,Low,Medium,15,10,Low,3,71,70,Excellent,4,2,Reassignment Required
3424,35,20,Master,Marketing,High,85,86,52,69,5730,High,Low,21,8,High,2,93,91,Good,1,1,Suboptimal
3425,25,6,Bachelor,Marketing,Low,93,92,37,89,3120,Medium,Expert,22,6,Low,7,94,79,Average,1,2,Reassignment Required
3426,44,23,Master,Operations,High,91,59,37,67,3870,High,High,23,6,High,7,98,77,Excellent,2,1,Reassignment Required
3427,41,12,Bachelor,Finance,Medium,84,81,34,71,1785,High,Expert,14,7,Medium,8,75,82,Average,4,1,Reassignment Required
3428,36,17,Bachelor,Operations,Medium,73,80,31,69,8773,High,Medium,9,9,Critical,7,83,83,Good,4,0,Suboptimal
3429,50,22,PhD,IT,Medium,98,50,80,62,1937,Low,Medium,11,3,High,2,90,79,Good,0,4,Reassignment Required
3430,29,29,PhD,Marketing,Low,59,71,95,66,4112,High,High,5,4,Medium,7,73,70,Poor,3,3,Reassignment Required
3431,40,13,Diploma,HR,High,46,53,41,76,7432,High,Expert,12,11,Low,6,91,75,Average,3,1,Suboptimal
3432,49,0,PhD,Operations,High,72,63,76,98,7698,Low,Expert,16,8,Medium,4,72,81,Excellent,1,1,Optimal
3433,48,6,Bachelor,HR,Expert,96,83,84,65,8437,Low,High,20,4,Medium,8,97,89,Excellent,1,0,Optimal
3434,25,7,Master,HR,Medium,74,78,55,42,5534,Medium,Low,28,2,Critical,3,76,84,Average,2,3,Optimal
3435,36,17,Master,R&D,Expert,68,82,74,70,6629,High,Medium,3,7,Low,9,95,82,Excellent,4,1,Optimal
3436,56,8,Diploma,Marketing,Medium,91,70,91,41,7171,High,Low,5,8,High,8,77,84,Excellent,3,4,Reassignment Required
3437,58,0,PhD,Operations,Expert,51,56,99,97,9461,Low,Low,26,10,High,7,78,94,Excellent,0,4,Suboptimal
3438,22,28,Diploma,HR,Medium,44,64,31,93,2490,Low,Expert,26,2,High,8,66,97,Excellent,3,0,Optimal
3439,24,21,Bachelor,IT,High,51,48,55,49,7041,Medium,High,29,10,Low,8,89,85,Good,3,1,Suboptimal
3440,45,16,PhD,R&D,Medium,68,61,43,77,5769,Low,Medium,19,11,High,2,71,93,Good,5,3,Optimal
3441,48,18,Diploma,Finance,Low,74,94,86,58,7389,Low,Low,5,8,Critical,5,70,81,Excellent,5,0,Reassignment Required
3442,57,26,Master,R&D,Medium,59,84,61,70,9601,Low,Low,24,9,Medium,2,88,89,Average,3,0,Suboptimal
3443,55,5,Master,Finance,Medium,76,87,91,68,7641,Low,Expert,18,4,Low,3,62,80,Excellent,1,2,Optimal
3444,50,2,Diploma,Marketing,High,99,74,59,64,8155,Medium,Expert,29,6,High,3,93,81,Average,4,0,Reassignment Required
3445,45,23,Diploma,Operations,Low,40,76,42,71,9983,High,Expert,4,4,Medium,2,93,96,Average,4,2,Reassignment Required
3446,45,4,Diploma,Operations,High,55,94,69,56,6342,High,High,24,8,Medium,9,90,71,Poor,3,2,Reassignment Required
3447,25,1,Bachelor,Finance,Expert,69,56,60,90,1359,High,Medium,15,3,Critical,5,81,98,Poor,4,1,Optimal
3448,24,19,Bachelor,IT,Expert,48,67,66,84,5677,High,Medium,5,7,High,5,61,98,Poor,2,4,Suboptimal
3449,55,24,Master,Finance,Low,81,40,74,88,6139,High,Expert,8,11,Low,8,86,91,Average,1,3,Optimal
3450,44,3,Bachelor,Finance,Expert,49,92,88,62,9614,Low,Low,16,3,Medium,3,95,99,Average,1,0,Reassignment Required
3451,44,9,Bachelor,Operations,Low,52,48,57,57,9312,High,Expert,22,10,Critical,8,91,72,Average,4,1,Reassignment Required
3452,26,9,PhD,HR,Medium,87,94,90,50,3220,Low,Expert,1,7,Medium,2,94,86,Average,3,3,Optimal
3453,52,23,Bachelor,IT,Expert,59,88,48,98,5129,High,High,5,6,Critical,9,76,99,Average,3,0,Suboptimal
3454,27,20,PhD,Operations,Medium,68,52,72,99,9262,High,Expert,26,7,Critical,4,93,83,Good,5,4,Optimal
3455,58,10,Bachelor,R&D,High,96,86,88,91,4692,Low,Medium,18,7,Medium,9,85,96,Excellent,3,4,Suboptimal
3456,31,26,Master,Finance,Expert,43,71,45,59,5630,High,Expert,16,7,Medium,4,69,76,Poor,4,2,Suboptimal
3457,28,15,Diploma,HR,High,85,67,98,52,9205,Low,Medium,23,11,High,3,98,89,Average,3,2,Optimal
3458,59,25,Master,IT,High,88,92,73,63,6425,Medium,Low,10,7,Low,5,68,83,Good,5,3,Suboptimal
3459,42,28,Bachelor,Marketing,Low,67,70,95,82,4900,Medium,Medium,4,10,Critical,4,84,78,Poor,5,0,Suboptimal
3460,41,28,Diploma,IT,High,76,47,39,59,9462,Medium,Medium,18,8,Critical,2,79,98,Excellent,4,2,Reassignment Required
3461,24,29,Diploma,IT,Low,52,47,76,90,6892,High,Expert,17,2,Medium,8,74,79,Good,0,1,Reassignment Required
3462,43,16,Diploma,Finance,Low,96,99,48,81,6613,High,Medium,21,11,Medium,6,99,95,Average,5,2,Reassignment Required
3463,25,15,PhD,Finance,Low,42,73,80,67,1522,High,Medium,27,10,Medium,6,86,80,Good,4,3,Reassignment Required
3464,49,6,Master,Marketing,Low,76,62,42,74,3817,High,Low,26,7,Low,5,70,99,Good,2,1,Suboptimal
3465,33,15,PhD,Marketing,Low,87,49,92,60,5950,Low,Medium,13,11,Medium,7,75,80,Excellent,3,4,Suboptimal
3466,59,2,Diploma,Marketing,Medium,58,76,45,45,3839,Medium,Medium,8,9,Critical,6,89,96,Good,3,1,Reassignment Required
3467,57,25,Master,Operations,Low,67,87,82,46,8889,Low,Expert,8,4,Critical,2,81,88,Poor,1,3,Optimal
3468,26,15,Master,Operations,Expert,58,64,64,68,8491,Medium,High,12,4,Critical,7,83,98,Good,5,4,Reassignment Required
3469,34,7,Bachelor,Finance,Low,56,90,88,92,9014,Medium,Expert,29,10,Low,3,83,97,Poor,4,0,Optimal
3470,44,29,PhD,Finance,Medium,57,72,68,62,8691,Low,Low,26,10,Low,3,95,82,Average,0,3,Optimal
3471,51,11,PhD,Marketing,Expert,57,84,96,91,1442,Low,Expert,18,6,Low,2,77,79,Average,3,2,Reassignment Required
3472,58,2,Bachelor,Operations,Expert,96,43,90,44,7394,Low,Medium,6,6,Low,3,79,85,Poor,1,3,Optimal
3473,46,16,PhD,HR,Medium,62,46,79,61,9002,Medium,High,7,4,High,2,67,79,Average,4,3,Optimal
3474,48,20,Diploma,Operations,Expert,79,72,82,48,1894,Low,Expert,26,8,High,2,74,79,Excellent,1,3,Reassignment Required
3475,35,17,Diploma,Finance,Medium,89,41,75,71,3253,High,Expert,17,8,High,6,72,97,Excellent,0,4,Suboptimal
3476,57,10,PhD,Operations,High,48,87,81,93,3010,Low,Low,5,4,Medium,7,95,81,Excellent,4,3,Optimal
3477,37,3,Bachelor,Finance,High,68,85,58,49,7857,Medium,Medium,22,9,Low,6,73,70,Excellent,3,0,Reassignment Required
3478,43,15,Master,Marketing,Low,90,71,34,85,5993,Medium,Expert,23,7,Low,5,83,97,Poor,4,3,Suboptimal
3479,42,16,PhD,Marketing,Low,81,44,96,82,5635,Low,Expert,27,4,High,6,96,87,Excellent,3,2,Suboptimal
3480,42,8,Master,Marketing,Low,68,96,69,88,8808,Low,High,25,7,High,3,83,89,Poor,2,1,Suboptimal
3481,29,5,Bachelor,HR,Low,41,85,31,67,7997,Medium,Low,19,2,Low,7,77,97,Good,3,4,Suboptimal
3482,37,23,Master,HR,Medium,99,56,97,50,5833,Medium,Medium,8,7,High,6,91,97,Poor,1,2,Suboptimal
3483,52,26,Bachelor,Finance,High,56,51,91,46,3934,Low,Expert,26,8,Medium,2,94,80,Average,0,0,Optimal
3484,31,19,Bachelor,IT,Medium,96,91,87,69,9662,High,High,19,5,Medium,6,79,76,Excellent,4,3,Suboptimal
3485,53,24,Diploma,R&D,Expert,95,51,98,82,1371,High,Expert,27,5,Medium,9,91,83,Poor,2,4,Optimal
3486,55,1,Diploma,HR,Expert,84,74,87,84,7998,High,Expert,25,4,Critical,3,96,77,Poor,2,4,Reassignment Required
3487,30,8,Bachelor,Finance,Expert,70,60,64,98,2403,Medium,Low,8,6,Critical,5,96,99,Poor,2,4,Reassignment Required
3488,38,27,PhD,Operations,Expert,67,60,43,90,5602,High,High,25,2,Low,7,92,73,Good,1,2,Reassignment Required
3489,32,20,Diploma,Marketing,Expert,82,97,44,77,4946,High,High,21,7,Critical,4,60,72,Poor,3,1,Suboptimal
3490,53,28,Bachelor,Marketing,High,87,41,35,73,5673,Low,Medium,27,3,High,7,87,79,Excellent,2,1,Reassignment Required
3491,31,5,Master,Marketing,Medium,91,92,45,85,2007,Low,Expert,25,5,Medium,2,86,78,Average,0,0,Optimal
3492,43,2,Master,Finance,Expert,78,96,75,67,1667,High,High,29,7,Medium,3,76,84,Good,0,2,Optimal
3493,38,19,PhD,Marketing,Low,99,60,92,71,2446,Medium,Expert,19,7,Critical,3,74,77,Average,4,2,Suboptimal
3494,25,5,Master,HR,High,69,54,41,55,4966,High,Expert,7,11,Medium,8,73,82,Good,0,2,Suboptimal
3495,46,6,Master,Operations,Low,74,50,70,78,5368,Low,Medium,3,8,Medium,4,90,91,Good,3,3,Reassignment Required
3496,42,0,Bachelor,Marketing,High,87,49,48,40,6317,Low,Medium,6,2,Medium,5,93,94,Excellent,3,2,Suboptimal
3497,58,22,Master,Finance,High,90,57,31,73,8246,Low,High,8,7,High,9,62,93,Average,2,2,Suboptimal
3498,59,0,Master,Operations,Low,59,62,49,80,4029,High,Expert,18,10,Critical,2,71,76,Average,3,4,Reassignment Required
3499,22,4,Master,Marketing,Low,55,70,38,96,9232,Medium,High,15,9,Medium,5,85,82,Good,3,4,Suboptimal
3500,46,5,Master,IT,Expert,73,93,50,62,6892,High,Expert,24,9,Medium,9,83,75,Excellent,2,4,Optimal
3501,57,12,Bachelor,Marketing,Low,53,94,37,89,8190,Low,High,17,7,Medium,4,93,79,Excellent,4,2,Suboptimal
3502,38,1,Master,R&D,Medium,65,95,68,92,5804,Low,High,4,5,Low,2,67,88,Good,3,2,Reassignment Required
3503,45,14,PhD,HR,High,59,65,66,59,7379,Low,Expert,7,2,High,6,71,97,Average,3,4,Optimal
3504,23,14,Diploma,Operations,High,81,92,58,57,9317,Low,Low,17,6,Critical,5,68,80,Good,1,0,Reassignment Required
3505,36,12,PhD,HR,Expert,90,41,64,57,1777,High,Medium,22,6,Medium,6,85,98,Good,4,0,Reassignment Required
3506,53,25,Diploma,IT,High,63,78,67,81,5489,High,Expert,26,8,High,2,97,85,Good,2,1,Suboptimal
3507,27,24,PhD,IT,Low,82,46,64,79,7270,Medium,High,6,2,Medium,4,78,91,Excellent,1,3,Reassignment Required
3508,22,13,Diploma,R&D,High,57,63,97,60,8281,Low,Low,13,7,Critical,9,80,89,Good,5,3,Optimal
3509,44,25,Diploma,HR,High,82,78,32,47,9716,High,High,7,8,Critical,6,72,90,Good,1,1,Optimal
3510,38,21,Diploma,Operations,Low,48,71,41,73,8688,High,Low,9,2,Low,9,94,92,Poor,4,4,Optimal
3511,55,6,Diploma,IT,Low,58,65,61,89,5241,Low,Expert,23,4,Low,9,62,98,Excellent,3,4,Optimal
3512,50,13,Bachelor,IT,High,59,62,76,50,8330,High,Medium,19,11,Low,6,84,83,Excellent,2,2,Suboptimal
3513,30,25,PhD,Marketing,Medium,81,53,92,82,9926,Low,High,20,10,Low,3,91,92,Poor,4,3,Reassignment Required
3514,34,23,Diploma,R&D,Low,69,68,55,90,7871,Medium,Low,13,9,Medium,2,80,97,Good,1,2,Suboptimal
3515,27,26,PhD,Finance,Medium,65,64,72,82,1168,Low,Low,15,11,High,7,73,78,Excellent,0,2,Optimal
3516,27,28,Master,IT,Medium,70,95,73,49,9491,Low,Medium,17,7,Medium,4,90,85,Poor,2,3,Suboptimal
3517,41,9,Diploma,Operations,Expert,74,70,67,47,6033,High,High,5,9,Low,9,67,78,Good,0,4,Reassignment Required
3518,24,16,PhD,Operations,Medium,42,41,58,86,1521,Medium,Expert,23,3,Low,3,66,75,Excellent,5,0,Reassignment Required
3519,38,13,Bachelor,Marketing,Expert,95,41,84,47,9809,Medium,Expert,19,8,Medium,5,95,75,Excellent,5,4,Suboptimal
3520,33,7,PhD,Operations,Medium,79,62,81,58,9493,High,High,6,3,Medium,4,94,98,Good,3,4,Reassignment Required
3521,22,3,Diploma,Marketing,Expert,68,97,48,40,9844,Medium,Medium,12,4,High,8,78,87,Good,4,2,Optimal
3522,38,25,Master,IT,Low,45,86,64,94,4301,Medium,Medium,15,3,High,3,61,93,Poor,3,2,Suboptimal
3523,24,15,PhD,IT,High,91,50,77,91,5159,Low,Medium,15,6,Critical,8,64,88,Good,4,2,Reassignment Required
3524,47,23,Master,IT,High,40,68,89,42,3279,High,Low,3,11,High,5,61,86,Poor,1,3,Optimal
3525,36,12,Bachelor,IT,Expert,91,81,60,92,2681,Medium,Low,4,6,High,8,77,73,Good,3,3,Suboptimal
3526,57,21,PhD,Finance,Low,63,74,32,83,1091,Medium,Medium,5,7,Low,4,74,90,Excellent,0,1,Reassignment Required
3527,53,26,PhD,R&D,Expert,77,88,64,71,4706,Medium,High,6,7,Low,3,75,88,Poor,1,2,Reassignment Required
3528,53,24,Bachelor,R&D,Expert,73,48,81,87,1960,Low,Expert,6,8,Critical,4,71,99,Poor,4,3,Optimal
3529,25,26,Bachelor,Finance,Low,90,71,80,93,5159,Low,Low,17,9,Critical,6,95,92,Average,1,1,Reassignment Required
3530,39,19,Bachelor,IT,Medium,99,69,85,55,1843,High,Medium,28,5,High,9,81,96,Excellent,0,2,Suboptimal
3531,40,17,Diploma,Operations,Medium,46,54,50,69,1218,High,Low,8,10,High,3,87,90,Good,2,2,Optimal
3532,56,13,Diploma,Marketing,Low,50,53,30,88,9895,Low,Low,19,4,Critical,6,99,80,Poor,4,0,Suboptimal
3533,35,17,PhD,R&D,Expert,50,90,82,67,7028,High,Medium,20,6,Critical,3,81,95,Average,2,3,Optimal
3534,54,4,PhD,HR,High,75,56,35,67,1246,High,High,24,4,Low,6,63,90,Good,1,1,Reassignment Required
3535,35,25,PhD,Marketing,Expert,59,61,91,55,6109,High,Expert,21,3,Critical,8,71,91,Excellent,5,2,Optimal
3536,55,8,Master,HR,Medium,55,91,76,80,9248,Low,High,22,6,Low,2,80,80,Poor,5,3,Optimal
3537,25,27,Bachelor,HR,Low,44,69,79,93,7124,Low,Low,13,10,Low,6,86,80,Average,3,1,Suboptimal
3538,45,2,PhD,IT,Low,63,56,60,90,7325,Medium,High,29,7,Critical,2,82,91,Average,5,0,Reassignment Required
3539,50,7,Bachelor,HR,Low,69,55,93,72,7307,Medium,High,15,5,Critical,9,86,94,Average,4,1,Suboptimal
3540,40,19,Diploma,IT,Medium,69,91,58,64,2912,Medium,Expert,17,8,High,7,75,88,Poor,1,2,Suboptimal
3541,27,21,Bachelor,Finance,Expert,78,47,44,57,5221,Medium,Medium,24,11,High,4,91,77,Excellent,4,4,Reassignment Required
3542,54,9,Master,Operations,Low,96,98,87,65,8374,High,Medium,21,6,Low,8,95,96,Good,0,4,Optimal
3543,40,21,Master,HR,High,87,78,52,45,1266,High,Medium,17,8,Low,5,76,92,Good,1,0,Suboptimal
3544,22,18,Bachelor,Operations,Low,86,70,67,77,4482,Low,High,23,3,Critical,5,77,85,Average,3,2,Optimal
3545,26,29,Master,IT,Expert,76,51,70,83,2531,High,High,2,3,Medium,5,86,94,Good,4,2,Reassignment Required
3546,48,20,Master,HR,Medium,72,72,44,42,5564,High,Expert,28,10,Medium,2,66,90,Excellent,5,3,Optimal
3547,37,27,Diploma,Marketing,High,59,97,32,82,5228,High,Medium,22,5,Critical,5,97,92,Average,3,4,Reassignment Required
3548,27,2,PhD,Finance,High,93,51,30,45,8155,Medium,Expert,3,2,Low,5,79,77,Excellent,3,3,Reassignment Required
3549,34,10,Master,R&D,Low,61,64,40,53,1317,Low,Expert,22,10,Low,6,94,78,Excellent,0,2,Optimal
3550,56,10,PhD,Finance,Expert,80,77,89,57,1710,Medium,High,9,2,Medium,7,92,93,Poor,5,0,Reassignment Required
3551,40,16,Bachelor,HR,Low,97,87,94,55,9642,High,Medium,6,3,High,9,85,81,Poor,2,4,Suboptimal
3552,33,15,Bachelor,Finance,High,60,57,33,63,2743,High,Low,1,10,Low,5,83,81,Good,1,3,Suboptimal
3553,37,6,Master,R&D,Low,76,58,54,52,2323,Low,Low,22,4,Critical,2,83,71,Average,2,0,Optimal
3554,31,3,Bachelor,Marketing,Expert,93,94,72,40,3680,Medium,High,19,2,Low,6,90,96,Poor,2,2,Suboptimal
3555,46,29,Diploma,Operations,Medium,66,42,69,77,5237,High,High,4,4,Low,2,86,75,Good,0,1,Reassignment Required
3556,41,22,Master,Marketing,High,77,74,73,53,4051,Low,High,13,10,High,3,68,73,Average,3,1,Suboptimal
3557,52,18,Master,Finance,Expert,74,44,88,56,5664,High,High,20,3,Medium,5,61,98,Excellent,3,4,Suboptimal
3558,25,11,Master,R&D,Low,77,74,52,96,3704,High,Low,25,6,High,9,65,82,Excellent,1,0,Optimal
3559,44,14,Bachelor,Operations,High,79,90,91,52,6675,Low,Medium,8,2,Critical,2,90,99,Poor,0,3,Reassignment Required
3560,23,10,Bachelor,R&D,Low,99,66,52,52,7787,Low,Expert,23,11,Critical,2,84,73,Excellent,4,0,Suboptimal
3561,43,4,Master,Marketing,Low,45,76,87,48,3640,High,Low,5,2,High,9,75,78,Good,3,4,Reassignment Required
3562,58,4,PhD,IT,Medium,71,85,84,45,8376,Low,Medium,10,8,Critical,9,65,76,Average,1,2,Optimal
3563,29,14,Bachelor,IT,Low,55,60,62,45,9138,High,High,27,11,Critical,9,82,75,Average,4,0,Suboptimal
3564,28,28,Bachelor,Operations,Low,67,55,92,96,6362,Medium,Expert,20,11,Low,6,64,87,Poor,5,4,Reassignment Required
3565,35,17,Master,Operations,Expert,55,67,89,69,1694,High,Medium,29,4,Critical,3,76,84,Good,2,4,Suboptimal
3566,24,10,PhD,Operations,Low,66,64,90,76,5253,Low,Medium,19,2,Low,3,68,85,Good,0,3,Optimal
3567,37,25,Master,IT,Medium,92,72,90,96,9531,Medium,Expert,12,2,Critical,5,85,70,Average,4,2,Optimal
3568,40,11,Bachelor,Marketing,Low,42,56,98,92,2768,Low,Medium,1,6,Medium,8,72,79,Poor,3,0,Reassignment Required
3569,39,1,Master,Operations,Low,88,82,50,85,9283,High,Medium,9,4,High,7,66,99,Poor,5,4,Suboptimal
3570,37,19,Master,IT,Low,60,69,32,53,1171,Low,Expert,24,5,Medium,4,99,73,Excellent,1,2,Suboptimal
3571,29,14,Master,Operations,High,77,80,77,43,3749,High,Expert,16,7,High,4,77,94,Good,1,3,Reassignment Required
3572,54,19,PhD,Operations,Medium,77,92,39,73,4102,Low,Low,17,3,Low,9,96,73,Excellent,5,4,Optimal
3573,33,3,Master,R&D,High,69,43,71,41,1620,Low,High,18,8,Medium,6,83,87,Excellent,0,3,Optimal
3574,32,21,Bachelor,Operations,Medium,61,41,95,56,6214,High,High,14,6,High,8,91,82,Average,2,2,Suboptimal
3575,26,17,Master,IT,Medium,58,99,75,81,1076,Medium,Medium,17,9,Low,5,66,93,Good,3,3,Reassignment Required
3576,48,5,PhD,Marketing,Expert,70,48,38,53,3198,High,High,1,5,Critical,6,79,91,Good,2,0,Suboptimal
3577,33,22,Diploma,IT,High,59,93,78,90,5237,Medium,Low,25,9,Critical,7,93,70,Average,0,3,Optimal
3578,38,26,PhD,IT,Medium,86,70,33,56,9422,Medium,Medium,21,5,Low,5,78,89,Poor,0,1,Optimal
3579,27,25,Master,Operations,Medium,58,64,89,93,7027,Medium,High,15,6,High,3,73,79,Excellent,2,1,Optimal
3580,54,18,Diploma,R&D,Expert,41,76,58,69,6855,Medium,High,19,4,Low,9,91,90,Excellent,4,1,Suboptimal
3581,26,10,Master,HR,High,79,75,76,82,3544,High,Medium,2,5,High,4,68,70,Excellent,4,1,Reassignment Required
3582,49,27,PhD,HR,Low,78,94,92,68,3857,High,Expert,28,10,High,2,95,71,Excellent,0,0,Suboptimal
3583,35,23,Diploma,HR,Expert,66,44,60,46,2553,Medium,Low,24,6,High,4,85,78,Good,4,4,Reassignment Required
3584,26,1,Diploma,IT,Medium,47,63,80,48,7274,Medium,Medium,24,5,Critical,5,79,70,Average,4,1,Suboptimal
3585,54,26,Master,Operations,High,84,63,70,85,4740,Medium,Medium,14,5,High,9,88,84,Poor,5,1,Reassignment Required
3586,40,7,Master,HR,Medium,93,68,65,62,2627,Medium,High,22,8,Low,8,75,96,Average,1,4,Reassignment Required
3587,43,28,PhD,Finance,Expert,66,89,69,75,2074,Medium,Expert,2,3,Critical,9,90,84,Average,2,1,Optimal
3588,26,10,Master,Finance,Expert,54,84,89,53,4204,Medium,High,27,5,High,7,83,93,Excellent,1,4,Optimal
3589,23,4,Diploma,Finance,High,51,70,44,59,2028,Low,Medium,15,4,Critical,4,89,97,Excellent,1,1,Suboptimal
3590,51,17,Bachelor,Marketing,Expert,86,76,59,95,1647,Medium,Medium,1,8,Critical,2,67,96,Excellent,5,4,Reassignment Required
3591,25,22,Bachelor,Operations,Expert,53,97,59,91,6303,Low,High,22,5,High,3,85,94,Average,0,4,Optimal
3592,54,29,PhD,IT,Low,46,95,56,56,4162,High,Expert,1,9,High,3,74,71,Poor,5,2,Suboptimal
3593,34,17,Master,IT,Medium,56,58,69,71,1902,High,Medium,12,6,Low,5,69,81,Poor,0,3,Optimal
3594,41,13,PhD,Operations,Low,65,62,74,64,5067,Medium,Low,22,10,Critical,4,95,87,Poor,0,4,Reassignment Required
3595,28,21,Bachelor,R&D,Low,76,74,76,90,6076,High,Expert,15,10,Medium,5,98,92,Good,1,1,Optimal
3596,36,9,Bachelor,R&D,High,59,93,85,69,3897,High,Medium,26,4,Critical,4,83,79,Good,3,0,Suboptimal
3597,44,2,Master,Marketing,Expert,49,89,83,88,6562,Medium,Expert,18,10,High,8,67,99,Excellent,1,4,Suboptimal
3598,35,8,Diploma,Operations,Medium,58,45,38,96,9173,High,Expert,15,5,Medium,6,60,82,Poor,5,1,Suboptimal
3599,44,2,Master,R&D,Medium,57,45,94,66,9681,High,Low,7,10,Medium,5,69,78,Good,1,4,Suboptimal
3600,40,10,Bachelor,Marketing,Medium,69,95,99,66,6252,Medium,Medium,12,3,High,4,82,95,Average,5,2,Optimal
3601,50,11,Diploma,HR,Expert,69,76,30,85,8851,Medium,Expert,10,6,Critical,6,97,94,Average,1,0,Suboptimal
3602,41,11,PhD,HR,Medium,64,69,42,70,9617,Medium,Medium,2,7,Medium,8,69,72,Excellent,4,0,Suboptimal
3603,50,2,Bachelor,Marketing,Medium,63,40,67,84,8228,Low,Medium,2,4,Medium,5,92,92,Average,5,1,Optimal
3604,45,20,PhD,Operations,Expert,49,47,74,65,6681,Medium,Expert,6,3,Critical,8,90,91,Good,4,3,Optimal
3605,39,6,Diploma,HR,High,41,67,69,53,6595,High,High,20,2,High,3,97,77,Poor,0,2,Reassignment Required
3606,31,13,PhD,Operations,Medium,77,64,44,97,8390,Medium,Expert,6,8,Critical,9,72,83,Good,1,3,Suboptimal
3607,29,23,Bachelor,R&D,Expert,71,72,79,87,4991,Low,High,28,5,Critical,7,94,93,Good,1,0,Optimal
3608,47,27,Master,HR,Low,74,92,31,60,7462,High,High,24,9,Low,6,91,93,Excellent,0,0,Suboptimal
3609,50,10,PhD,R&D,Expert,90,99,82,67,7368,Low,High,27,9,Medium,8,81,93,Poor,2,3,Optimal
3610,31,6,Bachelor,Operations,Low,76,77,55,54,9614,High,High,10,9,High,5,66,96,Average,3,4,Optimal
3611,38,24,Bachelor,Operations,Expert,46,91,95,69,4942,Medium,Expert,3,3,High,2,65,95,Poor,5,3,Suboptimal
3612,23,20,Diploma,Finance,Medium,46,53,62,64,2800,Low,High,16,6,Medium,7,75,85,Average,3,3,Reassignment Required
3613,27,9,Bachelor,Marketing,High,66,50,88,90,3377,Medium,Medium,5,9,Medium,3,71,75,Excellent,2,4,Suboptimal
3614,26,10,Master,IT,High,49,41,55,93,8323,High,Expert,5,11,Medium,7,68,78,Poor,0,4,Reassignment Required
3615,49,14,Master,Marketing,Medium,72,92,50,50,3103,Medium,Low,10,3,High,7,99,90,Good,2,4,Reassignment Required
3616,26,18,PhD,Operations,Low,82,69,78,83,2271,Medium,High,25,3,Critical,6,64,73,Poor,3,2,Suboptimal
3617,39,15,PhD,Operations,Expert,94,69,95,50,6020,High,Expert,23,2,Critical,4,62,92,Excellent,2,0,Reassignment Required
3618,47,21,PhD,Marketing,Medium,46,43,66,67,1434,Low,High,13,7,High,2,95,88,Poor,1,0,Suboptimal
3619,41,20,PhD,Operations,Expert,45,52,43,94,4598,High,Medium,25,6,Critical,4,69,93,Average,4,4,Optimal
3620,48,27,Master,R&D,Medium,45,46,36,44,4771,High,High,24,2,Low,9,67,84,Poor,1,4,Reassignment Required
3621,33,19,Diploma,HR,Medium,52,77,67,67,9726,Medium,Expert,3,9,Low,7,68,93,Poor,3,2,Suboptimal
3622,28,11,PhD,Operations,Expert,87,42,74,47,9572,High,Medium,18,9,High,2,72,80,Excellent,5,2,Reassignment Required
3623,24,17,Diploma,Marketing,High,52,48,51,65,3150,Low,High,19,6,Critical,5,78,90,Poor,5,1,Suboptimal
3624,31,22,Bachelor,Marketing,High,41,53,73,45,5124,High,Low,6,4,Low,8,82,79,Poor,5,3,Suboptimal
3625,55,12,Bachelor,Marketing,Low,58,91,64,71,6602,High,High,27,9,Critical,9,83,77,Good,4,0,Reassignment Required
3626,46,4,PhD,Finance,Expert,90,50,89,87,6167,Medium,High,28,4,Medium,5,62,72,Poor,4,0,Optimal
3627,56,3,Bachelor,R&D,Low,58,76,32,71,6486,Low,Medium,26,5,Critical,4,92,88,Poor,2,2,Optimal
3628,37,27,Diploma,R&D,Medium,89,53,96,51,5049,Medium,High,20,8,Low,9,82,73,Excellent,1,3,Reassignment Required
3629,23,13,Diploma,Finance,Low,96,58,84,45,1546,Medium,Expert,27,8,Low,7,73,98,Average,5,2,Suboptimal
3630,45,7,Bachelor,R&D,Medium,77,47,38,52,5422,Low,Expert,1,5,High,4,78,82,Poor,2,1,Optimal
3631,31,8,PhD,Finance,Expert,41,98,98,78,5824,Low,Medium,10,10,High,4,92,78,Good,3,1,Suboptimal
3632,59,24,Diploma,R&D,Expert,90,46,57,79,4115,High,Expert,10,7,Medium,6,82,90,Excellent,4,1,Reassignment Required
3633,43,18,Diploma,Finance,Expert,65,98,44,83,1218,Low,Low,29,9,Low,9,86,91,Average,2,2,Suboptimal
3634,47,2,Master,Finance,Expert,45,98,60,73,1125,Medium,High,25,8,High,7,71,89,Excellent,4,3,Optimal
3635,48,4,PhD,R&D,Low,59,46,88,62,5180,Low,Medium,22,5,High,3,66,99,Average,1,4,Optimal
3636,50,20,Master,Finance,Medium,62,95,83,80,6160,Low,Expert,1,3,High,4,95,82,Poor,5,0,Reassignment Required
3637,59,25,Bachelor,R&D,High,93,94,97,84,3770,Low,Low,19,3,Medium,5,77,78,Average,3,4,Reassignment Required
3638,41,17,Bachelor,Finance,Expert,54,42,76,56,2942,Medium,Low,11,9,Medium,8,75,89,Average,1,3,Reassignment Required
3639,48,0,Master,Marketing,Expert,45,42,71,84,5457,High,Medium,27,9,Low,7,73,88,Poor,2,2,Suboptimal
3640,41,7,PhD,IT,Medium,67,57,52,87,2254,High,Medium,13,2,Medium,7,80,85,Good,2,2,Optimal
3641,40,18,Diploma,R&D,High,74,84,94,99,1987,Medium,Expert,17,2,Low,7,86,87,Good,0,2,Reassignment Required
3642,41,16,Bachelor,Finance,Expert,50,72,83,40,8237,High,High,28,5,Low,8,84,88,Poor,1,1,Optimal
3643,56,16,PhD,Marketing,High,47,76,40,46,9111,High,Low,25,2,Low,5,97,86,Excellent,3,1,Optimal
3644,23,10,PhD,IT,Expert,96,67,92,52,8955,Medium,Low,20,11,High,9,74,81,Excellent,5,1,Optimal
3645,51,1,Bachelor,Finance,Low,93,75,51,53,6353,Medium,Medium,18,2,Critical,4,69,80,Average,4,4,Optimal
3646,55,5,Bachelor,IT,Low,89,55,83,92,2371,High,Low,4,11,High,7,89,93,Excellent,0,0,Reassignment Required
3647,43,21,PhD,R&D,High,88,54,65,56,1360,Low,Medium,15,6,High,9,68,86,Excellent,3,2,Reassignment Required
3648,24,13,Diploma,IT,Medium,90,68,87,69,9104,High,High,2,2,Medium,7,87,75,Poor,5,2,Suboptimal
3649,27,2,Master,HR,Medium,90,98,49,87,9549,Low,Medium,6,11,High,8,77,96,Poor,1,4,Reassignment Required
3650,36,11,Bachelor,Operations,Low,63,57,45,86,8784,Medium,High,22,7,Low,9,70,84,Average,4,0,Optimal
3651,48,3,Master,HR,Medium,60,88,85,88,9088,Low,Expert,27,5,Critical,9,97,71,Excellent,3,0,Suboptimal
3652,31,11,PhD,R&D,Medium,88,85,79,73,8729,Low,Medium,23,11,Medium,4,61,83,Average,0,4,Suboptimal
3653,30,12,Master,R&D,Medium,98,85,95,66,3783,Low,Expert,9,6,Critical,8,81,96,Poor,5,2,Reassignment Required
3654,54,1,Diploma,IT,High,75,58,42,97,1063,Medium,High,11,10,Medium,5,82,96,Excellent,5,3,Reassignment Required
3655,53,1,PhD,Marketing,High,46,68,44,64,3228,High,Low,25,3,High,6,79,72,Average,4,3,Optimal
3656,27,14,Diploma,Finance,Medium,44,45,56,99,4849,High,Expert,20,4,High,7,88,94,Average,1,0,Reassignment Required
3657,57,22,PhD,Operations,Low,97,84,37,83,7332,Low,Medium,16,4,High,2,85,81,Good,4,0,Suboptimal
3658,23,28,Diploma,Finance,Medium,68,89,99,74,4938,High,Medium,25,10,High,5,71,98,Good,1,2,Optimal
3659,50,16,PhD,Marketing,Expert,55,97,79,48,2515,Medium,Expert,8,4,Medium,2,88,94,Excellent,2,0,Optimal
3660,25,6,Diploma,R&D,Low,45,86,96,45,9771,Medium,Expert,28,11,Medium,4,78,75,Excellent,2,4,Suboptimal
3661,22,29,PhD,Operations,High,53,94,55,65,7313,Medium,Expert,17,6,Low,3,93,92,Poor,1,3,Suboptimal
3662,40,27,Diploma,HR,Expert,97,66,65,77,8786,Medium,Medium,23,7,Medium,4,86,74,Poor,3,3,Suboptimal
3663,47,13,PhD,R&D,Medium,91,46,50,78,3158,High,Expert,23,7,Medium,8,89,76,Poor,0,0,Suboptimal
3664,46,11,Diploma,R&D,Medium,41,66,81,97,3125,Low,Expert,26,7,High,4,96,75,Good,2,4,Reassignment Required
3665,31,29,Bachelor,IT,Low,64,58,40,66,7396,Low,High,4,2,Low,4,90,90,Average,3,0,Suboptimal
3666,36,16,Master,Marketing,Low,70,56,37,79,3283,Low,Expert,7,7,Critical,7,87,88,Poor,4,0,Reassignment Required
3667,43,13,PhD,IT,Medium,89,80,86,98,7236,Medium,Expert,11,2,Medium,5,84,83,Good,2,4,Suboptimal
3668,42,5,Diploma,IT,Medium,89,50,75,70,8809,High,Medium,27,7,Critical,5,65,87,Poor,5,4,Suboptimal
3669,43,18,Bachelor,Finance,Low,52,44,31,42,4105,High,Medium,11,11,High,3,66,90,Good,5,1,Suboptimal
3670,57,23,PhD,R&D,Expert,99,41,93,63,4552,High,Low,11,7,High,8,65,83,Good,3,3,Reassignment Required
3671,55,5,PhD,Marketing,High,57,86,81,54,4475,High,Medium,26,4,Critical,2,94,77,Excellent,0,0,Suboptimal
3672,51,26,PhD,IT,Low,56,95,94,93,2838,High,Medium,26,4,Critical,9,84,83,Average,5,2,Reassignment Required
3673,46,17,Master,HR,Expert,84,51,40,45,9413,High,Medium,21,7,Low,8,80,90,Good,4,0,Optimal
3674,49,23,Diploma,Operations,Medium,67,81,35,50,9053,Low,Medium,21,3,Medium,2,76,88,Average,2,0,Optimal
3675,22,4,Diploma,Marketing,High,51,81,93,69,1895,Medium,Expert,15,6,Medium,2,85,95,Poor,5,2,Suboptimal
3676,25,23,PhD,Finance,Expert,74,91,84,74,6609,Low,Low,5,11,Medium,4,76,72,Excellent,2,3,Suboptimal
3677,28,23,PhD,Marketing,High,61,50,73,87,6913,High,Medium,6,4,Medium,3,66,84,Excellent,0,1,Suboptimal
3678,30,5,PhD,R&D,High,78,49,43,77,4411,Medium,Expert,23,6,Low,4,84,90,Average,1,4,Suboptimal
3679,57,1,Bachelor,Finance,High,40,67,34,82,4008,Medium,Medium,5,4,High,3,93,99,Excellent,5,1,Optimal
3680,40,7,PhD,Operations,Expert,76,46,54,79,4670,Medium,Low,9,3,Critical,6,85,85,Excellent,2,0,Reassignment Required
3681,22,14,Master,HR,Expert,60,53,79,68,3890,Medium,High,28,5,High,5,65,94,Poor,1,0,Suboptimal
3682,31,14,Diploma,IT,Medium,40,52,31,62,7285,High,High,11,6,Low,7,69,84,Poor,0,2,Optimal
3683,57,10,Master,Marketing,High,43,44,39,81,2408,High,Low,25,7,Medium,7,76,83,Excellent,5,2,Reassignment Required
3684,30,21,PhD,Finance,Low,71,90,31,81,4872,Medium,Expert,23,3,High,7,73,84,Excellent,0,0,Suboptimal
3685,53,21,Bachelor,Operations,Low,97,81,89,94,5677,High,Expert,26,4,Medium,9,62,93,Average,5,1,Optimal
3686,53,23,PhD,IT,Low,40,47,74,42,8446,Medium,Low,3,4,Critical,4,75,76,Poor,3,1,Suboptimal
3687,27,0,PhD,Operations,Expert,52,89,37,65,7489,High,High,20,7,High,6,64,74,Excellent,2,3,Suboptimal
3688,59,17,PhD,HR,Medium,85,40,87,53,4458,Medium,Medium,4,2,Medium,2,82,78,Excellent,4,0,Optimal
3689,38,11,PhD,IT,Expert,86,44,36,58,5397,High,High,23,8,Low,7,86,85,Poor,5,4,Suboptimal
3690,31,11,PhD,IT,High,56,50,50,60,6883,Low,Medium,15,9,Critical,6,64,97,Poor,4,4,Suboptimal
3691,48,24,Diploma,IT,Low,51,91,76,99,9088,Low,Low,18,8,Medium,7,96,71,Poor,5,1,Optimal
3692,56,10,Master,Finance,Expert,46,82,30,60,8406,High,Low,27,5,Medium,5,97,91,Good,0,2,Suboptimal
3693,42,27,Bachelor,IT,Low,94,87,41,48,4600,High,Low,5,8,Low,7,77,92,Good,4,2,Reassignment Required
3694,46,7,PhD,Operations,Expert,90,49,77,52,8071,Low,High,11,2,Critical,5,71,76,Average,4,1,Suboptimal
3695,49,27,Bachelor,Finance,Low,94,54,33,80,6468,High,Low,11,9,Low,7,80,81,Good,5,3,Optimal
3696,36,6,Diploma,IT,High,42,78,63,97,6007,Medium,High,4,11,Critical,7,66,96,Good,4,0,Suboptimal
3697,25,22,Master,Operations,Low,89,86,61,92,7297,High,Expert,16,11,Medium,5,76,98,Good,3,4,Suboptimal
3698,50,20,PhD,Operations,High,65,68,32,83,5690,High,Medium,26,4,Medium,8,68,85,Good,3,1,Suboptimal
3699,30,1,Diploma,Marketing,High,70,64,97,85,6686,Low,Medium,11,10,Critical,9,83,73,Excellent,5,2,Reassignment Required
3700,48,10,Diploma,Operations,Expert,75,87,86,76,4496,Low,Medium,25,2,Medium,7,70,71,Excellent,0,0,Suboptimal
3701,47,21,Master,R&D,Expert,65,45,53,77,4472,High,Low,1,7,High,6,84,86,Excellent,5,4,Optimal
3702,40,9,PhD,HR,Expert,42,50,62,84,8226,Medium,Medium,26,2,Medium,8,96,86,Good,4,3,Optimal
3703,49,2,Master,IT,High,83,56,32,84,5561,High,Low,13,9,Critical,2,66,72,Good,0,1,Optimal
3704,38,19,Master,IT,Medium,94,54,33,63,8614,Medium,High,19,4,High,4,76,85,Average,0,0,Optimal
3705,41,28,Bachelor,IT,Medium,67,55,59,77,3358,Medium,Low,6,5,Critical,7,78,92,Average,0,4,Suboptimal
3706,44,9,Bachelor,Operations,High,83,95,99,85,9250,High,Medium,27,7,High,8,80,96,Average,3,3,Reassignment Required
3707,53,27,Master,Operations,High,56,41,78,50,8257,Medium,Low,20,5,High,2,68,74,Good,3,2,Optimal
3708,54,26,Bachelor,IT,Expert,77,75,59,68,7213,Low,Low,19,9,Low,9,67,76,Excellent,2,0,Suboptimal
3709,26,17,Diploma,R&D,Expert,86,58,45,84,9376,Medium,High,6,10,Low,8,86,97,Good,5,1,Reassignment Required
3710,55,13,Master,Finance,Expert,69,77,82,83,8605,Medium,Low,13,6,High,8,82,82,Good,4,4,Reassignment Required
3711,32,17,PhD,Finance,Medium,41,89,35,87,3619,Medium,Medium,11,2,High,3,69,78,Poor,5,2,Optimal
3712,24,27,PhD,HR,Medium,47,60,53,77,1577,Low,Low,19,9,High,3,61,77,Good,1,2,Suboptimal
3713,54,23,Diploma,Marketing,High,53,50,57,80,6243,Low,Expert,7,3,Low,4,66,70,Average,3,4,Suboptimal
3714,32,7,PhD,HR,Medium,76,80,50,56,9262,High,Low,12,7,Low,7,61,99,Poor,5,4,Suboptimal
3715,37,9,PhD,IT,Expert,74,42,37,91,1555,Medium,Expert,16,7,Low,7,75,73,Poor,5,4,Suboptimal
3716,39,21,Master,IT,Expert,81,73,65,87,1851,Low,Medium,1,8,High,5,65,90,Good,1,0,Optimal
3717,51,12,Diploma,IT,Expert,78,57,38,65,4640,Medium,Expert,25,10,High,4,75,76,Good,4,1,Reassignment Required
3718,31,20,Master,Marketing,Expert,50,54,69,65,2912,Medium,Expert,15,2,Critical,6,84,80,Average,4,2,Reassignment Required
3719,39,7,Diploma,Operations,Expert,54,64,80,51,3730,High,Expert,13,11,Medium,9,69,77,Average,3,3,Optimal
3720,59,3,Master,Marketing,Low,41,93,30,57,6419,Medium,Expert,10,9,Medium,7,68,77,Good,1,4,Reassignment Required
3721,40,26,Master,HR,High,76,89,92,48,3365,Low,Expert,18,6,Low,5,91,89,Average,5,1,Reassignment Required
3722,57,3,Bachelor,Operations,High,82,90,97,42,8538,High,Low,4,7,Low,4,91,99,Average,0,3,Optimal
3723,34,4,PhD,Operations,Medium,71,54,55,49,1266,High,High,22,9,Medium,4,61,80,Good,0,0,Optimal
3724,24,0,Diploma,HR,Expert,79,69,69,82,4916,Medium,Expert,6,9,Low,8,80,76,Average,5,2,Reassignment Required
3725,31,16,PhD,Operations,Low,52,56,32,41,8328,Medium,Medium,27,8,High,6,62,97,Poor,3,1,Optimal
3726,59,1,Bachelor,Finance,Expert,82,57,38,47,3326,Low,Medium,8,8,Medium,6,93,80,Poor,1,1,Suboptimal
3727,22,29,Diploma,HR,Expert,56,70,61,91,3801,Medium,Low,24,2,High,2,88,87,Average,3,2,Suboptimal
3728,48,7,Bachelor,HR,Medium,54,89,96,82,6552,Low,High,20,9,Medium,3,79,94,Poor,0,2,Reassignment Required
3729,29,6,PhD,Finance,Low,72,82,33,57,3034,Medium,High,22,4,Medium,4,82,91,Excellent,4,4,Optimal
3730,38,14,Master,Marketing,Low,90,57,35,91,8453,Low,Expert,9,6,Low,8,96,73,Average,3,2,Suboptimal
3731,30,25,Bachelor,Marketing,High,55,94,55,78,1984,Medium,Medium,23,5,High,2,67,75,Poor,0,1,Optimal
3732,27,24,Bachelor,Marketing,Expert,90,74,31,70,5099,High,Medium,29,11,High,5,95,76,Excellent,4,4,Reassignment Required
3733,46,4,Master,Operations,Low,52,52,95,53,7463,Low,Low,8,4,Critical,5,73,79,Excellent,5,2,Reassignment Required
3734,49,1,PhD,Finance,High,94,53,32,78,2075,High,Expert,24,11,High,3,82,77,Average,3,3,Optimal
3735,54,6,Bachelor,HR,Low,61,98,64,72,2023,High,Medium,18,6,High,5,86,73,Good,3,3,Optimal
3736,58,7,PhD,HR,Expert,62,75,88,68,4897,High,Expert,7,4,Low,3,74,78,Excellent,0,2,Optimal
3737,30,27,Master,HR,High,75,57,67,83,7970,High,High,19,10,Critical,5,94,75,Average,0,1,Suboptimal
3738,39,6,Diploma,Operations,Low,82,44,62,99,9471,Low,Expert,23,10,High,9,81,86,Good,4,4,Reassignment Required
3739,42,29,Bachelor,Operations,Medium,89,53,44,72,2111,Medium,Expert,18,7,Low,5,95,88,Excellent,2,4,Reassignment Required
3740,23,6,PhD,R&D,Low,89,64,43,74,6080,High,Low,1,4,Medium,4,74,83,Excellent,4,4,Suboptimal
3741,59,27,Master,Marketing,Expert,49,83,95,41,8981,Medium,Low,11,6,High,6,91,70,Excellent,3,0,Suboptimal
3742,57,13,Master,R&D,Medium,56,96,74,74,3075,Low,High,9,9,Low,4,77,75,Average,3,2,Suboptimal
3743,58,20,Bachelor,R&D,Low,69,78,77,71,4942,Medium,High,10,10,Medium,2,90,91,Average,3,0,Reassignment Required
3744,36,17,Diploma,Operations,Low,52,51,73,75,1271,Low,Expert,10,4,High,9,95,76,Good,5,0,Optimal
3745,49,5,Bachelor,Marketing,High,69,79,66,85,1189,Medium,Medium,1,6,High,6,84,70,Excellent,0,3,Optimal
3746,39,3,PhD,Marketing,Expert,96,92,58,94,9737,Low,Expert,27,3,Low,4,69,86,Poor,3,4,Reassignment Required
3747,55,9,Master,HR,Low,85,92,63,89,5014,Low,High,17,3,Medium,6,99,90,Good,3,0,Reassignment Required
3748,43,17,Diploma,Operations,Low,69,67,88,62,9142,Medium,Low,27,3,Medium,6,73,90,Poor,4,1,Optimal
3749,32,11,PhD,Marketing,Low,46,74,72,44,5943,High,Low,12,7,Medium,6,85,86,Excellent,0,2,Suboptimal
3750,34,15,Bachelor,R&D,Expert,49,93,62,86,5866,High,High,12,4,Medium,5,78,76,Average,4,1,Suboptimal
3751,25,24,Master,Finance,Medium,74,40,48,55,1768,Medium,Expert,19,11,High,6,89,83,Poor,2,4,Reassignment Required
3752,43,6,Bachelor,Finance,Expert,41,42,37,79,6166,High,Medium,17,6,Medium,9,98,76,Average,4,3,Reassignment Required
3753,28,5,Diploma,Operations,High,69,82,60,63,8589,High,Low,7,9,Low,5,71,91,Excellent,4,1,Reassignment Required
3754,45,27,Diploma,HR,High,58,89,40,92,5798,Low,Expert,23,6,Low,7,90,82,Good,2,1,Reassignment Required
3755,25,4,Diploma,HR,Expert,78,46,37,97,1464,Medium,Medium,11,3,High,6,77,92,Poor,4,0,Optimal
3756,49,2,Diploma,Marketing,Low,76,48,54,79,3600,High,High,24,7,Low,5,61,97,Average,3,1,Optimal
3757,36,11,Diploma,Operations,Low,99,75,49,67,1916,High,Expert,2,3,Critical,6,73,91,Poor,3,3,Reassignment Required
3758,22,14,Bachelor,Finance,Medium,42,62,67,64,7126,High,Medium,16,9,High,2,79,95,Excellent,1,1,Optimal
3759,24,9,Diploma,R&D,Expert,64,63,36,46,8151,Medium,Expert,23,3,Critical,4,98,87,Good,0,1,Suboptimal
3760,35,25,Diploma,Marketing,Expert,73,49,68,77,1065,High,Low,9,8,Medium,7,79,90,Excellent,3,4,Suboptimal
3761,59,19,Master,R&D,Low,94,89,49,46,2904,High,High,27,5,Critical,6,93,76,Average,5,3,Reassignment Required
3762,22,18,Diploma,Marketing,High,97,94,40,94,8193,High,Low,10,5,High,2,93,71,Excellent,0,1,Suboptimal
3763,59,15,Master,IT,High,61,87,45,90,5571,Low,Low,21,9,Medium,9,96,90,Good,4,4,Reassignment Required
3764,59,27,Master,R&D,Medium,77,51,71,61,7716,Medium,Expert,10,5,Low,9,62,88,Excellent,1,2,Optimal
3765,42,10,Master,Operations,Medium,53,58,81,61,7973,High,High,3,9,High,4,94,83,Average,5,1,Reassignment Required
3766,50,7,Bachelor,R&D,High,78,71,66,66,4808,Low,Expert,25,10,Medium,3,92,94,Excellent,3,1,Suboptimal
3767,26,2,Bachelor,R&D,Expert,93,63,81,96,8565,Medium,Medium,17,9,High,7,78,95,Poor,5,4,Reassignment Required
3768,31,22,PhD,Marketing,Medium,41,61,38,72,8861,Low,High,28,5,Medium,7,90,70,Poor,4,4,Optimal
3769,49,6,PhD,Finance,Low,71,42,64,84,2960,Low,Low,14,6,High,6,81,85,Poor,1,4,Optimal
3770,42,22,Master,IT,Expert,82,79,96,71,3747,Medium,Low,19,7,High,3,86,76,Poor,5,1,Reassignment Required
3771,28,28,Bachelor,R&D,Low,92,66,36,78,1043,High,Low,18,10,High,4,97,95,Good,4,0,Suboptimal
3772,24,6,Diploma,Finance,Medium,42,58,31,71,4842,High,Expert,18,6,High,4,87,85,Average,0,0,Reassignment Required
3773,41,13,PhD,HR,High,80,48,54,40,5705,Low,Expert,14,3,Critical,6,80,89,Poor,4,4,Reassignment Required
3774,40,1,Bachelor,IT,Medium,47,98,70,49,2888,Medium,Expert,3,8,Medium,2,79,81,Poor,4,0,Suboptimal
3775,56,9,Diploma,IT,High,65,90,81,84,4898,Medium,High,10,7,Medium,6,97,74,Poor,4,2,Reassignment Required
3776,25,18,Diploma,Marketing,Expert,71,88,94,43,6883,High,High,23,4,High,9,72,86,Poor,1,0,Optimal
3777,26,25,Bachelor,R&D,Medium,50,52,67,68,9911,Low,High,13,9,High,2,88,90,Average,5,0,Optimal
3778,22,8,PhD,HR,Medium,89,41,96,46,1690,High,High,22,4,Low,8,80,96,Excellent,4,1,Suboptimal
3779,25,15,Bachelor,Marketing,Medium,40,75,71,77,7842,Medium,Medium,12,11,Medium,6,92,93,Poor,1,0,Optimal
3780,33,18,PhD,Operations,Expert,54,68,83,45,9301,Medium,Low,9,5,Critical,9,91,82,Excellent,1,4,Optimal
3781,48,17,Master,Finance,Low,43,50,96,92,5558,High,Expert,26,10,Medium,2,87,83,Average,2,1,Suboptimal
3782,44,8,Bachelor,Finance,Low,43,73,93,50,9706,High,Expert,29,5,Medium,9,73,91,Excellent,4,0,Reassignment Required
3783,46,15,Bachelor,Marketing,High,67,43,33,94,8720,Medium,Medium,27,3,Medium,9,81,98,Excellent,3,2,Reassignment Required
3784,42,12,PhD,Finance,Medium,49,43,60,48,9828,Low,Low,10,10,Low,5,96,85,Good,1,1,Suboptimal
3785,45,9,PhD,R&D,Low,50,91,42,69,4328,Medium,Low,19,11,Critical,2,93,82,Excellent,4,1,Suboptimal
3786,46,24,Bachelor,Finance,Expert,89,40,56,61,6312,Low,Medium,16,9,High,2,76,87,Excellent,3,1,Reassignment Required
3787,53,19,Diploma,R&D,Medium,62,64,88,97,1626,High,High,29,5,Critical,4,92,87,Excellent,0,0,Optimal
3788,53,13,Diploma,Operations,High,86,65,94,78,1069,High,Low,21,7,High,3,92,96,Poor,3,4,Reassignment Required
3789,26,11,Diploma,HR,Low,42,50,93,48,8549,Low,High,25,7,High,6,97,78,Poor,1,3,Optimal
3790,57,24,Master,IT,Expert,78,62,54,94,6613,Medium,Medium,3,3,Critical,4,85,97,Good,1,3,Optimal
3791,37,18,Master,Marketing,Expert,78,41,66,77,5319,Medium,Expert,12,10,Low,3,98,70,Good,1,3,Suboptimal
3792,54,6,PhD,Marketing,High,56,58,43,90,6961,Low,Expert,8,7,Low,4,66,97,Excellent,5,0,Optimal
3793,42,22,Master,R&D,Low,61,68,53,85,4977,Low,Expert,25,6,High,7,84,71,Poor,2,2,Suboptimal
3794,30,14,Diploma,Operations,Medium,91,79,96,72,8500,Low,Expert,27,3,Low,4,89,77,Excellent,3,1,Optimal
3795,27,15,Bachelor,Operations,Expert,66,94,77,65,9059,Low,Low,15,11,Low,6,92,82,Poor,5,1,Reassignment Required
3796,56,26,Master,IT,High,95,91,94,55,7784,Medium,High,11,2,Low,7,98,75,Good,4,4,Optimal
3797,43,7,Master,HR,Expert,55,43,67,48,2634,High,Expert,23,8,Low,5,87,88,Average,4,1,Reassignment Required
3798,26,9,Diploma,Marketing,Expert,55,96,99,62,3543,Medium,Expert,13,5,High,4,77,88,Average,1,4,Suboptimal
3799,44,3,Master,R&D,Low,79,55,88,54,8353,Low,Expert,6,8,Low,6,69,99,Excellent,3,0,Suboptimal
3800,38,18,PhD,Operations,Low,42,86,41,58,1768,Medium,Medium,13,6,Critical,2,61,96,Good,5,3,Optimal
3801,33,18,Bachelor,Marketing,Medium,91,76,83,81,6764,Low,Low,11,2,Critical,3,73,94,Poor,0,4,Reassignment Required
3802,44,27,Diploma,R&D,Expert,86,66,80,55,3603,Low,Medium,6,6,High,8,72,71,Excellent,3,4,Optimal
3803,37,20,PhD,Finance,High,72,44,67,64,1991,Low,High,6,5,Medium,6,60,79,Excellent,4,1,Suboptimal
3804,24,26,Diploma,Marketing,Expert,81,54,75,74,1488,Low,Expert,5,2,Low,5,91,74,Poor,1,0,Reassignment Required
3805,51,14,PhD,HR,High,41,62,39,90,9179,Medium,Low,7,11,Critical,8,84,92,Excellent,3,3,Suboptimal
3806,43,13,Bachelor,R&D,Expert,78,88,38,52,5152,Low,Low,23,3,Medium,6,69,91,Poor,2,0,Suboptimal
3807,30,0,Bachelor,HR,High,85,42,81,85,1511,Medium,Low,23,10,Critical,6,74,99,Good,1,3,Optimal
3808,50,15,PhD,Marketing,Expert,87,57,80,46,6697,Medium,Medium,19,2,Critical,9,88,70,Good,2,2,Optimal
3809,58,9,PhD,Finance,Expert,66,82,51,73,1734,High,Medium,11,11,Medium,2,76,82,Average,5,0,Optimal
3810,44,18,PhD,HR,Medium,99,65,97,97,6678,Medium,Medium,6,5,Low,3,99,81,Good,1,2,Optimal
3811,34,29,PhD,Operations,Low,54,45,34,53,4309,High,Medium,25,9,High,8,82,79,Poor,4,3,Suboptimal
3812,53,21,PhD,R&D,Low,46,98,58,62,9562,High,High,9,6,High,7,66,72,Good,0,4,Suboptimal
3813,44,2,PhD,Marketing,High,84,83,35,62,5701,High,Expert,20,11,High,3,95,84,Good,3,2,Reassignment Required
3814,38,4,Bachelor,Finance,Expert,96,93,98,56,2859,Medium,Expert,25,8,Low,5,65,99,Poor,5,3,Optimal
3815,42,8,PhD,Operations,Expert,81,97,87,52,8719,High,Medium,18,3,Low,7,61,74,Poor,3,3,Reassignment Required
3816,23,17,Master,Marketing,Low,48,56,72,97,1916,Low,Medium,8,5,Critical,7,91,97,Good,1,2,Optimal
3817,58,10,Bachelor,Finance,High,80,85,98,66,7909,Medium,Medium,18,5,High,3,64,88,Excellent,5,0,Reassignment Required
3818,27,15,Diploma,Operations,Medium,45,77,66,41,8264,Low,High,5,2,High,2,78,88,Good,0,4,Reassignment Required
3819,39,1,Bachelor,HR,Medium,95,81,87,76,7681,Medium,High,6,9,Critical,5,61,90,Poor,0,3,Optimal
3820,51,11,Diploma,Marketing,Medium,96,87,66,69,3662,High,Low,2,4,Critical,2,82,98,Poor,5,0,Optimal
3821,43,21,Diploma,Marketing,Expert,51,89,55,43,5692,High,Expert,25,5,Medium,2,99,82,Excellent,4,3,Suboptimal
3822,54,5,Master,HR,High,69,66,71,69,2335,Medium,Medium,22,3,Medium,7,63,77,Excellent,2,3,Suboptimal
3823,51,10,PhD,IT,Low,94,59,45,42,6050,High,Low,24,11,Low,6,63,95,Good,3,3,Optimal
3824,38,26,PhD,Operations,Expert,59,45,51,97,1761,Low,Expert,4,6,High,6,70,77,Good,1,0,Optimal
3825,53,7,Bachelor,HR,Expert,59,90,52,53,3131,Low,Low,19,6,Critical,6,79,99,Average,0,1,Optimal
3826,35,11,PhD,Marketing,Medium,93,74,76,50,5814,High,High,4,4,High,7,73,93,Poor,3,4,Optimal
3827,31,28,Master,Operations,High,85,51,96,79,1301,Medium,High,16,9,Low,8,94,75,Good,3,4,Reassignment Required
3828,57,26,Bachelor,Operations,High,66,87,32,62,8740,Medium,Low,1,2,High,4,73,78,Poor,3,1,Reassignment Required
3829,55,29,Bachelor,IT,Medium,59,42,41,80,4694,Low,Low,16,3,Critical,2,62,83,Poor,5,3,Reassignment Required
3830,30,1,Bachelor,Marketing,Medium,98,87,52,87,3701,High,Expert,1,2,Critical,3,74,74,Poor,0,1,Reassignment Required
3831,49,8,PhD,Finance,Medium,46,43,40,71,9805,High,Medium,24,7,Critical,5,80,85,Excellent,4,2,Suboptimal
3832,32,14,PhD,IT,Expert,79,96,81,42,7214,Low,Expert,17,5,Low,4,61,83,Poor,3,2,Optimal
3833,35,1,PhD,IT,Expert,79,91,79,81,6644,Medium,Expert,5,11,Critical,6,80,79,Good,0,0,Reassignment Required
3834,40,28,Bachelor,Finance,Expert,69,84,86,40,6520,High,High,26,2,Medium,7,69,92,Average,0,0,Reassignment Required
3835,36,0,Bachelor,Finance,Low,47,43,93,48,1668,Medium,High,16,8,Critical,8,86,86,Excellent,1,2,Optimal
3836,49,9,Diploma,IT,Low,41,43,75,87,3128,Medium,Low,25,10,High,4,78,85,Average,4,1,Reassignment Required
3837,45,1,Diploma,Operations,High,53,78,58,48,7738,Low,High,3,6,Critical,7,71,89,Good,4,0,Reassignment Required
3838,29,11,PhD,HR,Medium,49,60,99,99,1217,Medium,Expert,10,8,Critical,4,75,86,Excellent,4,1,Suboptimal
3839,30,22,Bachelor,HR,Medium,89,83,75,51,9940,Low,Low,18,5,High,2,67,85,Average,5,0,Reassignment Required
3840,54,7,PhD,IT,Expert,57,41,45,40,5220,High,Low,21,5,Low,2,96,79,Excellent,0,4,Optimal
3841,54,4,PhD,Operations,Low,57,55,80,55,9392,Medium,High,28,5,Low,7,84,87,Poor,0,1,Reassignment Required
3842,40,21,Diploma,Finance,Medium,55,46,40,69,3621,Low,Medium,18,6,Low,3,83,75,Good,4,2,Suboptimal
3843,24,27,Master,R&D,High,91,58,40,47,6139,Low,High,26,9,Low,5,99,86,Good,5,2,Suboptimal
3844,31,0,PhD,IT,Medium,44,82,92,85,1721,Medium,Low,17,5,Critical,5,77,78,Good,0,0,Optimal
3845,22,14,Master,Marketing,Expert,91,72,82,85,2881,Low,Low,11,8,Critical,6,80,91,Poor,4,1,Suboptimal
3846,50,5,Master,Operations,Expert,70,48,87,49,2432,High,Medium,9,10,Medium,3,67,77,Poor,1,3,Reassignment Required
3847,55,11,Bachelor,Marketing,Low,76,76,48,72,6181,Medium,Expert,11,7,Low,9,78,95,Poor,2,2,Optimal
3848,34,7,Bachelor,Marketing,High,59,97,61,77,3320,High,Low,26,5,High,5,89,95,Good,5,2,Reassignment Required
3849,22,12,PhD,IT,High,62,56,79,80,7950,Low,Medium,27,6,High,8,86,77,Poor,2,1,Optimal
3850,55,18,Diploma,Operations,Medium,71,66,84,90,8177,High,Expert,9,9,High,4,95,81,Good,2,1,Suboptimal
3851,50,26,Diploma,Marketing,High,81,72,70,61,9890,Low,High,17,5,High,9,95,87,Excellent,2,0,Suboptimal
3852,34,0,PhD,Operations,Medium,56,88,99,55,1621,Low,Medium,20,5,Medium,4,85,71,Excellent,1,3,Reassignment Required
3853,50,10,PhD,HR,Medium,52,51,50,58,1459,High,Expert,5,8,Medium,5,79,72,Poor,0,2,Suboptimal
3854,45,19,Diploma,R&D,Low,88,96,55,50,8225,Medium,Low,12,7,Medium,4,73,96,Poor,1,1,Reassignment Required
3855,47,0,Master,Marketing,High,89,84,30,92,9491,Medium,Low,18,2,Low,7,92,93,Poor,3,2,Suboptimal
3856,38,29,PhD,Marketing,Expert,52,95,56,50,9141,Medium,Medium,27,10,Critical,4,68,80,Excellent,5,3,Suboptimal
3857,28,7,Master,Operations,Medium,56,50,79,53,6375,High,High,25,6,High,7,82,93,Poor,0,4,Reassignment Required
3858,34,4,PhD,R&D,Medium,99,52,95,78,4452,High,Medium,25,11,High,6,89,90,Excellent,4,4,Suboptimal
3859,26,16,PhD,HR,Medium,54,70,94,98,8312,High,Low,16,3,Medium,4,87,99,Average,3,3,Optimal
3860,47,29,Master,Marketing,High,65,52,39,65,6925,High,Expert,9,6,Low,7,90,82,Poor,3,1,Suboptimal
3861,24,7,Master,IT,High,83,77,66,83,2821,Medium,High,8,9,Medium,5,85,87,Average,5,4,Optimal
3862,28,24,Diploma,Operations,High,67,65,98,59,7431,Medium,Expert,6,7,High,2,95,80,Good,1,1,Optimal
3863,22,9,PhD,Operations,Medium,81,70,70,59,1988,Low,Medium,17,9,High,4,95,83,Good,3,0,Optimal
3864,38,1,Bachelor,Marketing,Expert,84,61,75,94,9405,High,Medium,14,6,Medium,9,70,89,Excellent,1,2,Optimal
3865,46,8,Bachelor,HR,Expert,69,45,74,44,1531,Medium,Expert,26,5,High,5,71,73,Excellent,3,0,Optimal
3866,24,23,PhD,Marketing,High,82,59,56,40,3917,Medium,Expert,21,11,Critical,4,61,92,Excellent,1,4,Suboptimal
3867,36,22,PhD,Finance,Expert,74,60,94,50,7885,Medium,Expert,24,4,Critical,8,99,73,Average,0,4,Suboptimal
3868,50,2,PhD,Marketing,Medium,61,49,37,86,4619,Medium,Medium,28,3,Medium,3,63,79,Good,3,1,Reassignment Required
3869,53,17,Master,R&D,High,49,58,96,49,7564,Medium,Expert,14,10,Critical,7,91,91,Excellent,1,4,Reassignment Required
3870,47,6,Bachelor,R&D,High,50,74,78,86,4060,Medium,Low,4,2,Critical,6,93,96,Excellent,2,1,Reassignment Required
3871,37,14,Bachelor,Finance,Medium,77,65,43,67,3524,High,Expert,8,11,Medium,8,64,71,Poor,2,3,Reassignment Required
3872,46,20,Bachelor,R&D,High,72,46,91,84,1689,Low,Low,22,3,Medium,2,64,87,Average,3,4,Optimal
3873,49,21,PhD,R&D,Medium,45,76,72,86,2100,Low,Low,17,7,Medium,7,63,97,Average,5,3,Suboptimal
3874,30,19,Master,IT,High,76,47,56,73,9310,High,Expert,1,7,Critical,4,71,80,Good,1,3,Optimal
3875,22,17,PhD,Operations,Expert,46,44,56,93,6301,Medium,High,3,2,High,5,94,74,Good,0,2,Reassignment Required
3876,50,24,Diploma,R&D,High,93,83,97,52,9697,High,High,17,9,Low,2,96,86,Excellent,5,1,Optimal
3877,43,2,Diploma,Operations,High,83,75,77,83,8817,Medium,High,20,5,High,4,93,71,Average,5,3,Reassignment Required
3878,37,27,Bachelor,HR,High,51,90,96,64,3200,Medium,Low,3,8,Medium,9,87,72,Good,3,2,Reassignment Required
3879,28,29,PhD,Marketing,Low,46,67,54,62,1496,Medium,High,7,11,High,3,66,94,Average,0,4,Reassignment Required
3880,35,22,Diploma,IT,Expert,41,89,93,75,5174,Medium,High,11,10,Low,5,99,94,Excellent,1,4,Reassignment Required
3881,50,13,Diploma,Finance,Medium,99,42,53,99,9250,Medium,Expert,25,3,High,6,70,76,Excellent,2,3,Suboptimal
3882,40,23,PhD,HR,Low,40,78,38,51,6530,High,Medium,15,8,Medium,4,91,98,Excellent,1,4,Reassignment Required
3883,40,1,Master,IT,Expert,62,47,37,86,7969,High,Low,7,2,Low,5,91,90,Excellent,5,1,Suboptimal
3884,23,13,PhD,IT,High,64,54,88,84,2653,Low,Medium,27,4,Critical,8,90,71,Average,0,4,Suboptimal
3885,36,21,PhD,Finance,High,57,92,46,41,8246,Medium,Low,5,5,High,9,79,71,Excellent,2,0,Reassignment Required
3886,24,10,Master,Finance,Medium,83,66,72,59,1243,High,Low,17,4,Critical,4,65,77,Average,3,4,Suboptimal
3887,32,15,Bachelor,Operations,Medium,46,88,97,55,3255,High,High,5,9,Critical,6,77,85,Poor,2,3,Reassignment Required
3888,51,7,Bachelor,Marketing,Expert,90,90,33,53,7999,Medium,Expert,1,8,Low,3,80,72,Excellent,5,2,Reassignment Required
3889,39,6,Bachelor,HR,Expert,93,75,37,92,7743,Medium,Medium,22,4,Critical,7,62,92,Poor,5,1,Reassignment Required
3890,23,10,Master,Marketing,Medium,42,55,71,41,3692,High,Medium,29,8,Critical,9,87,98,Good,3,1,Reassignment Required
3891,53,2,Diploma,HR,Expert,68,65,78,88,7073,Medium,High,24,3,High,6,87,91,Excellent,5,2,Suboptimal
3892,29,16,Master,IT,Medium,49,84,35,55,9230,High,Medium,7,4,Low,8,91,98,Average,3,1,Optimal
3893,43,13,PhD,R&D,High,98,83,71,43,4247,Low,Medium,17,8,Medium,6,98,75,Good,2,3,Optimal
3894,27,5,Master,R&D,Medium,98,43,61,82,7621,Medium,Low,8,11,Medium,6,83,88,Excellent,2,3,Reassignment Required
3895,33,7,Diploma,Finance,Low,82,51,44,52,2615,Low,Expert,12,6,Low,9,66,91,Poor,5,2,Reassignment Required
3896,57,21,Diploma,Finance,Medium,44,56,98,77,1019,Low,Expert,25,10,Critical,7,78,82,Good,0,3,Reassignment Required
3897,36,4,PhD,IT,Medium,73,97,56,88,1220,Low,Medium,28,9,High,2,60,73,Average,2,0,Optimal
3898,49,26,Bachelor,IT,Low,47,80,95,40,4771,Medium,Medium,26,7,Critical,5,92,86,Average,4,3,Optimal
3899,39,27,Diploma,HR,Low,53,83,88,48,8321,Low,Low,2,5,Medium,4,92,97,Poor,2,1,Reassignment Required
3900,23,7,Diploma,IT,Low,79,65,57,60,7606,High,High,17,4,High,7,70,93,Average,0,2,Suboptimal
3901,34,1,Diploma,HR,Low,94,70,53,57,8576,High,Low,22,7,Low,3,82,78,Excellent,4,0,Suboptimal
3902,36,14,PhD,Marketing,Medium,45,54,80,82,9442,Medium,High,28,10,Critical,4,87,99,Good,4,3,Optimal
3903,41,11,Diploma,Finance,Expert,40,91,50,71,8828,Medium,High,20,6,Critical,2,76,72,Excellent,1,0,Suboptimal
3904,50,16,Bachelor,Finance,Low,95,73,60,85,1506,Low,Low,14,8,High,3,69,96,Average,4,4,Suboptimal
3905,50,0,PhD,R&D,High,72,68,79,73,5741,Medium,Expert,23,8,Critical,2,67,70,Poor,5,4,Reassignment Required
3906,24,14,Bachelor,R&D,Medium,79,48,69,59,5587,High,Low,3,8,Low,9,68,70,Excellent,3,0,Suboptimal
3907,40,13,Diploma,Finance,Expert,50,53,97,82,7438,High,High,19,10,High,4,78,86,Average,0,4,Reassignment Required
3908,24,19,Diploma,Marketing,High,89,75,45,41,7600,High,Expert,14,3,Low,3,67,94,Poor,1,4,Reassignment Required
3909,35,21,Bachelor,Marketing,Medium,63,43,92,43,6357,Medium,Expert,8,9,Low,8,64,95,Excellent,2,4,Reassignment Required
3910,25,15,PhD,Operations,Medium,49,98,85,98,1739,High,Low,7,3,Low,7,73,82,Average,4,2,Reassignment Required
3911,32,28,PhD,HR,High,83,77,53,84,9615,Medium,Expert,5,2,Low,4,92,74,Poor,5,2,Suboptimal
3912,52,8,Bachelor,R&D,Low,91,95,57,77,4055,Low,Expert,3,11,Critical,5,97,88,Poor,1,4,Optimal
3913,53,0,Diploma,HR,Low,62,76,60,46,5387,High,Low,1,7,High,9,71,95,Excellent,3,1,Suboptimal
3914,48,27,Master,R&D,High,55,99,44,61,3203,Low,Medium,27,3,Critical,2,62,94,Excellent,1,4,Optimal
3915,51,16,Bachelor,Operations,Expert,76,63,71,59,4922,High,Expert,19,6,Medium,5,99,79,Average,3,4,Optimal
3916,23,28,Bachelor,Finance,Low,55,56,79,97,2957,High,Low,15,2,Low,8,88,78,Good,1,4,Reassignment Required
3917,30,12,Bachelor,HR,Medium,95,52,34,74,6326,High,Low,25,8,Low,8,81,75,Excellent,5,1,Suboptimal
3918,49,20,Diploma,R&D,Medium,83,59,77,43,2789,Low,Medium,1,2,Medium,5,93,90,Excellent,1,1,Optimal
3919,52,25,PhD,HR,Expert,70,56,42,99,7401,High,Expert,5,9,Medium,4,65,86,Poor,2,4,Optimal
3920,55,20,Diploma,Finance,Medium,45,90,61,92,1584,Low,High,20,6,Low,8,94,91,Average,5,3,Suboptimal
3921,36,4,Bachelor,IT,Low,69,66,96,59,7178,Medium,High,11,6,Critical,4,98,90,Good,2,0,Optimal
3922,46,9,Diploma,R&D,Expert,76,94,59,74,4200,High,Expert,14,4,Critical,6,75,94,Good,5,2,Suboptimal
3923,57,5,Diploma,IT,Low,40,72,35,72,2342,High,Expert,22,3,Low,6,90,99,Excellent,5,0,Reassignment Required
3924,29,23,Bachelor,Operations,Expert,90,60,54,90,5190,Low,Low,18,7,High,3,74,76,Good,2,2,Optimal
3925,30,18,Diploma,Marketing,High,81,56,57,98,5785,High,Low,20,5,Medium,4,60,85,Good,5,0,Reassignment Required
3926,58,24,Master,HR,Medium,64,61,91,60,5756,Medium,High,9,11,Critical,2,79,88,Poor,1,1,Optimal
3927,53,12,Diploma,R&D,Expert,85,64,51,84,7025,High,Expert,15,5,High,9,82,74,Poor,4,4,Reassignment Required
3928,38,0,Diploma,HR,High,96,42,97,53,8455,Medium,Low,11,7,Low,4,79,91,Poor,1,2,Optimal
3929,56,19,PhD,Operations,Low,60,66,44,70,2062,Medium,High,5,3,Low,4,91,96,Excellent,2,4,Suboptimal
3930,58,24,PhD,Operations,High,74,66,55,61,9717,High,High,15,3,Critical,7,84,87,Good,1,4,Reassignment Required
3931,40,14,Bachelor,HR,Low,77,85,92,99,5502,High,Medium,24,11,Critical,5,67,76,Poor,4,1,Suboptimal
3932,50,13,Bachelor,R&D,Expert,44,51,47,87,5981,Medium,Expert,2,11,Low,5,92,94,Average,5,2,Optimal
3933,28,7,PhD,Finance,Expert,88,54,92,69,7612,Medium,Medium,12,5,Critical,8,89,95,Good,3,3,Reassignment Required
3934,49,9,Master,Finance,Medium,89,77,91,68,5968,Medium,Low,27,7,Critical,6,62,94,Average,0,1,Reassignment Required
3935,30,8,Diploma,Marketing,Medium,51,59,97,75,7066,High,Low,25,3,Critical,7,83,74,Good,2,4,Optimal
3936,49,16,Master,HR,Expert,44,61,77,88,6400,Low,High,28,8,Low,3,71,77,Average,1,2,Optimal
3937,27,8,Master,HR,Low,48,41,79,81,6684,High,Low,23,9,Medium,3,90,78,Average,4,1,Optimal
3938,50,2,PhD,R&D,Low,83,43,92,68,7838,Low,Medium,7,10,High,4,66,91,Excellent,2,1,Suboptimal
3939,38,10,Bachelor,HR,Expert,91,84,98,46,8353,Low,Expert,2,7,Medium,7,99,97,Average,5,3,Reassignment Required
3940,37,11,Diploma,R&D,Low,48,52,35,71,2987,High,High,8,3,Low,2,76,89,Poor,2,0,Reassignment Required
3941,44,9,Bachelor,HR,Expert,74,94,87,52,5067,Low,High,9,7,High,5,69,73,Poor,3,2,Suboptimal
3942,52,24,Master,Operations,Medium,40,71,80,96,6068,Medium,Low,26,9,Low,2,74,72,Good,5,2,Reassignment Required
3943,24,16,Master,IT,Low,93,98,41,52,5104,High,High,27,11,Medium,7,80,81,Poor,0,2,Suboptimal
3944,42,16,Bachelor,HR,Medium,86,61,76,93,9877,Low,High,28,2,Low,5,80,78,Excellent,1,2,Suboptimal
3945,47,24,Bachelor,IT,High,49,64,38,53,8806,Medium,Expert,5,7,Critical,7,88,79,Poor,1,0,Optimal
3946,57,10,PhD,Finance,Medium,85,66,36,45,7654,Low,High,15,2,Critical,7,60,80,Excellent,2,1,Suboptimal
3947,58,29,Bachelor,Marketing,High,78,94,58,55,4734,Low,Expert,19,7,Medium,4,80,85,Poor,4,1,Reassignment Required
3948,43,21,Bachelor,Finance,Medium,75,56,80,80,7804,Medium,Medium,19,11,Critical,9,64,98,Excellent,2,0,Reassignment Required
3949,33,3,PhD,HR,Medium,97,45,84,91,2241,Medium,High,13,5,Medium,3,74,80,Good,3,1,Optimal
3950,34,6,Bachelor,R&D,Low,76,82,88,87,4500,High,Medium,13,4,Low,7,85,91,Good,0,0,Reassignment Required
3951,32,20,Master,Finance,Medium,91,90,85,60,6730,Low,Expert,6,4,Low,4,70,77,Poor,3,0,Suboptimal
3952,37,25,Bachelor,Operations,Expert,87,55,51,92,6530,High,High,1,5,Medium,5,80,83,Good,4,1,Reassignment Required
3953,29,13,Diploma,IT,Low,74,47,47,83,4261,High,Low,10,4,High,7,65,71,Good,1,1,Suboptimal
3954,23,6,Master,R&D,Low,56,72,87,55,8264,Low,Low,27,10,Medium,3,63,73,Good,4,0,Reassignment Required
3955,51,23,PhD,R&D,Low,52,49,69,44,4843,Low,High,25,5,High,2,80,84,Poor,3,3,Reassignment Required
3956,51,7,Master,HR,Medium,45,73,60,63,5825,High,Expert,6,2,Medium,2,76,87,Excellent,1,4,Optimal
3957,33,0,PhD,Operations,Low,97,58,85,82,2981,Medium,Low,25,5,Low,6,90,80,Poor,0,2,Suboptimal
3958,31,23,Diploma,IT,High,76,53,64,40,1647,High,Medium,3,2,Critical,8,82,96,Average,2,0,Optimal
3959,32,21,Diploma,Operations,High,87,42,55,49,4923,Low,Expert,26,11,Medium,2,91,88,Excellent,0,1,Optimal
3960,36,3,Master,Finance,Medium,71,94,97,82,2982,Medium,Expert,13,11,High,6,95,87,Average,2,0,Optimal
3961,37,28,Bachelor,HR,Low,50,95,63,86,6255,High,High,19,4,Critical,3,93,78,Average,0,1,Optimal
3962,38,29,Master,R&D,Expert,56,80,45,97,3019,Low,Medium,10,5,High,4,65,94,Good,5,0,Suboptimal
3963,47,11,Master,R&D,Expert,44,62,71,98,5674,Medium,Expert,13,5,High,9,97,91,Excellent,1,1,Suboptimal
3964,23,23,Diploma,Finance,High,45,79,34,74,9071,Medium,High,7,10,High,7,81,97,Excellent,1,3,Reassignment Required
3965,33,2,PhD,R&D,Medium,49,50,90,70,7980,Medium,Medium,15,7,High,7,92,92,Average,1,4,Reassignment Required
3966,47,12,Master,Marketing,Medium,92,86,73,95,3832,Low,Expert,23,4,Medium,8,70,99,Average,5,1,Optimal
3967,44,19,Bachelor,HR,Medium,72,45,64,54,8102,High,Low,4,8,Critical,4,82,74,Good,5,3,Suboptimal
3968,39,5,Diploma,Finance,Medium,69,73,30,50,6991,Low,Medium,11,5,Critical,7,95,79,Good,2,4,Reassignment Required
3969,53,10,Master,HR,Medium,60,40,72,48,5208,Low,Expert,8,8,Critical,3,87,86,Poor,5,1,Optimal
3970,59,22,Master,IT,Low,81,74,61,41,4675,Medium,Medium,27,3,Critical,7,78,89,Excellent,1,2,Optimal
3971,24,3,Bachelor,HR,Low,56,64,92,83,2779,High,Low,2,8,Low,8,72,82,Average,4,0,Reassignment Required
3972,59,19,Master,HR,Low,66,68,62,91,5696,Medium,Expert,1,9,Low,7,72,73,Poor,2,0,Suboptimal
3973,24,15,Master,IT,Expert,42,62,95,69,5537,Low,Low,1,8,Medium,3,67,97,Good,1,0,Reassignment Required
3974,51,6,Master,Finance,Low,99,57,59,55,9419,Medium,High,16,7,Critical,5,72,99,Average,1,1,Reassignment Required
3975,22,21,Master,HR,Medium,68,53,39,95,1873,Low,High,18,5,Low,2,94,83,Excellent,5,2,Suboptimal
3976,51,28,Bachelor,Operations,Medium,41,56,52,87,5766,Low,Expert,11,10,Critical,2,86,77,Average,0,2,Reassignment Required
3977,53,10,Master,HR,Expert,68,41,68,92,4428,Low,Expert,27,2,Medium,2,70,90,Average,4,2,Optimal
3978,49,23,Master,Finance,Expert,88,70,74,40,6604,Medium,Medium,22,6,High,6,80,84,Poor,4,4,Reassignment Required
3979,42,0,Master,R&D,High,75,58,58,87,4549,High,Expert,8,2,Medium,2,67,72,Average,5,1,Suboptimal
3980,34,25,Diploma,IT,Expert,73,71,59,45,9312,Medium,High,19,11,Low,7,85,86,Poor,2,3,Suboptimal
3981,48,28,Bachelor,R&D,High,76,93,63,85,9933,Low,Expert,12,2,Low,7,89,84,Poor,4,4,Reassignment Required
3982,57,26,Diploma,Finance,Low,81,67,81,96,4881,Medium,Medium,6,7,Low,5,81,70,Good,1,1,Reassignment Required
3983,28,6,Diploma,Marketing,Medium,40,80,51,96,5789,Low,High,24,7,Medium,4,98,74,Average,2,2,Reassignment Required
3984,43,11,Bachelor,R&D,High,99,47,34,50,8445,High,Expert,25,8,Medium,9,69,77,Poor,5,1,Optimal
3985,31,6,Diploma,HR,High,65,81,40,72,5352,High,Low,16,11,Medium,8,85,78,Average,3,2,Suboptimal
3986,36,26,Diploma,HR,High,40,80,61,91,8471,Low,Low,8,10,Critical,4,86,95,Excellent,0,3,Optimal
3987,36,22,Diploma,IT,Expert,98,98,53,56,8059,High,Low,7,7,Low,9,81,95,Average,0,2,Optimal
3988,25,6,Bachelor,HR,Expert,97,98,40,94,6649,Low,Low,20,3,Medium,7,72,71,Good,3,4,Optimal
3989,53,9,Master,Operations,Expert,43,79,40,90,6008,Medium,Medium,3,5,Medium,9,98,74,Poor,5,1,Suboptimal
3990,44,29,PhD,Operations,High,78,78,46,73,8317,Medium,Low,23,10,Critical,6,66,99,Poor,2,0,Suboptimal
3991,27,15,PhD,R&D,Low,53,61,61,85,9785,High,Low,1,3,Low,5,71,73,Excellent,3,2,Optimal
3992,45,25,Bachelor,Finance,Medium,85,63,56,79,2033,High,Expert,23,8,High,3,72,81,Good,4,2,Suboptimal
3993,41,7,PhD,IT,Expert,57,77,61,64,1211,Low,Low,6,5,High,7,71,88,Poor,1,0,Suboptimal
3994,58,8,Bachelor,Marketing,Low,73,41,90,94,7057,High,Low,3,11,Low,4,71,96,Excellent,3,4,Suboptimal
3995,41,8,Bachelor,R&D,Expert,40,80,54,61,6508,High,Expert,19,7,Critical,8,97,93,Poor,3,3,Reassignment Required
3996,33,1,PhD,Finance,Expert,92,80,93,65,6017,High,High,2,2,Low,5,62,71,Poor,4,3,Suboptimal
3997,54,12,Diploma,IT,High,61,58,93,66,9122,Low,Medium,17,9,High,8,67,85,Good,2,4,Suboptimal
3998,49,12,Master,IT,High,55,80,57,77,9125,Medium,Medium,16,7,Medium,9,90,71,Excellent,1,1,Suboptimal
3999,29,22,PhD,R&D,Expert,61,41,69,48,7479,Low,High,27,8,Low,8,72,90,Poor,1,3,Optimal
4000,22,22,PhD,Finance,Medium,89,67,43,76,5062,Low,Expert,21,7,High,3,67,79,Average,0,4,Reassignment Required
4001,58,3,PhD,Finance,Expert,55,71,71,44,8348,High,High,29,8,Medium,8,96,95,Excellent,1,2,Reassignment Required
4002,43,24,PhD,HR,Medium,67,58,68,57,8942,Medium,Medium,7,6,Low,6,83,79,Good,1,0,Optimal
4003,27,23,Bachelor,Marketing,Low,67,55,31,61,8945,Low,Medium,23,4,Critical,7,87,86,Good,1,1,Suboptimal
4004,42,11,Bachelor,Operations,Expert,94,69,30,85,4238,High,High,6,7,High,2,63,81,Good,1,1,Suboptimal
4005,53,16,Master,HR,Medium,61,61,61,51,2493,Low,Low,11,11,Medium,7,75,76,Poor,4,2,Reassignment Required
4006,56,1,Master,IT,Low,95,53,93,99,2577,High,Medium,15,10,Medium,5,77,78,Good,5,3,Suboptimal
4007,36,12,PhD,Marketing,Low,45,91,60,83,2597,Medium,High,26,7,Critical,7,63,83,Excellent,0,1,Reassignment Required
4008,26,28,PhD,Marketing,High,64,95,87,61,3428,Medium,Low,22,10,High,4,99,87,Poor,5,0,Optimal
4009,27,17,PhD,Finance,Low,81,40,43,45,1312,High,Low,11,3,Medium,6,92,79,Average,3,2,Reassignment Required
4010,46,27,Master,Marketing,High,41,84,98,75,7686,Low,Expert,7,2,Critical,7,86,85,Good,0,1,Reassignment Required
4011,50,27,PhD,R&D,Low,46,93,45,66,5075,Low,High,15,5,High,5,95,70,Good,2,2,Reassignment Required
4012,28,26,Diploma,Marketing,Low,92,41,98,86,1003,Medium,Medium,16,6,Critical,6,63,78,Good,5,3,Reassignment Required
4013,34,14,Master,IT,Medium,56,61,83,94,8061,Low,Expert,8,11,Critical,3,95,82,Average,5,4,Reassignment Required
4014,59,7,Diploma,R&D,Medium,74,85,42,54,6218,High,Medium,5,8,Critical,5,72,98,Poor,3,2,Optimal
4015,39,14,PhD,R&D,High,59,72,60,96,1191,High,Low,17,9,Critical,7,73,85,Good,0,3,Suboptimal
4016,23,0,Bachelor,HR,Expert,83,54,98,56,3380,High,High,23,2,High,7,96,85,Average,0,1,Suboptimal
4017,29,19,Diploma,Marketing,Medium,41,89,50,42,2235,Medium,Low,2,7,Critical,2,65,71,Poor,0,1,Reassignment Required
4018,32,9,Master,Finance,Low,46,80,59,49,8762,Medium,Low,27,2,Critical,3,73,78,Excellent,0,3,Suboptimal
4019,54,11,Diploma,HR,High,71,61,52,64,8931,Medium,Low,21,9,Medium,2,62,99,Good,0,1,Reassignment Required
4020,59,4,Master,Finance,High,88,79,67,60,3403,High,High,7,2,High,6,84,82,Poor,5,1,Suboptimal
4021,48,8,PhD,Marketing,High,58,78,58,93,7021,Medium,Expert,23,5,High,8,93,77,Good,0,1,Suboptimal
4022,41,22,Diploma,HR,Low,51,80,61,79,8420,High,Medium,25,4,Critical,2,65,92,Average,4,3,Suboptimal
4023,33,7,Bachelor,Marketing,Medium,48,80,91,48,7734,Low,Low,21,3,Critical,3,99,80,Poor,4,3,Suboptimal
4024,52,15,Diploma,IT,Expert,66,50,74,63,9453,Medium,Medium,6,9,Low,3,60,86,Average,3,2,Optimal
4025,48,13,Bachelor,HR,High,53,43,78,71,3369,Low,Medium,26,7,Critical,3,67,89,Good,1,0,Reassignment Required
4026,53,26,Master,Finance,Low,41,46,62,42,3467,Low,Expert,12,5,High,7,76,80,Excellent,0,4,Reassignment Required
4027,31,24,PhD,IT,Medium,60,60,33,97,5427,Medium,High,16,4,Medium,6,72,80,Average,5,1,Optimal
4028,24,12,PhD,Operations,Medium,43,46,47,72,2259,Medium,Medium,11,7,High,4,78,85,Poor,1,0,Optimal
4029,48,22,Bachelor,Finance,Expert,99,43,99,82,3054,Low,Expert,22,7,Medium,6,94,76,Poor,4,0,Optimal
4030,56,20,Master,Marketing,High,90,51,93,84,1533,Low,Medium,17,6,Critical,3,92,91,Good,2,3,Optimal
4031,52,12,PhD,Finance,Low,60,97,57,51,3119,Low,Low,10,4,Low,6,92,70,Poor,5,3,Optimal
4032,36,4,Master,Operations,Medium,87,66,87,68,2523,High,Expert,23,11,Medium,8,98,92,Good,0,0,Reassignment Required
4033,37,15,Bachelor,Finance,Low,61,98,85,60,4457,Low,High,16,10,High,5,97,99,Average,5,3,Optimal
4034,34,25,Bachelor,IT,Medium,88,56,49,78,3589,High,High,16,7,Critical,8,97,84,Excellent,3,2,Reassignment Required
4035,56,10,Diploma,R&D,High,41,59,63,73,5419,Medium,Low,15,6,Medium,8,68,87,Average,1,2,Reassignment Required
4036,32,21,PhD,Finance,High,56,70,39,72,8092,Low,Low,26,8,Low,5,96,97,Average,3,4,Suboptimal
4037,42,4,PhD,HR,Expert,58,65,51,71,7744,Medium,Medium,15,2,Low,4,60,98,Good,0,4,Suboptimal
4038,32,12,Diploma,Operations,Medium,79,70,34,59,2940,Low,Expert,23,8,Low,8,95,83,Excellent,1,4,Suboptimal
4039,51,27,Bachelor,Finance,Low,63,74,73,42,4736,Medium,Expert,20,2,Critical,6,97,82,Average,5,1,Optimal
4040,56,10,Bachelor,Operations,Medium,59,48,38,43,1072,Low,Expert,4,10,Medium,8,61,93,Good,5,2,Optimal
4041,43,24,Bachelor,R&D,Low,77,44,72,56,3887,High,Expert,27,7,Medium,8,69,71,Average,1,1,Suboptimal
4042,59,18,Bachelor,IT,Expert,51,91,33,89,6357,Medium,Medium,22,8,Critical,7,82,89,Average,5,2,Optimal
4043,52,2,Master,HR,Medium,64,87,71,56,2345,Medium,Expert,3,8,Medium,8,68,91,Poor,0,0,Suboptimal
4044,35,14,PhD,Marketing,High,62,47,94,58,3006,Low,Expert,14,2,Critical,6,70,93,Average,2,1,Reassignment Required
4045,45,6,PhD,Finance,Low,89,60,70,43,9602,High,High,10,3,Low,5,95,97,Excellent,0,4,Reassignment Required
4046,53,6,Bachelor,IT,High,98,55,93,68,2819,High,High,6,11,Medium,3,97,80,Average,3,2,Reassignment Required
4047,57,5,Bachelor,Operations,Expert,73,90,84,56,7794,High,Medium,27,4,Low,2,94,88,Good,4,4,Reassignment Required
4048,53,2,Bachelor,R&D,Expert,71,55,47,61,8213,Low,Low,11,9,Critical,3,72,97,Poor,4,3,Suboptimal
4049,36,29,PhD,Operations,Low,90,57,45,41,4092,Medium,High,4,10,Low,4,78,91,Good,4,2,Reassignment Required
4050,56,12,PhD,R&D,Medium,63,86,75,81,6289,Low,Low,10,9,High,2,94,99,Excellent,1,2,Reassignment Required
4051,24,6,Bachelor,R&D,High,81,95,65,51,3591,High,Medium,16,7,Critical,3,89,75,Average,1,4,Optimal
4052,37,4,Master,IT,High,64,67,95,84,8583,High,High,24,3,High,6,77,86,Average,0,4,Reassignment Required
4053,26,22,Diploma,Finance,Low,42,57,73,50,3502,Medium,High,21,3,Critical,7,71,91,Poor,1,4,Reassignment Required
4054,42,17,Diploma,Marketing,Low,64,53,34,92,9853,Low,Medium,29,11,Low,8,71,70,Average,5,2,Suboptimal
4055,31,21,Diploma,Finance,Low,67,95,58,79,4092,Low,Expert,8,8,Low,9,80,94,Good,3,0,Optimal
4056,40,29,PhD,HR,Expert,51,87,33,99,8061,High,Medium,9,10,Low,9,71,89,Good,5,3,Optimal
4057,46,7,PhD,Finance,Expert,65,76,78,68,2673,Medium,Low,4,7,High,6,87,74,Poor,0,4,Optimal
4058,25,16,Diploma,R&D,High,87,79,37,59,7002,Medium,Low,17,2,Low,5,88,70,Average,3,0,Optimal
4059,50,19,Diploma,R&D,Medium,83,55,81,44,8308,High,Expert,10,10,High,6,98,82,Poor,4,4,Suboptimal
4060,40,26,Master,HR,Low,47,60,98,64,7659,Low,Medium,23,8,High,6,63,70,Excellent,3,2,Suboptimal
4061,23,0,PhD,Operations,Expert,44,40,50,73,1499,Low,Medium,13,4,Medium,4,90,81,Average,5,0,Suboptimal
4062,31,13,PhD,R&D,Medium,50,99,56,51,1325,Medium,Expert,23,3,Medium,8,83,78,Average,4,2,Reassignment Required
4063,46,16,Diploma,HR,Low,81,50,67,67,7033,Medium,Medium,21,4,Medium,7,77,91,Average,1,1,Optimal
4064,41,9,Master,R&D,Medium,74,50,34,73,1887,High,High,21,3,Critical,2,85,98,Excellent,0,4,Optimal
4065,40,11,Master,Marketing,Low,66,41,90,45,4673,Medium,Medium,17,11,High,3,79,95,Excellent,2,3,Suboptimal
4066,44,15,Diploma,R&D,Medium,94,71,37,93,8935,Low,High,19,3,Low,3,67,99,Excellent,3,0,Optimal
4067,45,13,Diploma,IT,High,80,93,47,58,1928,Low,Medium,17,5,Medium,4,92,82,Good,0,1,Reassignment Required
4068,32,29,PhD,HR,Low,83,58,33,51,5403,Medium,High,23,7,Critical,2,63,79,Poor,5,4,Optimal
4069,55,26,Diploma,Finance,Low,77,95,33,64,6426,High,Low,21,4,High,8,97,85,Good,2,1,Reassignment Required
4070,49,15,Bachelor,HR,High,58,44,66,52,8990,Low,Expert,28,10,Critical,6,81,75,Excellent,0,0,Optimal
4071,26,7,Master,Operations,Low,87,42,44,56,1624,Low,Low,4,6,Low,9,95,90,Good,2,3,Optimal
4072,26,22,Diploma,R&D,Low,92,67,67,51,5344,High,High,23,6,Medium,9,90,91,Good,0,0,Suboptimal
4073,42,27,Bachelor,HR,Expert,94,65,56,42,3371,Medium,Expert,25,8,High,7,67,99,Poor,4,3,Reassignment Required
4074,33,9,Master,Marketing,High,95,62,77,63,5699,Low,Low,6,10,Critical,8,68,77,Excellent,2,2,Optimal
4075,25,28,Bachelor,HR,Expert,71,69,75,47,9250,Low,Low,14,2,Medium,4,77,92,Good,0,4,Optimal
4076,41,16,Bachelor,Marketing,High,85,47,75,87,6116,High,High,9,10,Medium,6,94,76,Good,2,1,Suboptimal
4077,59,26,Diploma,R&D,Medium,67,75,77,75,7237,Medium,Medium,6,3,High,3,83,94,Average,4,2,Reassignment Required
4078,46,29,Master,Finance,High,75,68,88,95,9878,High,Medium,10,4,Medium,4,76,94,Average,2,4,Reassignment Required
4079,35,28,Bachelor,R&D,High,57,52,33,98,8627,High,High,25,6,Critical,7,60,82,Excellent,2,1,Suboptimal
4080,32,17,PhD,Operations,Expert,49,98,48,65,5610,Medium,Low,6,11,High,4,98,94,Good,0,2,Optimal
4081,53,19,Master,IT,Low,71,64,86,84,1532,Low,Medium,9,5,High,9,74,86,Excellent,3,4,Reassignment Required
4082,32,15,PhD,Finance,High,57,61,48,47,5497,High,Medium,13,6,Medium,4,72,81,Poor,4,4,Suboptimal
4083,39,16,Diploma,Finance,Low,51,85,71,71,4852,Low,Low,16,11,Low,8,82,96,Excellent,5,2,Suboptimal
4084,48,15,PhD,IT,High,90,72,34,71,4404,Low,High,16,6,Low,9,88,80,Excellent,0,0,Suboptimal
4085,39,18,Master,HR,Expert,47,76,77,40,3768,Low,High,19,6,Low,3,90,75,Good,1,3,Suboptimal
4086,44,23,Bachelor,R&D,High,72,92,54,42,3655,Low,Medium,5,11,Critical,7,96,84,Poor,2,3,Suboptimal
4087,32,23,Bachelor,HR,Medium,85,46,96,40,3140,High,High,11,11,High,3,87,74,Excellent,1,0,Optimal
4088,42,7,Master,HR,High,94,62,55,54,8724,Medium,Low,21,11,Medium,5,91,85,Average,5,4,Reassignment Required
4089,26,5,Bachelor,R&D,High,77,45,91,89,1573,Low,High,15,6,Low,9,66,93,Poor,0,1,Suboptimal
4090,44,5,PhD,Operations,Low,53,54,36,59,2565,Low,Expert,29,3,Medium,9,73,80,Good,5,0,Optimal
4091,46,20,Bachelor,Finance,Low,41,54,73,42,1436,Low,High,26,2,Low,7,73,79,Average,5,4,Optimal
4092,31,28,Bachelor,Marketing,Medium,48,79,56,54,4589,Medium,High,8,11,Low,3,91,98,Poor,3,2,Suboptimal
4093,43,8,PhD,IT,High,83,73,71,98,2398,Low,High,15,9,Medium,7,68,77,Good,4,2,Reassignment Required
4094,40,3,PhD,Finance,Low,44,53,85,93,8691,Medium,Expert,11,4,Critical,3,65,93,Good,0,4,Suboptimal
4095,22,25,PhD,HR,High,73,68,32,99,4266,High,Low,29,8,Medium,6,74,74,Poor,3,2,Suboptimal
4096,28,11,Diploma,IT,Expert,58,55,42,99,7408,Medium,High,13,9,Medium,9,89,79,Poor,5,3,Reassignment Required
4097,25,27,PhD,Marketing,Expert,46,68,99,76,4497,Low,Medium,27,7,Critical,9,89,96,Poor,0,0,Suboptimal
4098,22,11,PhD,Finance,Medium,78,62,88,60,5956,High,High,23,7,Critical,9,75,79,Good,5,3,Optimal
4099,36,22,Diploma,Finance,Expert,81,49,67,81,2974,Medium,Expert,2,4,Medium,3,82,70,Average,3,4,Optimal
4100,33,16,Bachelor,Operations,Low,56,86,97,78,6410,Low,Expert,27,10,Critical,7,90,82,Average,1,0,Reassignment Required
4101,43,14,PhD,Finance,Low,65,94,98,62,8742,High,Medium,2,4,Low,2,71,89,Good,3,2,Reassignment Required
4102,43,8,Master,Finance,Medium,85,43,30,96,3534,High,Expert,23,6,Critical,6,80,92,Poor,4,0,Suboptimal
4103,38,6,PhD,Marketing,High,66,51,79,79,8573,Medium,Expert,26,7,Medium,7,62,87,Good,1,0,Optimal
4104,50,9,PhD,Marketing,Low,82,81,38,74,9219,Low,Expert,12,2,Critical,7,62,92,Good,2,2,Optimal
4105,35,15,Diploma,IT,Expert,67,73,82,57,4217,Medium,Low,26,10,High,7,97,74,Good,1,1,Suboptimal
4106,41,11,Master,HR,Low,59,43,39,56,3335,High,Expert,20,8,Critical,5,81,85,Good,1,2,Reassignment Required
4107,54,24,Bachelor,Marketing,Medium,45,59,58,70,5676,High,High,22,2,Low,2,80,75,Average,2,3,Optimal
4108,36,6,Bachelor,IT,Expert,47,67,65,87,7395,Low,Medium,9,7,High,5,75,91,Poor,1,1,Optimal
4109,33,17,Master,Finance,Expert,71,67,56,65,8329,High,High,26,8,Low,4,77,90,Good,1,3,Suboptimal
4110,41,14,PhD,IT,Expert,58,45,47,61,3157,Low,High,27,6,Low,8,63,79,Good,5,4,Reassignment Required
4111,51,5,Diploma,IT,Medium,71,53,47,84,3691,Medium,Medium,20,6,High,4,79,76,Poor,2,3,Suboptimal
4112,59,25,Master,IT,Medium,58,94,38,75,7541,High,Low,15,8,Low,4,72,89,Poor,5,0,Optimal
4113,24,11,Master,R&D,High,63,74,96,74,4342,High,Low,7,4,High,9,90,98,Good,2,4,Suboptimal
4114,49,10,Bachelor,IT,High,63,86,36,50,2555,Low,Expert,25,4,Low,8,61,85,Good,4,1,Suboptimal
4115,47,19,Diploma,Marketing,High,95,97,87,66,1275,Low,Low,14,2,Medium,3,89,70,Poor,1,3,Reassignment Required
4116,51,2,Master,R&D,Medium,56,40,59,73,3736,Medium,Low,17,9,Low,8,90,94,Poor,1,4,Suboptimal
4117,34,1,Diploma,HR,Expert,95,58,90,57,4089,Low,Expert,26,3,High,3,87,76,Average,1,3,Optimal
4118,34,5,PhD,IT,Expert,95,96,46,66,8578,High,Low,27,4,Medium,9,68,94,Good,4,0,Optimal
4119,23,23,Bachelor,Operations,Low,57,40,82,43,8968,Medium,Low,2,8,Medium,6,70,81,Excellent,5,0,Reassignment Required
4120,58,21,PhD,Finance,High,51,52,35,56,3172,Medium,Expert,29,11,Critical,2,94,96,Poor,1,1,Suboptimal
4121,59,24,Diploma,Finance,Expert,80,47,68,45,1152,Medium,High,9,11,Critical,8,96,94,Poor,2,2,Reassignment Required
4122,23,29,PhD,R&D,Expert,62,57,54,81,2604,Low,High,13,9,Critical,2,76,92,Average,2,2,Suboptimal
4123,57,4,Bachelor,Finance,Expert,95,93,71,50,7801,Low,Medium,5,10,Medium,7,85,84,Average,2,0,Reassignment Required
4124,47,17,Diploma,Finance,Expert,87,74,71,44,8724,High,Low,4,9,Critical,4,63,71,Excellent,2,4,Suboptimal
4125,32,15,Master,R&D,Medium,57,62,88,97,2826,Medium,Expert,23,8,Medium,4,92,96,Poor,5,1,Reassignment Required
4126,29,7,PhD,Finance,High,55,89,67,96,9438,Medium,Expert,21,11,Critical,7,76,87,Good,5,3,Suboptimal
4127,43,24,Bachelor,IT,Expert,55,91,60,57,6509,Medium,Low,1,2,Low,3,67,73,Good,5,3,Optimal
4128,41,29,Master,HR,Expert,75,65,58,96,2370,High,Low,9,2,Critical,5,85,94,Good,3,4,Suboptimal
4129,29,25,Bachelor,R&D,Expert,62,80,38,64,6322,Low,Expert,24,9,High,7,79,82,Average,2,2,Suboptimal
4130,50,19,Diploma,Operations,Expert,61,77,30,49,6128,Medium,Expert,16,8,Critical,9,97,92,Excellent,4,0,Suboptimal
4131,47,21,Diploma,R&D,Low,78,59,76,80,6811,Low,Expert,19,3,Medium,8,92,78,Excellent,5,0,Reassignment Required
4132,51,10,PhD,Marketing,Expert,72,41,39,55,2691,Low,Medium,26,10,High,2,99,73,Excellent,5,1,Optimal
4133,38,9,Bachelor,Operations,Expert,63,65,45,49,7674,Low,High,3,11,High,2,76,78,Poor,3,0,Reassignment Required
4134,41,23,Bachelor,Marketing,Expert,94,96,76,49,4390,Low,Expert,3,8,Medium,5,68,92,Poor,5,2,Optimal
4135,37,24,Bachelor,R&D,Low,59,75,72,75,3398,Low,High,7,10,High,2,79,93,Excellent,1,2,Reassignment Required
4136,28,11,Diploma,Marketing,Medium,72,64,53,60,1036,High,Low,18,2,High,2,67,70,Excellent,2,4,Suboptimal
4137,37,20,PhD,Operations,Low,70,69,37,95,2627,Low,High,25,4,High,8,65,94,Excellent,5,1,Suboptimal
4138,48,27,Bachelor,IT,Expert,79,57,55,53,3339,Medium,High,20,11,Critical,9,68,97,Average,1,1,Reassignment Required
4139,44,5,Bachelor,R&D,Medium,97,46,36,47,7160,Medium,High,7,3,High,3,70,77,Excellent,2,0,Suboptimal
4140,45,26,Master,R&D,Expert,94,66,44,40,2371,Medium,Low,24,7,Low,2,64,70,Good,2,3,Reassignment Required
4141,30,19,Bachelor,Finance,Medium,47,50,77,55,1676,High,High,16,11,Low,4,67,99,Poor,5,1,Reassignment Required
4142,56,4,PhD,R&D,Expert,49,76,32,65,6072,Low,High,21,5,Critical,4,94,98,Good,3,0,Optimal
4143,41,22,Master,R&D,Expert,40,47,45,88,1252,Medium,Medium,24,3,Critical,6,84,85,Poor,2,3,Suboptimal
4144,58,8,Master,IT,Medium,60,50,43,81,3864,Medium,Low,4,3,Low,3,95,93,Average,2,0,Suboptimal
4145,38,25,Master,Finance,Medium,64,63,32,45,2616,Medium,High,13,7,High,3,98,84,Average,0,4,Suboptimal
4146,52,26,Diploma,HR,Expert,71,69,99,78,3231,Low,Low,10,10,Low,9,65,84,Good,4,1,Reassignment Required
4147,29,28,Master,Marketing,Low,92,69,60,89,7433,Medium,Expert,2,7,Medium,9,83,74,Average,4,0,Optimal
4148,36,15,Bachelor,Operations,Low,85,91,46,41,1760,Low,High,19,5,High,9,80,88,Poor,1,4,Suboptimal
4149,52,21,Diploma,HR,Low,85,91,78,92,4286,Medium,Low,14,10,Low,4,95,93,Average,1,0,Reassignment Required
4150,51,13,Diploma,Finance,Low,49,54,32,48,7301,Medium,High,6,3,Low,3,77,80,Good,3,2,Suboptimal
4151,41,21,Diploma,IT,Medium,99,95,84,44,8066,Low,High,26,7,High,9,60,96,Average,1,0,Optimal
4152,33,7,Diploma,Operations,Medium,90,74,69,79,7834,Medium,Expert,13,8,High,8,88,88,Excellent,0,2,Reassignment Required
4153,38,26,Diploma,Marketing,Low,96,78,95,95,1392,High,Medium,22,4,High,3,76,93,Poor,1,1,Reassignment Required
4154,51,19,Diploma,R&D,High,87,63,69,44,9622,Low,Low,28,5,Critical,6,64,90,Average,2,0,Reassignment Required
4155,50,18,Diploma,R&D,High,48,47,59,95,1996,Medium,High,12,8,Medium,9,65,93,Poor,1,4,Reassignment Required
4156,40,13,Master,HR,High,59,82,54,86,8148,High,Expert,12,10,Critical,5,67,72,Good,5,1,Optimal
4157,32,6,PhD,Marketing,Expert,87,81,36,47,2100,High,Expert,23,6,Low,7,84,95,Excellent,1,1,Reassignment Required
4158,55,4,Bachelor,Finance,Low,59,59,79,44,9293,Low,Medium,12,3,Medium,2,78,91,Poor,2,2,Reassignment Required
4159,28,17,Bachelor,Marketing,Expert,98,80,30,44,3260,Medium,Medium,11,9,Critical,6,98,97,Excellent,0,1,Reassignment Required
4160,55,1,Master,IT,Medium,79,86,73,91,3180,Low,Expert,14,10,Low,8,68,91,Excellent,4,0,Optimal
4161,41,10,Master,HR,Medium,46,65,78,56,6316,High,Expert,4,3,High,5,87,73,Excellent,0,0,Suboptimal
4162,59,21,Diploma,HR,High,50,91,36,48,2780,High,Low,13,11,Low,2,90,90,Average,0,2,Suboptimal
4163,45,7,PhD,IT,High,60,63,32,73,7433,Low,Low,8,11,High,4,60,85,Average,3,0,Optimal
4164,31,0,Diploma,Marketing,Medium,77,61,30,72,5008,Low,Expert,24,2,Critical,5,69,81,Good,3,2,Optimal
4165,53,26,Master,IT,High,86,44,80,61,8373,Medium,Expert,27,5,Low,9,81,97,Average,2,3,Reassignment Required
4166,36,21,Diploma,Operations,High,58,54,67,60,4286,High,Medium,23,2,Medium,9,60,76,Good,3,2,Optimal
4167,58,11,Bachelor,IT,Medium,85,75,72,82,5517,Low,Low,3,2,Low,9,72,70,Good,5,4,Suboptimal
4168,41,1,Bachelor,Marketing,Expert,54,76,84,54,3628,High,Expert,14,6,High,2,73,93,Excellent,4,4,Suboptimal
4169,24,17,Diploma,IT,High,45,68,86,40,1538,Low,Low,19,8,Critical,6,82,80,Poor,2,0,Suboptimal
4170,58,6,PhD,Finance,Expert,95,54,82,46,2780,Medium,Low,18,4,Medium,2,98,84,Average,5,3,Optimal
4171,29,25,Diploma,R&D,High,49,66,62,62,7605,High,Expert,11,8,Medium,3,87,88,Poor,3,4,Optimal
4172,44,16,Diploma,IT,Low,85,88,91,90,3348,Medium,Expert,13,6,Critical,7,88,92,Good,1,4,Reassignment Required
4173,32,21,PhD,R&D,Expert,55,94,40,95,6407,Medium,High,23,11,Critical,9,99,84,Good,5,4,Reassignment Required
4174,29,29,PhD,IT,Expert,84,47,81,86,8169,High,Low,6,9,Low,2,92,78,Good,3,0,Reassignment Required
4175,50,22,PhD,Marketing,High,50,99,30,45,2960,Low,Low,28,8,Low,4,61,82,Excellent,4,1,Reassignment Required
4176,51,13,Bachelor,Operations,Expert,96,96,43,59,4091,Medium,Medium,23,2,Medium,6,92,87,Poor,3,1,Reassignment Required
4177,31,23,Diploma,Operations,Low,74,68,50,97,8097,Medium,Medium,18,2,Low,8,83,98,Excellent,2,1,Optimal
4178,49,6,Master,R&D,Medium,47,58,63,65,4562,High,Medium,20,8,High,5,71,95,Poor,5,0,Suboptimal
4179,57,21,PhD,Marketing,Low,67,70,43,81,6081,High,Low,1,7,High,9,99,95,Excellent,1,1,Reassignment Required
4180,34,24,PhD,Marketing,Medium,42,48,69,51,5901,High,Expert,2,10,Low,9,87,92,Good,5,2,Reassignment Required
4181,53,28,Diploma,Marketing,Low,41,49,64,52,3304,Medium,Expert,7,9,Medium,2,94,86,Average,2,0,Suboptimal
4182,57,2,Master,Finance,Low,92,76,71,86,3485,Low,Expert,5,7,Low,6,69,74,Excellent,1,0,Suboptimal
4183,58,26,Diploma,HR,Expert,53,49,49,90,8928,Low,Low,26,7,Critical,4,93,96,Excellent,5,3,Suboptimal
4184,47,5,Diploma,IT,Low,91,93,89,88,9175,High,Expert,19,10,Critical,8,64,85,Average,1,4,Suboptimal
4185,43,19,PhD,Marketing,High,68,72,38,52,1648,Medium,Medium,2,5,Medium,7,77,76,Average,4,3,Optimal
4186,25,1,PhD,Marketing,High,92,64,62,41,8890,Medium,Expert,3,10,Medium,5,65,99,Excellent,5,1,Suboptimal
4187,52,16,Bachelor,Marketing,High,93,96,78,71,4815,Medium,Expert,20,9,Critical,8,70,90,Good,0,0,Reassignment Required
4188,39,11,Master,Operations,High,86,93,97,89,7279,High,Medium,10,4,Critical,2,60,74,Good,4,0,Suboptimal
4189,59,11,Master,Marketing,Expert,42,95,33,70,3632,Medium,High,10,5,High,4,82,91,Average,0,1,Reassignment Required
4190,45,29,PhD,IT,High,40,43,77,50,8903,Medium,High,21,8,Low,3,63,95,Excellent,5,4,Optimal
4191,44,16,PhD,Marketing,Low,54,92,45,76,2268,Low,High,8,4,Medium,6,66,95,Poor,0,3,Reassignment Required
4192,43,26,PhD,IT,High,59,44,76,43,2773,High,Low,9,4,Critical,6,76,80,Average,5,4,Optimal
4193,23,9,Master,Finance,Expert,61,62,55,73,8020,High,Low,2,9,Medium,2,70,85,Poor,4,1,Reassignment Required
4194,52,2,Bachelor,HR,Medium,73,78,99,98,4627,High,Medium,28,6,Critical,4,86,99,Average,3,3,Optimal
4195,32,19,Master,Operations,Low,89,94,66,55,2166,Medium,High,3,6,Medium,5,71,99,Excellent,4,3,Suboptimal
4196,49,17,PhD,IT,Low,72,44,51,70,3548,Medium,Low,16,9,Medium,9,93,96,Good,2,4,Optimal
4197,53,12,PhD,R&D,Expert,48,91,36,64,2550,Low,Expert,4,7,High,5,67,91,Average,2,4,Suboptimal
4198,26,11,Bachelor,Finance,Medium,42,47,71,78,3140,High,High,23,6,High,5,82,95,Poor,2,0,Optimal
4199,59,26,Diploma,HR,High,41,56,59,47,6502,Medium,High,6,2,High,5,85,82,Excellent,2,0,Suboptimal
4200,31,26,Diploma,HR,Medium,43,40,35,47,7008,Low,Low,13,6,High,2,93,71,Excellent,0,4,Optimal
4201,45,29,Master,HR,Low,55,93,53,73,7422,Medium,High,6,9,High,2,91,81,Excellent,0,1,Reassignment Required
4202,56,26,Diploma,IT,Low,93,89,95,54,6846,Medium,Medium,10,10,Critical,8,65,81,Poor,4,4,Reassignment Required
4203,44,16,Diploma,Finance,Low,72,51,69,44,4520,High,Medium,23,7,Low,6,60,79,Average,1,0,Reassignment Required
4204,38,3,Master,Marketing,Medium,48,74,44,58,8928,High,Low,17,11,Critical,8,63,96,Good,1,3,Suboptimal
4205,22,22,PhD,R&D,High,96,91,82,49,8125,Medium,High,8,4,Low,4,84,95,Good,5,1,Reassignment Required
4206,52,9,Diploma,Finance,Low,79,53,34,48,9812,Medium,Medium,9,9,High,3,67,82,Poor,0,0,Reassignment Required
4207,52,10,PhD,Finance,Expert,77,87,65,96,6407,Medium,High,2,6,Medium,2,99,81,Good,3,1,Optimal
4208,55,5,Master,Finance,High,91,57,75,93,3523,Medium,Medium,17,3,Medium,8,79,94,Average,0,1,Reassignment Required
4209,30,5,PhD,IT,Low,57,49,52,68,5767,Medium,Medium,20,2,Low,9,73,88,Poor,3,3,Suboptimal
4210,43,26,PhD,R&D,High,55,94,74,91,9362,High,High,11,9,Low,5,92,86,Poor,1,0,Suboptimal
4211,34,8,Master,IT,Expert,47,54,39,79,6644,High,Low,18,3,Critical,3,62,96,Average,0,4,Optimal
4212,46,29,PhD,R&D,Medium,62,81,83,76,3419,Medium,Low,22,4,Low,8,74,85,Excellent,5,1,Suboptimal
4213,39,14,Diploma,R&D,Low,99,72,99,58,7077,Medium,Low,3,10,Critical,6,86,86,Average,4,1,Suboptimal
4214,33,1,Diploma,IT,Expert,75,58,61,52,8677,High,High,9,2,High,5,78,94,Average,2,3,Optimal
4215,38,3,Diploma,R&D,Low,42,73,72,98,1938,Medium,High,8,9,Medium,9,60,75,Good,1,0,Reassignment Required
4216,36,4,Diploma,Finance,Low,54,84,44,85,5930,High,High,29,3,Medium,7,94,92,Good,0,1,Optimal
4217,36,16,PhD,IT,Medium,77,64,95,79,7352,High,Low,7,9,Critical,9,92,87,Good,0,1,Optimal
4218,36,7,Diploma,R&D,Medium,72,55,44,55,7943,High,High,27,3,Low,4,76,80,Excellent,2,2,Reassignment Required
4219,34,7,PhD,HR,High,57,47,49,69,8611,High,Low,7,8,Critical,3,72,99,Average,1,2,Optimal
4220,38,21,Bachelor,IT,Expert,62,74,79,99,9064,Low,Medium,23,4,Low,9,71,81,Good,4,1,Suboptimal
4221,53,11,PhD,Operations,Expert,82,60,35,93,4177,Medium,Low,21,5,Low,6,98,86,Excellent,4,3,Optimal
4222,30,20,Diploma,IT,Medium,42,58,46,44,6351,Medium,Low,8,2,Low,8,85,71,Good,4,4,Reassignment Required
4223,41,7,Bachelor,IT,Low,69,85,55,72,6100,Medium,Expert,20,11,Critical,9,86,82,Average,1,2,Reassignment Required
4224,47,18,Master,IT,High,84,50,51,58,4796,High,Expert,5,2,High,2,83,88,Average,5,2,Optimal
4225,48,2,PhD,R&D,Medium,56,83,93,94,3884,High,Low,3,11,Medium,4,76,88,Average,4,0,Reassignment Required
4226,42,17,Diploma,IT,High,89,50,87,58,2272,High,Expert,19,9,Critical,5,70,93,Poor,3,4,Optimal
4227,39,20,Diploma,Operations,High,97,99,66,56,7407,Medium,High,2,9,High,3,81,73,Average,0,2,Suboptimal
4228,34,18,Diploma,Marketing,Expert,97,50,57,63,2752,High,Expert,14,3,Medium,6,67,70,Average,3,4,Suboptimal
4229,37,18,Master,IT,High,71,61,78,94,8670,Low,Expert,21,5,Critical,9,91,71,Good,1,4,Reassignment Required
4230,30,14,Bachelor,HR,Expert,85,60,96,92,8430,Medium,Expert,28,3,Critical,3,88,94,Poor,4,0,Reassignment Required
4231,33,5,Bachelor,Operations,Low,96,66,96,67,2691,Low,Low,2,9,High,4,91,87,Good,4,1,Optimal
4232,59,15,Diploma,Marketing,Low,46,57,70,81,9623,Low,Medium,10,8,Critical,8,99,81,Excellent,4,1,Suboptimal
4233,40,7,PhD,R&D,Medium,78,81,75,76,6173,Medium,Medium,20,8,Medium,2,64,78,Excellent,2,2,Reassignment Required
4234,28,15,Diploma,IT,Low,53,87,84,61,4905,Low,Medium,10,11,High,2,72,74,Poor,2,0,Suboptimal
4235,56,17,Diploma,Marketing,Expert,97,79,40,78,7046,Low,Medium,28,4,Critical,8,84,85,Average,5,2,Optimal
4236,39,19,PhD,HR,High,95,77,55,55,7080,High,Medium,17,6,Medium,7,69,73,Poor,4,2,Suboptimal
4237,37,15,Diploma,Operations,High,54,69,42,74,7156,Low,Medium,2,2,Critical,4,85,89,Average,0,1,Optimal
4238,25,10,Master,Operations,Low,83,90,65,66,7814,High,Low,27,11,High,5,85,72,Excellent,2,0,Reassignment Required
4239,46,6,Diploma,R&D,Expert,51,84,93,51,7684,Low,High,1,5,Critical,9,80,87,Excellent,5,4,Reassignment Required
4240,53,16,Master,R&D,High,47,86,80,85,3104,Medium,High,18,5,Medium,3,82,77,Poor,1,1,Reassignment Required
4241,34,16,Diploma,R&D,Low,55,84,51,67,6099,Medium,Medium,4,2,Low,5,71,91,Good,4,2,Reassignment Required
4242,38,11,Bachelor,Marketing,Expert,80,72,89,91,1436,Medium,Expert,1,8,Critical,9,98,94,Excellent,0,2,Optimal
4243,58,12,PhD,IT,Expert,73,60,31,40,5325,Medium,Expert,22,6,Critical,6,84,71,Poor,2,3,Optimal
4244,27,9,Bachelor,Finance,High,85,99,85,78,8008,High,Low,17,2,Medium,5,71,81,Poor,1,0,Reassignment Required
4245,40,6,Diploma,Operations,Medium,63,98,69,97,9813,Low,Medium,3,6,Medium,7,95,70,Excellent,2,4,Reassignment Required
4246,34,13,Diploma,Finance,Medium,95,41,57,57,9826,Low,Medium,2,9,High,4,91,93,Average,5,4,Suboptimal
4247,47,22,Master,Operations,Expert,68,52,32,62,2993,Medium,Expert,18,11,Low,7,77,93,Good,5,2,Optimal
4248,35,0,Diploma,R&D,Expert,55,41,92,61,3675,High,Medium,4,9,High,2,79,90,Good,1,3,Suboptimal
4249,52,16,Diploma,IT,Low,44,96,52,43,6861,High,Medium,25,3,Medium,7,61,87,Average,4,3,Optimal
4250,25,3,Diploma,IT,Expert,44,82,84,87,3340,Medium,Expert,3,2,Medium,4,92,79,Excellent,0,0,Optimal
4251,29,20,Bachelor,Operations,Low,91,84,61,50,4816,Low,High,12,3,Medium,4,76,90,Excellent,3,2,Reassignment Required
4252,46,4,Master,Marketing,Low,69,70,57,57,3281,Medium,High,22,7,Medium,3,95,77,Average,2,2,Reassignment Required
4253,34,19,Bachelor,R&D,Low,92,49,37,94,8463,Low,Low,16,6,High,4,89,99,Excellent,0,2,Suboptimal
4254,53,23,Master,IT,Expert,89,62,32,87,6822,Medium,Expert,28,5,Low,6,68,99,Good,3,0,Reassignment Required
4255,59,22,Bachelor,IT,Expert,89,61,82,46,9728,Low,Low,11,9,Medium,3,90,73,Poor,4,4,Reassignment Required
4256,59,24,Diploma,HR,Low,44,86,58,60,9996,High,Medium,10,6,High,9,98,99,Good,5,1,Reassignment Required
4257,49,6,Bachelor,IT,High,82,68,88,96,7682,Medium,Expert,19,5,High,3,80,87,Good,1,3,Optimal
4258,51,9,Bachelor,HR,Expert,52,72,53,74,9097,Low,High,10,9,High,5,81,72,Good,4,4,Reassignment Required
4259,24,16,Master,IT,Medium,74,70,67,96,1555,Low,Medium,21,2,High,9,76,72,Excellent,0,1,Reassignment Required
4260,49,28,Master,IT,High,88,53,57,76,9067,Low,High,25,10,High,7,62,94,Average,0,4,Optimal
4261,24,29,Bachelor,Marketing,Medium,64,49,91,89,6341,Low,High,3,3,Medium,4,91,98,Excellent,2,4,Suboptimal
4262,55,6,Master,Marketing,Expert,89,57,80,96,6043,High,Low,24,9,Medium,5,92,81,Average,5,4,Reassignment Required
4263,37,0,Master,R&D,High,53,50,36,69,8400,Low,Expert,6,10,Low,5,69,88,Poor,3,4,Reassignment Required
4264,43,6,Master,IT,Expert,83,78,52,56,7029,High,Expert,14,11,Low,7,64,86,Poor,3,2,Optimal
4265,53,25,PhD,R&D,Expert,85,86,75,72,7818,Low,Expert,12,9,Low,9,63,92,Good,2,4,Reassignment Required
4266,59,23,Master,R&D,High,65,42,57,55,3094,High,Low,8,10,Low,3,97,86,Average,5,1,Reassignment Required
4267,29,10,PhD,R&D,Expert,57,41,53,54,4478,High,High,2,5,Critical,5,91,91,Good,4,1,Optimal
4268,29,8,PhD,R&D,High,59,93,36,52,3930,Low,Low,9,3,High,5,97,95,Excellent,3,3,Suboptimal
4269,27,11,Master,Operations,Expert,73,47,78,78,9445,High,Expert,14,4,High,3,79,73,Average,5,0,Optimal
4270,35,2,Bachelor,Operations,Low,46,70,32,42,4520,Medium,Medium,1,9,High,3,68,76,Good,4,1,Reassignment Required
4271,53,3,Master,IT,Medium,86,47,31,63,1058,Low,Expert,3,6,Critical,2,74,92,Excellent,1,1,Suboptimal
4272,56,3,Diploma,Operations,Low,99,82,36,62,4702,Medium,Expert,20,5,High,4,67,76,Poor,0,1,Optimal
4273,31,27,Bachelor,IT,Expert,49,87,50,98,3607,High,High,6,4,High,2,93,99,Good,1,1,Reassignment Required
4274,24,24,PhD,Marketing,Expert,54,41,38,84,6110,High,Expert,27,4,High,7,89,91,Average,2,0,Reassignment Required
4275,33,12,PhD,Finance,Expert,56,61,41,87,9456,Medium,Expert,20,11,High,9,69,76,Average,3,0,Suboptimal
4276,52,22,Bachelor,HR,Low,50,99,53,94,2707,Low,High,13,11,High,8,73,77,Excellent,1,4,Suboptimal
4277,50,18,Bachelor,Operations,Expert,73,44,62,40,3293,Medium,Expert,11,8,Low,3,93,88,Good,0,1,Reassignment Required
4278,26,9,Master,Operations,High,66,46,72,71,3484,High,Expert,15,9,Critical,6,81,90,Poor,3,1,Suboptimal
4279,46,4,PhD,Marketing,Medium,60,59,34,72,3735,Low,High,18,6,Medium,5,72,99,Good,4,3,Reassignment Required
4280,52,6,Diploma,Operations,Expert,70,67,43,99,4455,Medium,Medium,19,9,Low,5,88,95,Good,3,3,Suboptimal
4281,42,23,Master,IT,Expert,89,52,65,87,1937,Medium,High,19,10,Critical,3,88,96,Average,5,3,Optimal
4282,41,15,Bachelor,IT,Medium,96,41,64,69,1877,Low,Expert,6,5,High,5,66,78,Excellent,0,3,Optimal
4283,43,0,PhD,Finance,Medium,43,71,79,41,9738,Medium,Low,15,3,Critical,2,65,93,Average,3,4,Suboptimal
4284,25,11,Bachelor,Finance,Medium,80,65,40,57,3462,Low,Medium,21,6,High,5,94,91,Poor,1,2,Suboptimal
4285,34,1,Bachelor,Finance,Low,98,42,53,98,5493,Low,High,14,3,High,6,96,98,Good,2,3,Reassignment Required
4286,41,6,Bachelor,IT,Low,99,80,73,92,7135,Medium,Medium,5,11,Critical,9,63,78,Poor,1,3,Reassignment Required
4287,34,10,Master,R&D,Expert,88,81,80,96,8981,Low,Medium,11,3,Medium,4,73,83,Excellent,5,0,Reassignment Required
4288,38,28,Diploma,R&D,Medium,56,95,46,94,3215,Low,Low,20,7,High,7,65,95,Excellent,3,1,Optimal
4289,57,29,Diploma,Finance,Expert,88,52,99,69,6726,High,Low,13,11,High,7,76,98,Good,5,4,Optimal
4290,54,12,PhD,Finance,Expert,87,96,37,57,6947,High,Low,13,11,Low,9,83,90,Excellent,4,1,Optimal
4291,22,1,Bachelor,IT,Expert,59,60,57,44,9421,High,Expert,4,2,Critical,7,72,87,Poor,3,2,Suboptimal
4292,36,6,Diploma,Marketing,Low,64,84,41,44,2427,Medium,High,9,3,Critical,8,71,78,Good,5,4,Optimal
4293,34,14,Bachelor,Operations,Medium,79,76,72,47,7287,Medium,Expert,23,6,Critical,2,88,99,Excellent,0,2,Suboptimal
4294,38,24,PhD,HR,Expert,62,62,66,48,2699,Medium,High,29,11,Low,4,83,74,Poor,1,1,Suboptimal
4295,45,10,Bachelor,R&D,Low,54,46,92,71,3145,Medium,Expert,13,6,Critical,4,93,77,Good,1,0,Suboptimal
4296,29,1,Diploma,R&D,High,72,56,92,95,9198,Low,Expert,28,11,Critical,6,73,93,Excellent,3,3,Optimal
4297,48,6,Bachelor,IT,High,58,67,39,53,7958,Low,Low,8,4,High,7,86,73,Average,2,1,Optimal
4298,44,3,Diploma,IT,Expert,96,86,66,52,5272,High,Expert,20,6,Medium,6,64,89,Good,3,4,Suboptimal
4299,29,10,PhD,HR,Expert,54,69,40,57,2823,Low,Low,11,10,Medium,6,99,83,Good,2,3,Optimal
4300,29,28,Bachelor,HR,Medium,80,44,48,43,4984,Medium,High,19,3,Low,6,68,86,Average,3,4,Suboptimal
4301,47,1,Diploma,Finance,Medium,44,63,81,89,9822,Low,Low,1,7,Critical,7,75,90,Excellent,1,2,Suboptimal
4302,34,28,PhD,HR,Expert,55,46,47,61,9461,High,Medium,9,9,Low,2,72,85,Good,5,4,Optimal
4303,58,15,Bachelor,Operations,Low,99,98,61,59,4771,Medium,Medium,25,4,Medium,8,74,78,Poor,2,0,Suboptimal
4304,49,6,PhD,Operations,Expert,84,73,52,54,1500,Low,Expert,2,3,Low,6,95,97,Excellent,0,2,Optimal
4305,46,12,Diploma,R&D,Medium,87,95,41,46,6606,High,Medium,4,2,High,2,84,74,Good,5,1,Optimal
4306,37,4,Bachelor,Operations,Medium,71,89,87,52,8939,Low,High,29,2,High,5,75,74,Poor,2,3,Suboptimal
4307,23,16,Bachelor,Operations,Low,61,81,50,73,6607,High,Expert,4,5,High,9,90,99,Average,4,3,Reassignment Required
4308,39,20,Bachelor,Operations,Expert,82,72,50,80,3750,High,Low,28,7,Critical,4,96,75,Poor,5,0,Optimal
4309,38,11,PhD,Finance,Medium,71,98,58,69,2312,High,Expert,1,8,High,7,92,75,Excellent,0,4,Suboptimal
4310,51,27,PhD,R&D,Expert,52,66,76,44,3153,Medium,Expert,28,9,Low,5,79,77,Average,3,1,Reassignment Required
4311,34,18,Diploma,IT,Medium,77,53,41,40,5736,Low,Medium,18,9,High,8,85,85,Poor,4,4,Reassignment Required
4312,53,6,Master,R&D,High,65,98,87,99,1608,Low,Expert,14,11,Critical,9,94,83,Excellent,0,4,Reassignment Required
4313,50,5,Bachelor,R&D,High,91,58,70,70,6104,Medium,High,13,2,High,5,99,70,Average,3,0,Suboptimal
4314,51,7,Bachelor,R&D,High,56,87,48,98,2663,Medium,Expert,8,9,High,3,66,85,Excellent,2,2,Suboptimal
4315,39,12,Diploma,HR,Medium,44,90,41,90,4294,Low,Low,6,11,Critical,7,90,84,Good,3,2,Reassignment Required
4316,34,4,Bachelor,IT,Low,88,77,52,59,6924,Medium,Low,17,2,Critical,5,76,74,Excellent,1,0,Suboptimal
4317,42,1,PhD,HR,High,72,51,34,58,2997,Medium,Medium,23,4,High,5,67,78,Poor,0,0,Optimal
4318,51,8,PhD,Finance,Medium,66,42,55,93,7022,Low,Expert,11,6,Medium,3,82,72,Excellent,2,0,Reassignment Required
4319,42,29,Bachelor,Finance,Expert,44,46,92,68,4185,High,Low,15,11,High,7,77,96,Excellent,3,4,Reassignment Required
4320,38,10,Bachelor,Marketing,High,76,95,81,84,2531,Medium,Expert,7,11,Low,8,71,76,Average,2,4,Reassignment Required
4321,40,23,PhD,Marketing,Low,46,74,39,77,5216,Low,Expert,22,9,Critical,5,89,76,Excellent,2,1,Reassignment Required
4322,36,5,Bachelor,Finance,Low,87,64,68,49,8384,Low,Low,29,9,High,3,95,85,Excellent,5,0,Suboptimal
4323,30,28,PhD,Finance,Low,57,88,52,68,4706,Low,Expert,27,7,Medium,9,74,97,Good,0,4,Reassignment Required
4324,31,25,Master,HR,Expert,70,54,40,70,8259,Medium,Medium,8,5,High,8,77,97,Good,2,2,Reassignment Required
4325,52,6,Master,Finance,Expert,45,58,77,50,5502,High,Medium,11,5,Low,2,84,95,Average,0,0,Reassignment Required
4326,44,24,Bachelor,IT,Low,41,99,45,62,9867,High,Low,28,9,Critical,9,72,72,Average,2,2,Reassignment Required
4327,51,6,Bachelor,HR,Low,52,58,75,69,6004,Low,High,21,4,Low,4,83,84,Poor,2,3,Optimal
4328,54,18,Bachelor,Finance,Low,81,62,76,64,4544,Medium,High,2,9,Medium,6,76,76,Average,3,1,Reassignment Required
4329,30,5,PhD,HR,Expert,92,50,77,55,4818,Medium,Expert,20,5,Low,5,60,72,Excellent,4,3,Suboptimal
4330,22,10,Master,HR,Expert,91,98,98,97,9087,High,Medium,11,11,Low,8,96,85,Good,0,1,Optimal
4331,56,28,Master,Operations,Medium,50,60,54,96,8082,High,Low,14,10,Critical,2,86,75,Average,1,0,Optimal
4332,32,10,Diploma,Marketing,High,65,91,66,62,4443,Medium,Medium,24,3,Low,4,79,77,Poor,5,1,Reassignment Required
4333,55,6,Diploma,HR,Expert,60,73,92,98,6709,High,High,13,11,Medium,8,77,85,Excellent,0,4,Suboptimal
4334,37,1,Bachelor,R&D,Low,41,78,58,72,2047,Low,High,8,2,Medium,8,68,93,Poor,2,2,Optimal
4335,30,18,PhD,HR,High,79,90,87,90,3660,High,Expert,12,5,Critical,8,69,75,Poor,5,4,Optimal
4336,53,3,Bachelor,R&D,Expert,95,46,60,76,8930,Medium,Low,21,10,Medium,2,84,85,Poor,4,0,Suboptimal
4337,36,25,Master,Operations,High,93,81,97,97,8058,Low,Expert,22,8,Medium,3,60,71,Poor,5,3,Optimal
4338,33,5,Bachelor,Finance,Medium,90,83,70,67,7266,Medium,Medium,9,10,Medium,8,95,70,Excellent,0,2,Reassignment Required
4339,54,16,Bachelor,HR,Expert,59,94,79,66,9955,High,Medium,26,10,Medium,2,77,88,Excellent,2,0,Optimal
4340,35,24,Master,Operations,Low,56,66,73,45,9077,High,High,26,11,Medium,8,74,83,Poor,5,4,Reassignment Required
4341,29,4,Master,IT,Low,55,89,38,77,4408,Low,Expert,10,10,Medium,5,92,88,Excellent,1,4,Suboptimal
4342,29,28,Master,Operations,Medium,96,62,88,76,7301,Low,Medium,11,10,Medium,5,81,92,Average,5,1,Suboptimal
4343,48,27,Master,Marketing,Medium,81,77,56,45,8494,Low,Medium,11,8,High,7,83,73,Excellent,5,1,Optimal
4344,33,29,Diploma,Marketing,Medium,44,97,88,64,2684,Low,Medium,16,9,Medium,6,60,71,Excellent,3,3,Suboptimal
4345,22,6,PhD,Finance,Medium,53,59,32,52,1869,High,Low,18,3,Critical,9,70,71,Poor,3,1,Reassignment Required
4346,32,8,PhD,R&D,Medium,63,66,36,72,6123,Medium,High,21,10,High,6,85,81,Excellent,0,1,Reassignment Required
4347,52,24,Master,Finance,Expert,90,92,45,72,6875,High,Expert,9,3,Medium,5,85,92,Average,0,1,Reassignment Required
4348,38,0,PhD,R&D,Expert,43,99,78,64,8212,High,Medium,3,9,Medium,2,65,93,Excellent,1,3,Optimal
4349,54,0,PhD,R&D,High,91,47,61,53,7727,Low,Low,22,3,Critical,8,92,80,Average,3,0,Reassignment Required
4350,53,18,PhD,R&D,Medium,87,76,73,79,1542,Low,Medium,4,9,Medium,8,73,90,Excellent,2,2,Reassignment Required
4351,50,5,PhD,R&D,Low,63,42,48,80,3203,Medium,Medium,20,4,High,9,83,87,Good,0,0,Suboptimal
4352,42,17,Master,Marketing,Low,86,41,32,94,3935,Medium,High,19,3,High,7,97,88,Excellent,4,0,Optimal
4353,42,9,Bachelor,Marketing,Medium,99,61,89,81,1751,High,Low,10,7,Critical,9,76,86,Average,3,0,Suboptimal
4354,44,27,Bachelor,HR,Medium,48,45,64,77,3111,Medium,Medium,13,7,Medium,9,73,95,Average,2,4,Reassignment Required
4355,27,10,Bachelor,Marketing,Medium,42,78,58,48,9612,Low,High,1,2,Critical,7,78,73,Average,3,2,Reassignment Required
4356,43,0,Diploma,Finance,Medium,94,79,99,57,8276,Low,Low,12,8,Medium,8,67,92,Poor,5,2,Suboptimal
4357,59,0,PhD,Marketing,Medium,48,75,74,54,6699,Low,Medium,11,2,High,8,82,95,Average,1,4,Suboptimal
4358,58,12,Master,Finance,Low,57,83,56,43,1546,High,Expert,24,5,Medium,5,61,81,Excellent,4,4,Suboptimal
4359,29,4,Master,IT,High,75,63,98,73,5961,Medium,High,5,7,Medium,2,62,94,Good,2,1,Reassignment Required
4360,56,19,Diploma,Marketing,Medium,58,51,64,77,3557,Low,Medium,2,9,High,5,72,72,Average,2,4,Suboptimal
4361,32,0,Master,Finance,Medium,63,56,48,56,2571,High,Medium,17,9,High,4,64,85,Poor,0,3,Optimal
4362,45,19,Bachelor,R&D,Medium,43,61,46,46,7584,High,Low,17,11,High,2,77,73,Excellent,1,4,Optimal
4363,42,2,Diploma,Operations,Expert,48,93,64,71,9645,High,Expert,20,8,Medium,3,60,97,Average,1,1,Suboptimal
4364,23,17,Master,R&D,Low,72,58,59,94,3691,Medium,High,15,6,Critical,8,96,75,Poor,2,4,Optimal
4365,40,8,Diploma,HR,Low,40,48,77,62,7960,Medium,Low,4,7,High,3,80,70,Poor,3,3,Optimal
4366,49,13,Diploma,Finance,High,91,51,86,59,5774,Medium,Medium,22,9,Medium,8,78,74,Poor,2,4,Optimal
4367,38,26,Master,R&D,Expert,90,99,46,86,1059,High,High,11,4,Critical,8,97,79,Average,2,0,Suboptimal
4368,27,16,Bachelor,Marketing,Expert,74,71,44,95,7211,High,Medium,23,7,Low,6,93,83,Average,2,2,Optimal
4369,40,22,Master,Marketing,Expert,49,92,43,92,2338,Medium,Medium,1,5,Low,4,61,74,Average,2,3,Optimal
4370,59,13,PhD,IT,High,51,70,43,41,9658,Low,Expert,10,4,Medium,9,79,79,Good,2,3,Reassignment Required
4371,49,28,PhD,Operations,High,57,56,74,60,8001,Medium,Medium,18,4,Medium,3,90,94,Good,2,3,Suboptimal
4372,23,3,Master,Finance,High,53,62,67,51,8948,High,High,15,5,High,8,72,78,Excellent,3,0,Reassignment Required
4373,59,4,Bachelor,R&D,Expert,49,49,92,81,3471,High,Medium,19,7,Medium,5,73,82,Excellent,4,0,Reassignment Required
4374,58,25,PhD,Operations,Low,49,69,40,96,9911,High,High,25,2,Critical,3,97,86,Poor,5,2,Suboptimal
4375,25,20,PhD,IT,Expert,57,58,77,97,9754,High,Expert,4,3,Medium,5,71,88,Good,4,1,Optimal
4376,43,16,Master,HR,High,63,65,55,88,5520,High,Medium,6,5,Critical,4,72,98,Average,0,2,Reassignment Required
4377,47,21,Master,Operations,Expert,40,65,96,66,9101,High,Low,2,11,Critical,9,83,89,Excellent,4,3,Optimal
4378,57,28,Master,IT,Medium,69,50,54,89,2730,Medium,High,13,10,High,7,99,97,Average,3,3,Optimal
4379,34,24,Diploma,Finance,Expert,54,59,90,87,5339,High,Medium,27,9,Critical,7,90,70,Average,2,3,Optimal
4380,53,1,Diploma,HR,Expert,47,93,55,49,8879,High,Low,2,11,Medium,7,73,78,Good,1,2,Suboptimal
4381,38,22,Diploma,Marketing,Low,97,95,63,47,9037,High,High,13,9,Critical,8,89,87,Excellent,3,1,Reassignment Required
4382,57,21,Master,IT,Low,74,84,38,60,8800,High,Low,15,8,Low,6,86,74,Poor,1,1,Reassignment Required
4383,40,4,Bachelor,Marketing,Low,57,43,69,99,4047,High,Medium,29,7,Critical,9,95,83,Excellent,0,2,Suboptimal
4384,56,3,PhD,HR,Medium,80,86,36,96,6225,Low,Expert,18,8,Medium,7,65,98,Excellent,5,3,Optimal
4385,49,3,Diploma,IT,Low,55,51,59,61,2785,Medium,Expert,11,7,High,3,65,88,Excellent,3,2,Optimal
4386,22,5,Bachelor,IT,Medium,60,64,95,52,2962,Medium,Low,5,4,Medium,6,74,84,Good,2,2,Optimal
4387,39,19,Master,HR,High,54,95,59,87,8246,Low,Medium,29,7,Medium,7,83,73,Excellent,2,4,Suboptimal
4388,54,20,Diploma,Finance,Low,44,97,97,79,6965,Low,Medium,25,8,Medium,7,72,73,Poor,5,4,Reassignment Required
4389,33,12,Master,IT,Expert,84,49,87,51,3678,High,High,14,7,Low,4,66,96,Excellent,5,0,Reassignment Required
4390,29,21,Bachelor,HR,Expert,93,61,84,56,7105,Medium,Medium,22,3,High,2,80,87,Average,3,0,Suboptimal
4391,45,4,Diploma,Operations,Medium,91,46,43,87,6307,Medium,Expert,16,7,Low,7,97,96,Poor,3,2,Reassignment Required
4392,37,22,Diploma,Marketing,Low,46,63,66,48,4123,Low,Medium,14,3,Critical,4,97,87,Excellent,2,4,Reassignment Required
4393,25,24,Diploma,IT,Expert,87,41,73,96,4143,Medium,High,9,2,Critical,4,73,77,Good,1,3,Suboptimal
4394,59,25,Diploma,Operations,High,46,71,35,90,3800,Medium,High,6,11,Low,8,62,71,Good,3,0,Reassignment Required
4395,48,22,Bachelor,IT,Low,66,60,55,88,1323,High,Medium,9,11,High,4,94,85,Good,5,3,Optimal
4396,30,6,Diploma,Finance,High,64,46,43,95,3202,High,Medium,29,11,Critical,2,71,83,Average,2,3,Optimal
4397,37,19,PhD,HR,Expert,61,47,37,79,7202,High,High,5,6,High,2,80,95,Average,4,0,Suboptimal
4398,33,0,PhD,IT,Low,87,92,53,51,8442,Medium,High,11,5,Low,4,79,92,Good,3,2,Optimal
4399,52,13,Master,HR,Medium,52,90,68,48,2794,Medium,Low,12,10,Critical,2,86,70,Average,0,4,Optimal
4400,45,23,Diploma,R&D,Expert,56,77,78,69,3342,High,Expert,17,10,Low,9,64,86,Excellent,5,0,Optimal
4401,35,3,PhD,IT,High,80,60,92,45,4045,High,Expert,6,10,Critical,5,70,79,Excellent,0,1,Reassignment Required
4402,46,16,PhD,Finance,Low,83,47,55,64,2307,Medium,Low,20,4,Medium,4,65,85,Good,5,1,Reassignment Required
4403,55,20,PhD,Finance,High,52,96,39,67,2455,Medium,Low,25,11,High,7,64,72,Poor,3,3,Optimal
4404,24,13,Bachelor,Operations,High,65,64,87,49,6391,Low,Expert,6,4,Low,3,81,88,Excellent,2,1,Optimal
4405,45,15,Diploma,Finance,Medium,48,67,43,80,3539,High,High,15,4,Medium,5,60,80,Poor,1,3,Suboptimal
4406,30,13,Bachelor,HR,Medium,44,67,68,67,4618,High,Expert,17,11,Low,4,79,94,Average,3,4,Optimal
4407,47,15,Bachelor,R&D,Expert,78,93,60,68,3378,High,High,22,6,Low,9,83,99,Average,0,0,Suboptimal
4408,41,23,PhD,Finance,Medium,72,70,79,75,3205,Medium,Expert,3,7,High,9,79,84,Excellent,1,0,Optimal
4409,31,19,PhD,IT,Medium,43,91,45,50,2139,Medium,High,19,7,Low,3,88,87,Excellent,4,4,Reassignment Required
4410,40,28,Master,Finance,Expert,67,75,80,60,4591,Low,Expert,23,4,High,9,83,89,Average,1,3,Suboptimal
4411,24,27,Diploma,R&D,Expert,65,64,44,93,5714,Low,Low,2,3,Low,8,67,88,Average,4,2,Optimal
4412,45,7,Diploma,HR,Expert,43,91,67,77,5714,High,Medium,9,7,Critical,7,93,76,Poor,5,1,Suboptimal
4413,26,23,PhD,IT,Expert,55,95,50,65,5667,Low,Medium,9,5,Medium,3,81,75,Excellent,0,4,Optimal
4414,24,2,PhD,Operations,High,76,80,45,57,9457,Medium,Medium,7,10,Critical,9,98,78,Good,4,1,Reassignment Required
4415,48,24,Diploma,Operations,High,61,76,96,43,9293,Low,High,25,3,High,6,92,82,Good,1,2,Suboptimal
4416,37,18,Master,Operations,Expert,75,77,94,83,8854,Low,Medium,16,5,High,9,89,77,Average,0,3,Suboptimal
4417,36,0,PhD,IT,Expert,77,90,42,80,8158,Medium,Expert,27,3,Medium,8,65,87,Good,1,1,Reassignment Required
4418,56,1,Master,Operations,Low,97,51,93,54,4973,High,Medium,6,6,High,6,72,72,Average,3,3,Optimal
4419,33,14,Bachelor,Finance,Low,94,76,90,62,3269,High,High,9,4,Critical,8,78,70,Good,1,2,Reassignment Required
4420,47,21,PhD,IT,Low,74,76,61,80,3483,Low,High,26,5,Medium,3,85,93,Average,3,3,Reassignment Required
4421,55,27,Bachelor,IT,Medium,64,70,41,45,2213,Medium,High,13,10,High,4,76,98,Average,3,2,Suboptimal
4422,44,9,PhD,IT,High,47,57,70,82,5735,Medium,Expert,2,11,High,4,96,87,Good,4,0,Optimal
4423,52,17,Bachelor,Marketing,High,56,65,95,46,5429,Low,High,14,6,High,4,86,73,Excellent,3,1,Suboptimal
4424,41,21,PhD,HR,Low,57,45,37,96,6995,High,Expert,5,10,High,9,83,87,Average,4,1,Suboptimal
4425,33,13,Master,Marketing,Low,89,48,88,85,1569,High,High,11,6,Low,9,73,85,Good,3,2,Suboptimal
4426,44,16,Master,Marketing,High,97,50,54,99,9095,High,Low,15,11,Low,4,62,87,Excellent,5,2,Suboptimal
4427,25,26,Master,Marketing,Medium,96,70,34,87,2545,Medium,High,6,10,Low,9,64,72,Poor,0,4,Reassignment Required
4428,44,12,Bachelor,HR,Low,51,94,74,54,1908,Medium,Medium,28,9,High,3,73,83,Average,4,2,Optimal
4429,22,0,Master,Marketing,Expert,96,85,31,91,5462,Medium,Medium,6,2,Low,7,67,79,Average,1,2,Reassignment Required
4430,46,4,Bachelor,Operations,Low,96,95,71,48,5083,High,Low,16,4,High,2,84,98,Poor,4,3,Suboptimal
4431,23,25,PhD,IT,High,72,41,67,90,4340,Low,High,27,6,Critical,9,74,74,Average,5,3,Suboptimal
4432,51,12,Bachelor,IT,High,62,98,32,69,7947,Medium,Medium,20,4,High,9,96,77,Poor,0,1,Suboptimal
4433,24,26,PhD,Finance,Low,51,68,75,83,8039,Medium,Medium,29,11,Medium,8,62,95,Good,3,3,Reassignment Required
4434,42,24,Diploma,R&D,Low,50,85,51,82,8112,Low,Expert,4,2,Medium,2,70,87,Poor,0,3,Reassignment Required
4435,46,13,Diploma,Operations,Expert,52,96,62,67,3425,High,Expert,5,3,Medium,7,68,99,Excellent,2,1,Optimal
4436,41,23,Diploma,HR,Expert,74,90,61,69,8155,Medium,High,6,3,High,7,63,98,Good,0,0,Optimal
4437,43,2,Bachelor,R&D,Medium,66,81,46,47,7670,High,Low,28,5,Medium,8,74,74,Poor,0,4,Suboptimal
4438,42,14,Diploma,IT,Medium,64,44,85,74,2872,Medium,High,13,7,Medium,9,86,96,Excellent,0,3,Reassignment Required
4439,54,18,Diploma,Marketing,Expert,79,62,32,90,5909,Medium,Expert,14,3,High,4,90,81,Poor,1,0,Reassignment Required
4440,59,16,Diploma,Finance,Medium,42,75,99,74,9397,Low,Expert,24,7,High,6,75,98,Excellent,1,4,Suboptimal
4441,36,29,PhD,Finance,Medium,88,46,78,96,1815,Low,High,28,2,Low,3,91,73,Poor,0,1,Suboptimal
4442,36,2,Master,IT,Low,64,95,84,65,1065,Low,High,13,9,High,2,93,81,Average,2,3,Suboptimal
4443,46,15,Bachelor,Operations,Expert,84,52,60,69,3051,Low,High,10,4,Low,7,65,82,Excellent,2,3,Suboptimal
4444,42,13,Diploma,R&D,Low,49,81,50,74,1002,High,High,17,9,High,3,64,83,Average,4,2,Reassignment Required
4445,45,11,PhD,Finance,Low,56,49,45,77,8426,High,Low,24,4,Critical,6,83,83,Average,0,3,Suboptimal
4446,26,27,Master,IT,Medium,42,75,46,50,1324,High,Medium,18,2,Medium,7,78,88,Excellent,4,3,Optimal
4447,27,11,Master,Operations,Low,84,55,30,59,7134,Low,High,27,5,Critical,3,89,79,Average,3,0,Suboptimal
4448,44,28,Master,IT,High,61,54,94,85,1604,Medium,Medium,7,4,High,6,71,91,Good,2,0,Suboptimal
4449,25,10,PhD,IT,Medium,77,92,95,70,5891,High,Expert,4,9,Critical,7,64,78,Poor,3,3,Suboptimal
4450,48,16,Diploma,Operations,High,53,82,66,73,3582,Low,Medium,24,2,Low,6,87,93,Excellent,3,4,Optimal
4451,39,7,Master,Operations,Medium,66,58,53,51,4122,Low,High,22,10,High,8,98,87,Good,0,1,Reassignment Required
4452,42,16,PhD,Operations,Low,81,60,91,87,8976,Low,Medium,21,10,High,5,93,86,Excellent,2,0,Optimal
4453,49,20,PhD,IT,Medium,59,95,50,67,4114,High,High,16,7,Critical,9,71,93,Poor,4,4,Optimal
4454,56,24,Bachelor,Finance,High,87,74,66,42,1346,Medium,High,10,6,Medium,9,82,74,Excellent,3,3,Reassignment Required
4455,43,22,PhD,HR,Medium,57,54,64,92,4443,High,Expert,26,6,High,7,64,71,Poor,0,2,Optimal
4456,44,19,Master,HR,High,52,87,67,87,3254,Low,High,21,7,Medium,6,99,79,Good,1,0,Reassignment Required
4457,24,10,Master,IT,Expert,81,53,82,81,9302,Low,Expert,20,8,Critical,5,96,70,Excellent,2,0,Suboptimal
4458,31,24,PhD,IT,Low,45,68,44,91,1022,Low,Low,19,9,Critical,7,75,96,Poor,1,2,Reassignment Required
4459,46,24,Master,Finance,High,49,44,71,44,4816,High,High,3,4,Critical,7,68,77,Average,5,3,Optimal
4460,29,1,PhD,Operations,Expert,76,97,33,52,2707,Medium,Expert,19,11,Low,6,92,77,Average,4,0,Suboptimal
4461,32,9,Master,IT,Low,68,88,68,51,7715,High,Expert,23,2,High,8,96,75,Good,4,3,Optimal
4462,26,9,Bachelor,Marketing,Expert,45,57,52,98,7053,Low,High,24,6,Critical,6,92,90,Good,4,4,Suboptimal
4463,58,10,Diploma,Operations,High,78,90,44,40,4815,Low,Medium,13,2,Critical,3,60,74,Good,2,0,Optimal
4464,59,27,Bachelor,IT,Low,50,40,41,91,9938,Low,Expert,8,3,Low,8,96,91,Average,3,3,Suboptimal
4465,50,5,Bachelor,Marketing,Expert,87,66,99,82,1514,High,Low,18,9,High,8,68,90,Poor,0,4,Suboptimal
4466,26,3,Diploma,R&D,High,64,99,83,97,7287,High,Medium,19,4,Medium,5,77,87,Good,5,0,Optimal
4467,30,23,Master,Finance,Expert,83,66,67,58,4039,High,Medium,18,11,High,7,97,76,Poor,3,1,Optimal
4468,23,11,Diploma,Marketing,Low,83,64,57,68,6861,Low,High,22,5,Critical,2,80,73,Poor,2,3,Suboptimal
4469,22,10,PhD,IT,Low,69,80,48,86,3856,High,Expert,27,7,Medium,2,73,92,Good,5,4,Optimal
4470,51,22,Diploma,HR,Low,94,60,98,89,3341,Medium,Low,19,9,Low,9,98,70,Good,1,1,Optimal
4471,32,22,Bachelor,IT,High,59,53,93,87,9516,Medium,Expert,22,2,Low,3,98,91,Average,0,3,Suboptimal
4472,49,26,Diploma,HR,Expert,97,91,33,78,7336,Medium,Low,4,3,Critical,2,65,71,Good,4,0,Reassignment Required
4473,33,25,Master,Finance,Expert,76,92,39,81,4362,High,Expert,13,7,Medium,2,62,88,Average,1,3,Suboptimal
4474,47,24,Bachelor,Finance,High,55,59,41,64,8806,Low,High,12,9,High,6,77,72,Average,5,4,Reassignment Required
4475,34,12,PhD,Operations,Low,70,67,98,55,4490,Low,Low,15,9,Critical,4,96,95,Poor,3,0,Optimal
4476,29,4,Master,Operations,Medium,68,60,36,56,3507,Low,High,26,4,Medium,4,79,70,Average,0,0,Reassignment Required
4477,49,5,Bachelor,HR,Low,45,62,73,67,9148,Low,Expert,15,5,Medium,9,88,99,Poor,4,0,Optimal
4478,51,0,PhD,HR,Medium,68,50,52,78,6167,Low,Low,10,11,Medium,9,95,90,Average,0,2,Suboptimal
4479,30,5,Master,Finance,Low,71,95,31,82,4178,High,Low,22,5,Medium,2,75,82,Good,3,4,Suboptimal
4480,52,17,PhD,Marketing,High,48,41,66,99,8431,Medium,Expert,29,5,Low,3,63,77,Excellent,2,1,Suboptimal
4481,42,21,Diploma,HR,Medium,76,59,98,88,4324,High,High,19,3,Medium,3,73,81,Poor,3,0,Optimal
4482,55,8,Diploma,HR,High,92,63,49,44,2544,Low,Low,21,7,Medium,5,76,99,Good,2,4,Optimal
4483,52,23,PhD,Marketing,Medium,62,94,73,40,6851,High,Low,8,9,Critical,3,94,77,Poor,4,2,Optimal
4484,46,24,Diploma,Operations,Expert,55,64,99,42,9717,High,Low,19,10,Low,3,94,95,Average,3,2,Suboptimal
4485,33,28,PhD,Operations,Medium,57,76,80,87,7172,High,Expert,25,2,Low,6,91,97,Poor,3,0,Optimal
4486,22,14,Master,HR,Medium,58,61,60,63,5633,Low,Medium,9,2,Low,6,69,96,Excellent,3,4,Reassignment Required
4487,43,25,Bachelor,Operations,Medium,83,98,70,68,7286,Low,Expert,29,10,High,7,88,76,Good,3,2,Suboptimal
4488,58,7,PhD,Operations,Expert,41,63,87,54,3265,Low,High,7,5,High,2,71,92,Poor,2,0,Optimal
4489,22,18,Bachelor,R&D,High,97,54,34,43,9904,High,Medium,8,8,Low,7,68,77,Excellent,2,3,Optimal
4490,22,23,Bachelor,Operations,Expert,49,51,62,83,9258,High,Low,9,3,Critical,3,85,98,Good,1,3,Reassignment Required
4491,42,15,PhD,Finance,Medium,51,85,72,40,9952,Medium,Low,17,11,Medium,4,80,93,Excellent,4,3,Suboptimal
4492,36,5,Diploma,IT,Low,85,70,48,88,7287,Medium,Medium,15,2,Medium,3,60,84,Poor,4,1,Reassignment Required
4493,38,28,Master,HR,Expert,57,82,61,95,6260,Low,Low,16,8,Low,8,95,99,Excellent,2,4,Optimal
4494,43,5,Bachelor,HR,Low,58,70,32,54,9656,Medium,Low,7,7,Low,9,78,90,Average,1,3,Optimal
4495,59,21,Master,Finance,Expert,77,92,30,63,5191,Low,Expert,10,4,High,3,65,76,Poor,1,2,Reassignment Required
4496,56,2,Bachelor,IT,Expert,76,69,70,91,5899,Low,Expert,19,11,Low,9,77,81,Good,3,1,Suboptimal
4497,37,9,PhD,IT,Medium,66,80,77,70,2467,High,High,6,5,High,2,96,87,Average,1,3,Optimal
4498,29,0,Diploma,Finance,High,87,59,68,59,5852,Medium,Low,25,2,Low,4,67,73,Poor,4,0,Reassignment Required
4499,38,27,Master,Marketing,High,53,47,34,49,7101,Low,High,12,8,Medium,9,70,75,Average,0,2,Suboptimal
4500,38,13,Bachelor,Marketing,Medium,84,83,40,50,8547,Low,High,15,10,Low,2,64,80,Excellent,2,1,Optimal
4501,47,3,PhD,IT,Expert,92,69,51,57,3760,Medium,Medium,10,2,Medium,3,80,99,Good,3,1,Reassignment Required
4502,34,25,PhD,Marketing,High,73,74,93,73,7421,Medium,Medium,27,3,Low,4,99,79,Average,1,2,Reassignment Required
4503,38,11,Bachelor,Marketing,High,41,60,41,67,2393,Medium,Low,24,3,High,3,80,99,Excellent,2,3,Suboptimal
4504,59,5,Bachelor,Marketing,High,83,86,82,77,4693,Medium,Medium,18,7,Low,9,79,88,Excellent,2,0,Optimal
4505,38,10,Bachelor,IT,Medium,72,79,84,55,6378,Medium,High,4,6,Critical,7,68,87,Good,2,0,Suboptimal
4506,35,11,Diploma,Marketing,Low,58,97,82,63,2699,Medium,Expert,11,7,Medium,2,61,81,Poor,4,0,Suboptimal
4507,27,9,Bachelor,HR,Low,99,67,50,78,2120,Medium,Medium,5,2,Medium,9,63,86,Good,3,1,Optimal
4508,56,17,Bachelor,R&D,Low,99,78,48,94,6329,Low,High,13,7,Medium,8,85,89,Good,0,3,Optimal
4509,35,6,Diploma,IT,Low,66,56,98,90,2571,High,Medium,10,7,Low,2,71,71,Excellent,3,2,Suboptimal
4510,29,6,PhD,Finance,Low,87,51,95,51,1728,Low,Low,22,8,Critical,6,78,99,Good,5,4,Suboptimal
4511,36,10,Bachelor,Marketing,High,69,91,88,89,1615,Low,Medium,29,3,Critical,4,78,88,Good,1,0,Optimal
4512,48,3,Master,Operations,High,46,89,78,81,1370,High,Expert,7,7,High,6,78,81,Poor,5,2,Reassignment Required
4513,34,19,PhD,IT,Expert,66,57,88,46,7767,High,Low,11,10,High,9,88,95,Good,3,2,Reassignment Required
4514,52,0,Master,Finance,High,60,86,52,75,6338,High,Medium,4,10,High,7,98,80,Good,4,0,Optimal
4515,56,12,Bachelor,R&D,Medium,46,94,32,56,5942,Medium,Expert,4,3,Critical,8,93,84,Excellent,0,4,Reassignment Required
4516,27,17,Diploma,HR,Expert,87,67,85,88,2119,Medium,High,5,6,Medium,4,67,80,Poor,3,1,Reassignment Required
4517,26,8,Diploma,Finance,High,64,99,87,43,7331,Medium,Medium,25,8,Medium,9,65,80,Good,1,1,Suboptimal
4518,43,25,Diploma,Marketing,Expert,77,42,91,92,8019,Low,Medium,9,6,High,5,91,91,Poor,3,3,Suboptimal
4519,44,23,Bachelor,Operations,Expert,57,90,47,76,3422,High,High,1,4,High,8,87,79,Poor,4,1,Suboptimal
4520,46,23,Bachelor,Marketing,Low,72,54,90,72,8590,High,High,29,2,Low,4,70,88,Excellent,2,2,Reassignment Required
4521,55,8,Master,Finance,Expert,72,55,66,58,6825,Low,Medium,16,8,Low,8,87,72,Good,4,1,Suboptimal
4522,47,22,Diploma,IT,High,71,61,83,93,7760,Medium,Expert,5,9,Critical,8,91,73,Average,4,3,Reassignment Required
4523,26,28,Bachelor,Operations,Low,97,93,94,65,9902,High,High,5,7,Low,9,67,72,Poor,4,2,Reassignment Required
4524,47,8,PhD,Operations,High,64,88,43,94,5570,Low,High,7,8,High,3,79,84,Excellent,0,2,Suboptimal
4525,41,9,Bachelor,Finance,Low,53,70,34,50,1573,Medium,Expert,8,10,High,4,83,75,Poor,5,4,Optimal
4526,27,27,Bachelor,R&D,High,77,70,91,70,1507,Low,Medium,19,3,High,6,86,78,Average,3,0,Reassignment Required
4527,27,1,PhD,R&D,Low,77,40,30,40,7735,Medium,Low,1,6,Medium,2,70,77,Average,1,0,Reassignment Required
4528,39,5,Diploma,Marketing,Low,43,50,92,79,3222,Low,Medium,18,4,High,2,82,71,Good,2,0,Optimal
4529,25,14,PhD,Finance,Medium,83,45,96,75,8688,Medium,Medium,22,3,Low,9,81,88,Excellent,2,3,Suboptimal
4530,38,2,Diploma,Operations,High,57,62,49,68,2294,Low,Low,11,4,Critical,4,64,84,Average,5,1,Reassignment Required
4531,35,10,PhD,Finance,Expert,49,48,72,64,1787,Low,Medium,22,5,Low,5,93,77,Poor,0,0,Optimal
4532,35,5,Master,Operations,Low,74,91,71,98,5667,Low,Medium,27,3,Medium,2,90,88,Average,1,1,Optimal
4533,34,2,Diploma,Marketing,High,74,55,98,98,3233,Low,High,29,3,Low,7,96,74,Poor,5,0,Optimal
4534,28,23,Bachelor,IT,Low,79,97,68,93,9778,High,Expert,16,9,Low,2,85,81,Excellent,2,4,Suboptimal
4535,36,10,Master,IT,Medium,93,77,91,86,4650,High,Medium,21,4,Medium,8,82,96,Good,1,1,Optimal
4536,40,14,Diploma,Finance,Medium,62,83,77,88,4249,High,Low,11,4,Low,7,97,81,Average,1,3,Suboptimal
4537,56,12,Diploma,Operations,Medium,64,58,35,57,7071,High,Low,21,5,Medium,7,97,97,Excellent,3,3,Optimal
4538,38,19,Diploma,IT,Medium,40,84,71,42,5036,Low,High,9,6,Low,7,91,78,Excellent,0,1,Reassignment Required
4539,56,27,PhD,Operations,Expert,57,52,87,57,9747,High,Medium,27,4,Medium,2,64,87,Average,4,3,Reassignment Required
4540,40,9,Diploma,Marketing,Expert,54,98,72,97,2709,High,Medium,7,7,Critical,5,84,94,Excellent,4,2,Optimal
4541,41,5,Bachelor,Finance,Low,64,71,39,46,6212,Low,Medium,22,11,Critical,6,92,79,Good,5,3,Reassignment Required
4542,57,14,Diploma,Operations,High,71,75,68,67,2510,High,Medium,15,4,Medium,4,66,74,Good,2,4,Suboptimal
4543,56,24,Bachelor,Finance,Medium,92,48,42,56,6903,High,Low,11,9,High,7,75,84,Average,2,4,Optimal
4544,53,17,Bachelor,Operations,Medium,59,85,68,64,9167,Medium,Low,23,5,Medium,9,88,94,Average,0,1,Reassignment Required
4545,45,17,Bachelor,R&D,Expert,56,85,40,57,8552,High,High,19,6,Low,5,74,89,Excellent,3,3,Optimal
4546,38,6,Master,R&D,Expert,96,88,45,91,4506,Medium,Medium,29,4,High,8,79,93,Excellent,2,1,Reassignment Required
4547,28,14,Bachelor,Operations,Medium,50,76,62,79,7078,High,Low,7,6,High,8,81,93,Excellent,5,0,Suboptimal
4548,22,17,PhD,Marketing,High,52,70,89,82,7432,Low,Medium,16,8,High,4,69,88,Average,5,2,Optimal
4549,56,17,Diploma,Finance,Low,64,70,88,42,4633,High,Expert,3,4,Medium,3,67,90,Average,5,1,Reassignment Required
4550,53,19,PhD,HR,Low,59,98,80,64,2461,Low,Expert,16,4,Medium,7,91,79,Poor,5,1,Optimal
4551,57,8,Master,Operations,Low,64,94,44,46,6914,High,Low,8,2,High,4,87,86,Excellent,5,1,Reassignment Required
4552,34,23,Diploma,Operations,Low,81,58,72,86,7352,High,Expert,26,3,Medium,7,68,98,Average,2,1,Optimal
4553,27,1,Bachelor,R&D,High,84,41,56,49,3171,Low,Expert,10,5,Critical,2,90,75,Poor,1,4,Suboptimal
4554,35,7,Diploma,IT,High,88,84,85,83,8928,Low,Low,9,10,Low,5,82,78,Good,0,2,Suboptimal
4555,58,19,Master,R&D,High,70,71,89,83,9594,Low,High,3,4,Low,7,78,97,Poor,4,0,Reassignment Required
4556,36,1,Master,Finance,Expert,92,82,99,90,9475,Low,Expert,7,11,Low,5,91,99,Good,0,2,Suboptimal
4557,25,10,PhD,R&D,Medium,40,73,76,58,7806,Medium,Medium,8,6,Medium,6,69,86,Average,5,1,Suboptimal
4558,37,25,Diploma,HR,High,91,40,37,54,7115,Medium,Expert,3,10,Low,3,79,87,Excellent,4,4,Suboptimal
4559,49,6,Diploma,Marketing,Low,55,60,92,60,9432,Low,High,16,5,Critical,8,94,83,Good,1,0,Optimal
4560,37,5,Diploma,HR,High,87,42,36,60,5656,Medium,High,22,5,Low,8,90,92,Excellent,3,1,Optimal
4561,25,29,PhD,Marketing,Medium,67,66,31,97,9892,High,High,29,7,Critical,6,70,75,Excellent,4,1,Reassignment Required
4562,47,9,Master,HR,Expert,60,83,46,76,3670,High,High,14,8,Medium,6,99,95,Good,1,3,Suboptimal
4563,49,4,Bachelor,R&D,Low,69,46,33,67,5360,High,High,7,7,Medium,3,69,80,Excellent,3,2,Suboptimal
4564,53,10,Diploma,HR,Expert,98,72,55,84,3548,Medium,Expert,4,5,Low,2,68,88,Excellent,1,2,Reassignment Required
4565,23,0,PhD,R&D,High,42,48,98,71,3326,Medium,Expert,6,8,High,5,69,85,Excellent,3,2,Reassignment Required
4566,52,1,PhD,R&D,Low,73,69,34,96,3796,High,Expert,7,11,Critical,4,96,71,Excellent,2,3,Optimal
4567,24,23,Bachelor,Finance,Low,45,57,34,80,8046,Low,Expert,12,4,High,3,96,76,Poor,5,4,Suboptimal
4568,29,0,Master,R&D,High,82,95,98,93,3206,High,High,7,4,Critical,6,66,95,Good,3,4,Suboptimal
4569,45,18,Diploma,IT,High,68,65,32,66,6179,Medium,High,27,8,Medium,9,79,95,Excellent,4,4,Suboptimal
4570,36,1,Diploma,HR,Medium,42,59,67,98,2610,High,Medium,1,7,Medium,8,79,90,Excellent,3,0,Optimal
4571,52,20,PhD,Operations,High,97,77,30,62,9679,High,Expert,18,3,Critical,4,67,75,Average,0,3,Optimal
4572,30,19,Master,Operations,High,72,80,37,49,1464,Medium,High,11,2,Critical,7,76,84,Average,3,3,Optimal
4573,23,28,Diploma,Operations,High,50,94,42,79,5323,Medium,Medium,11,7,Medium,3,97,94,Good,1,4,Suboptimal
4574,29,22,Bachelor,IT,Low,84,70,99,80,9857,Medium,Medium,17,10,Critical,7,84,82,Excellent,4,4,Reassignment Required
4575,28,20,Master,R&D,Medium,44,47,79,45,6475,Medium,Low,25,4,Critical,3,72,76,Good,5,4,Optimal
4576,37,23,Master,HR,Low,89,62,37,63,7965,High,Expert,12,10,High,2,72,89,Average,2,3,Suboptimal
4577,56,3,PhD,Marketing,High,71,89,59,57,1798,Medium,High,23,7,Low,7,61,96,Average,5,4,Optimal
4578,51,11,PhD,Marketing,Medium,86,64,69,49,3800,Low,Expert,27,5,High,2,96,94,Average,2,2,Reassignment Required
4579,31,21,Diploma,Finance,High,57,86,62,95,4240,Medium,Medium,23,11,Medium,5,70,72,Poor,1,4,Suboptimal
4580,59,19,PhD,IT,Low,86,40,81,54,4355,Medium,Expert,19,11,High,5,79,84,Poor,2,2,Optimal
4581,39,17,Master,HR,Low,59,85,62,84,4929,High,Low,21,11,Medium,4,68,89,Average,4,1,Suboptimal
4582,26,0,Diploma,R&D,High,91,57,66,82,1859,Low,Low,18,3,Critical,5,88,95,Average,1,1,Reassignment Required
4583,50,29,Diploma,Operations,Medium,91,58,99,73,9555,Low,High,21,10,Low,9,93,72,Poor,4,3,Reassignment Required
4584,55,29,Master,IT,Low,78,90,98,47,8688,Low,High,24,6,Medium,7,64,95,Average,2,0,Reassignment Required
4585,44,0,Diploma,IT,High,88,81,33,89,6022,Medium,High,13,6,Low,7,90,96,Average,5,1,Reassignment Required
4586,26,23,Bachelor,HR,Expert,79,91,89,74,8584,High,High,10,3,Low,3,85,84,Poor,2,3,Suboptimal
4587,51,13,Bachelor,R&D,High,67,92,60,94,7402,High,Expert,19,6,High,9,96,97,Poor,0,3,Optimal
4588,27,3,Diploma,Finance,High,52,45,43,66,2774,Medium,Expert,4,7,Medium,3,79,72,Poor,1,2,Reassignment Required
4589,25,4,PhD,R&D,Medium,65,56,89,64,4365,Low,Medium,24,3,High,3,67,97,Average,3,2,Suboptimal
4590,50,10,Bachelor,Finance,High,55,85,97,42,9014,Low,Medium,15,2,Critical,7,65,84,Average,1,4,Reassignment Required
4591,44,23,Diploma,Finance,Expert,64,84,55,60,9342,High,High,18,7,Critical,3,77,70,Excellent,4,1,Reassignment Required
4592,27,27,Bachelor,Operations,High,49,47,53,96,8425,Medium,Expert,1,10,Medium,2,67,90,Average,2,2,Suboptimal
4593,53,22,PhD,Operations,Expert,68,93,85,78,4021,Low,High,19,10,Medium,3,84,89,Average,5,0,Suboptimal
4594,39,12,Master,HR,Low,85,81,38,71,5237,Medium,Medium,2,10,Critical,9,61,80,Poor,0,3,Suboptimal
4595,36,15,Diploma,R&D,High,77,48,64,89,7394,High,Expert,10,6,Medium,3,87,94,Good,5,4,Reassignment Required
4596,53,23,Diploma,Finance,Medium,59,76,53,92,4817,Medium,High,18,11,High,3,84,73,Average,1,2,Reassignment Required
4597,30,12,Diploma,HR,High,93,94,60,60,1760,Medium,Low,4,2,High,6,79,88,Average,5,2,Optimal
4598,58,23,Diploma,Finance,Expert,65,66,95,48,5451,Medium,Medium,29,4,Medium,7,65,91,Average,4,2,Reassignment Required
4599,31,21,Diploma,IT,Expert,71,75,95,89,5627,Medium,Low,29,9,High,7,96,97,Excellent,0,1,Optimal
4600,41,25,Diploma,Marketing,Medium,78,45,70,40,3739,Low,Low,22,10,Medium,4,75,97,Poor,0,2,Reassignment Required
4601,27,1,PhD,Marketing,Expert,77,45,65,43,8439,High,Expert,10,5,High,7,94,79,Excellent,0,3,Optimal
4602,24,15,Master,Finance,High,98,84,63,43,6548,Low,Low,26,4,High,9,95,96,Excellent,2,2,Optimal
4603,32,5,PhD,HR,Expert,88,43,68,88,7791,Low,Low,21,3,Low,8,60,90,Good,4,0,Optimal
4604,38,13,PhD,Operations,High,92,61,52,65,8916,Low,High,4,6,High,4,73,73,Average,0,2,Suboptimal
4605,53,0,Master,R&D,High,63,79,73,94,7845,Low,Expert,24,3,Medium,9,73,85,Excellent,5,4,Suboptimal
4606,25,16,PhD,Finance,Expert,70,66,99,73,7867,High,High,27,10,High,9,83,70,Excellent,5,4,Optimal
4607,25,10,Bachelor,Finance,Medium,79,76,87,66,4943,High,High,21,11,High,3,78,96,Excellent,5,0,Suboptimal
4608,38,18,PhD,R&D,Low,51,41,88,54,4460,Low,High,18,10,Critical,7,97,82,Poor,2,4,Reassignment Required
4609,40,2,Diploma,Operations,Medium,97,48,55,84,2492,Medium,Expert,20,4,Medium,3,77,88,Average,2,1,Suboptimal
4610,26,10,Bachelor,Finance,Low,96,50,51,71,4621,Medium,Medium,23,5,High,4,68,83,Excellent,2,3,Suboptimal
4611,53,28,Bachelor,IT,Medium,75,59,69,80,9918,Medium,Expert,4,10,Low,5,72,82,Average,1,3,Reassignment Required
4612,43,4,Master,Operations,High,49,91,40,46,6018,Medium,High,15,2,Critical,6,78,98,Average,5,1,Reassignment Required
4613,27,16,PhD,IT,High,45,82,38,83,9162,Medium,Medium,22,8,Low,6,69,73,Good,2,4,Optimal
4614,56,25,PhD,Marketing,Expert,46,78,41,83,7750,High,Low,18,3,Low,7,97,79,Poor,4,0,Suboptimal
4615,43,21,Bachelor,R&D,Low,92,97,55,53,5841,Medium,Medium,9,10,Critical,5,62,96,Excellent,3,0,Reassignment Required
4616,22,6,PhD,Operations,Low,70,53,67,62,8468,High,Expert,20,4,Low,3,76,77,Excellent,1,3,Reassignment Required
4617,41,9,PhD,Operations,Expert,66,65,32,86,1087,Medium,High,29,7,Medium,4,82,78,Good,0,0,Suboptimal
4618,43,27,Master,HR,Medium,47,77,44,40,1562,Medium,Low,17,6,Medium,8,86,83,Excellent,2,1,Suboptimal
4619,32,28,Bachelor,HR,Expert,42,69,76,71,2268,Low,Low,3,3,Low,6,68,77,Poor,5,3,Optimal
4620,34,10,Diploma,R&D,Medium,79,75,34,80,6561,Low,High,13,10,Medium,5,64,94,Excellent,1,2,Suboptimal
4621,24,2,Bachelor,Operations,Expert,86,77,83,65,7045,Low,Low,7,4,High,9,78,95,Poor,1,1,Reassignment Required
4622,30,19,Master,Marketing,Low,60,74,53,87,5654,High,Low,14,7,High,8,88,70,Excellent,4,1,Suboptimal
4623,33,9,Master,Finance,Low,40,94,40,48,4171,High,Low,26,10,High,5,74,80,Average,0,0,Optimal
4624,44,26,Master,R&D,Medium,84,45,62,55,8512,Low,Expert,25,9,Low,2,95,85,Average,3,0,Suboptimal
4625,35,9,PhD,R&D,Low,93,42,86,70,8852,Low,Medium,6,11,Low,7,71,70,Good,3,0,Suboptimal
4626,54,13,Bachelor,HR,Low,89,40,81,41,3800,Medium,Expert,14,6,Medium,5,73,99,Excellent,5,2,Suboptimal
4627,39,11,PhD,Marketing,Low,54,99,93,71,7846,High,Low,14,7,Medium,9,74,88,Excellent,1,1,Reassignment Required
4628,30,14,PhD,R&D,Low,46,97,72,49,6038,Medium,Expert,29,4,Medium,2,90,98,Poor,1,4,Reassignment Required
4629,44,9,Bachelor,Marketing,High,54,92,73,64,5888,Medium,Low,14,6,Low,2,64,89,Excellent,0,3,Reassignment Required
4630,31,29,Master,R&D,Expert,64,97,65,57,5780,Low,Expert,20,7,Medium,7,62,87,Good,5,0,Reassignment Required
4631,40,9,Diploma,HR,Expert,42,57,41,84,2143,Medium,Medium,18,4,High,6,89,95,Excellent,1,0,Optimal
4632,26,25,Diploma,Finance,High,69,62,85,73,7703,Medium,High,9,11,High,8,71,76,Average,2,1,Reassignment Required
4633,44,18,Bachelor,HR,Low,97,71,32,68,1747,Low,Medium,12,3,Critical,8,74,78,Good,3,2,Reassignment Required
4634,51,0,Bachelor,R&D,Expert,53,68,79,84,8094,Low,Expert,14,11,Critical,3,97,96,Average,5,0,Optimal
4635,46,23,Master,Marketing,Expert,91,62,58,63,7445,Medium,Expert,24,10,Critical,3,87,75,Good,2,2,Reassignment Required
4636,49,28,Bachelor,IT,Expert,43,75,45,42,4488,Medium,Medium,23,8,High,5,82,89,Good,4,2,Reassignment Required
4637,55,25,Bachelor,HR,Medium,75,45,69,54,3104,Medium,Expert,16,5,Low,4,74,75,Good,1,4,Reassignment Required
4638,46,9,Master,Marketing,High,42,56,56,42,4856,High,High,2,4,Medium,8,70,70,Good,0,2,Suboptimal
4639,31,1,Master,HR,Medium,44,57,99,94,6119,Medium,High,16,5,Medium,8,89,75,Poor,4,4,Optimal
4640,35,16,PhD,R&D,Medium,64,70,71,70,6258,Low,Medium,18,10,Low,4,71,85,Good,4,3,Reassignment Required
4641,51,29,Bachelor,Marketing,High,70,45,86,49,3768,Medium,Low,24,10,Critical,2,78,73,Average,0,2,Optimal
4642,46,23,Diploma,Finance,Expert,50,73,39,77,5059,High,High,9,7,Low,8,91,72,Excellent,4,3,Reassignment Required
4643,35,6,Bachelor,Marketing,Medium,47,83,67,94,2808,Medium,Expert,25,10,High,7,60,91,Poor,2,2,Suboptimal
4644,56,6,Diploma,Operations,Expert,65,83,37,61,6480,High,Low,8,10,Low,5,75,78,Poor,4,4,Reassignment Required
4645,55,19,Diploma,IT,Medium,41,66,47,53,1409,High,High,1,7,High,5,70,93,Poor,0,4,Reassignment Required
4646,31,26,Diploma,R&D,Expert,67,75,46,48,1645,Low,Low,5,6,High,3,90,93,Excellent,3,3,Suboptimal
4647,56,8,PhD,Marketing,Low,87,87,87,57,2551,Medium,Expert,7,4,Critical,4,92,94,Excellent,1,1,Suboptimal
4648,32,21,Master,R&D,Low,96,91,95,47,6362,High,Medium,10,2,Medium,6,95,91,Poor,0,1,Optimal
4649,32,1,Master,HR,Low,99,81,73,98,2113,Medium,Medium,22,5,Critical,8,89,77,Poor,2,1,Optimal
4650,42,13,PhD,HR,High,49,64,38,77,4587,High,Expert,11,2,High,8,97,76,Good,2,2,Reassignment Required
4651,42,16,Master,Marketing,Low,89,49,77,54,1061,Low,Medium,12,2,Critical,7,63,81,Good,3,1,Reassignment Required
4652,43,0,PhD,Operations,Medium,78,78,68,85,2727,Low,Expert,1,7,Medium,5,84,70,Excellent,2,3,Suboptimal
4653,28,8,Bachelor,Marketing,Expert,76,85,35,54,5592,Medium,Medium,26,6,Critical,9,93,91,Good,0,1,Reassignment Required
4654,38,19,PhD,Finance,Expert,78,78,59,91,9168,Medium,High,6,8,High,5,76,81,Average,2,3,Optimal
4655,23,20,Master,Operations,Expert,60,51,47,45,3966,Medium,Medium,4,2,Medium,3,92,85,Average,3,3,Suboptimal
4656,33,18,Master,R&D,Expert,67,50,72,93,4360,Medium,Low,3,2,Critical,6,89,83,Good,3,2,Suboptimal
4657,39,3,Bachelor,Marketing,Medium,77,88,62,51,6662,Medium,Medium,4,9,Low,6,72,99,Good,5,4,Suboptimal
4658,32,27,PhD,R&D,Expert,95,82,82,81,9070,High,Medium,24,7,Medium,9,71,80,Poor,4,2,Reassignment Required
4659,37,7,Bachelor,IT,Medium,72,92,85,58,7700,Medium,Medium,27,9,Critical,9,91,89,Good,4,2,Optimal
4660,39,12,Diploma,Operations,Medium,50,42,48,79,4630,High,Medium,6,7,Low,6,82,88,Average,2,0,Suboptimal
4661,56,3,PhD,Marketing,Expert,84,90,98,44,4869,High,High,25,7,Medium,7,88,88,Excellent,2,1,Optimal
4662,47,8,Bachelor,IT,Expert,83,61,55,66,6200,High,Expert,5,11,Low,6,93,82,Excellent,5,1,Suboptimal
4663,37,8,Bachelor,Marketing,Expert,40,43,58,49,3039,Medium,High,27,8,Critical,8,78,81,Poor,2,3,Suboptimal
4664,27,21,Master,Finance,Medium,92,47,53,82,8454,Low,High,9,3,Low,4,71,79,Excellent,2,4,Optimal
4665,33,17,PhD,HR,High,86,53,35,91,2307,Low,Low,4,4,Low,7,63,84,Good,4,1,Suboptimal
4666,34,11,Diploma,R&D,Medium,72,59,83,85,7634,Medium,Expert,14,5,High,9,84,98,Poor,0,1,Reassignment Required
4667,25,9,Diploma,Marketing,High,42,63,68,53,2724,Medium,Expert,15,2,Low,8,85,98,Good,5,4,Optimal
4668,23,10,PhD,Operations,Expert,65,53,33,73,6670,Medium,Low,28,10,Medium,2,77,97,Excellent,0,1,Optimal
4669,47,6,PhD,Marketing,Medium,54,67,87,97,5690,High,Expert,4,10,Low,8,89,82,Good,0,0,Suboptimal
4670,48,8,Bachelor,Marketing,Expert,80,55,77,88,3455,Low,Medium,22,5,Low,6,93,82,Poor,5,1,Optimal
4671,48,5,Master,Marketing,High,53,71,89,54,1941,Low,Expert,14,2,Medium,2,92,93,Poor,4,0,Reassignment Required
4672,36,18,Master,Marketing,High,62,86,55,68,8092,Low,Low,29,2,Critical,2,90,84,Average,0,2,Suboptimal
4673,29,15,Master,Operations,Medium,99,51,69,94,6295,Low,Low,10,7,Critical,8,90,86,Excellent,5,2,Reassignment Required
4674,28,29,PhD,Operations,Medium,93,55,85,65,8688,High,Low,27,3,Low,3,72,92,Good,0,0,Reassignment Required
4675,33,14,Master,Marketing,Medium,95,91,68,66,4061,Medium,Low,7,2,Medium,6,83,80,Average,4,3,Reassignment Required
4676,34,6,Bachelor,HR,Medium,47,58,68,42,9587,High,High,18,11,Low,4,64,79,Average,1,0,Optimal
4677,38,15,PhD,Marketing,Low,93,44,77,42,4763,Medium,Expert,20,3,Medium,9,60,73,Excellent,2,3,Suboptimal
4678,38,4,PhD,R&D,Low,75,51,54,74,8694,Medium,High,15,8,Medium,3,93,86,Good,2,4,Suboptimal
4679,57,15,Master,R&D,Expert,59,68,63,97,3888,Low,Low,29,5,Critical,8,68,83,Excellent,1,4,Reassignment Required
4680,42,0,Diploma,Operations,High,91,44,50,99,5443,Low,Low,8,8,Low,3,67,99,Good,3,0,Reassignment Required
4681,29,18,Diploma,R&D,High,45,81,54,74,5006,Medium,High,9,8,Low,8,95,71,Average,0,3,Suboptimal
4682,26,4,Bachelor,R&D,Expert,72,97,51,89,2086,Medium,Medium,5,5,Low,2,88,76,Average,1,2,Suboptimal
4683,47,6,Master,Finance,Expert,67,56,52,45,7499,Low,Expert,6,3,Low,5,94,85,Average,0,0,Reassignment Required
4684,37,18,Master,Marketing,Expert,89,86,54,53,2304,Low,High,26,10,Low,4,64,95,Good,1,0,Suboptimal
4685,57,21,PhD,Marketing,Low,77,47,55,65,7510,Low,Expert,12,11,Low,7,69,86,Poor,5,3,Reassignment Required
4686,49,4,PhD,Marketing,Expert,69,79,59,42,2014,Low,Low,7,11,High,9,97,91,Excellent,5,4,Reassignment Required
4687,50,28,Master,Marketing,High,85,79,67,72,9412,Low,Low,7,4,Low,9,69,73,Good,2,2,Reassignment Required
4688,33,16,PhD,IT,Expert,82,69,63,81,6848,High,Low,15,2,High,9,70,72,Excellent,0,3,Reassignment Required
4689,58,25,Master,Marketing,Medium,56,49,44,52,9664,High,Expert,19,9,High,6,67,92,Excellent,5,3,Optimal
4690,51,21,Bachelor,Operations,High,48,59,73,68,6120,High,Expert,13,5,High,6,63,94,Average,5,2,Suboptimal
4691,44,29,PhD,Operations,High,67,84,39,48,1415,Low,High,18,10,Low,4,77,74,Excellent,4,0,Suboptimal
4692,37,7,Master,IT,High,93,55,66,71,2868,Medium,Low,10,9,Medium,6,79,75,Poor,2,0,Suboptimal
4693,35,28,PhD,Marketing,Low,46,80,36,61,5112,Medium,High,8,8,Critical,5,62,92,Good,2,1,Reassignment Required
4694,31,28,Bachelor,HR,Low,85,55,61,61,2533,Low,Medium,25,10,Medium,7,74,95,Poor,2,2,Optimal
4695,28,0,PhD,Marketing,High,67,81,40,97,8922,High,Low,11,3,Medium,5,67,98,Poor,0,3,Suboptimal
4696,58,1,Master,Operations,Medium,56,42,77,96,2462,Medium,Low,8,5,Low,9,65,97,Average,3,1,Reassignment Required
4697,50,29,PhD,Finance,High,79,62,97,73,8698,Low,Medium,8,6,Medium,6,95,75,Good,1,1,Reassignment Required
4698,24,14,PhD,R&D,Low,99,61,77,49,2865,High,High,15,6,Medium,3,79,75,Good,1,1,Optimal
4699,36,19,Master,Finance,Medium,87,96,74,64,5009,High,Expert,2,2,Low,9,91,88,Poor,5,0,Optimal
4700,57,27,Diploma,HR,High,83,67,62,51,8973,High,Low,27,10,Low,7,65,80,Good,4,4,Reassignment Required
4701,40,17,PhD,Marketing,Low,83,85,33,90,8710,High,Expert,20,10,Critical,7,75,88,Excellent,3,1,Suboptimal
4702,34,10,PhD,IT,Medium,99,84,76,42,9663,High,Low,22,6,Critical,9,61,83,Good,2,3,Reassignment Required
4703,42,24,Bachelor,Marketing,Expert,99,75,82,58,4177,High,Low,24,11,High,6,77,84,Good,1,0,Optimal
4704,58,9,Diploma,HR,Expert,44,43,60,72,3865,High,Expert,13,4,Critical,6,85,74,Excellent,0,4,Reassignment Required
4705,48,23,Bachelor,HR,High,44,77,60,97,4197,High,Low,18,9,Low,4,79,92,Excellent,2,4,Reassignment Required
4706,50,23,Master,R&D,Expert,53,63,56,86,3461,High,Medium,12,8,Medium,9,75,81,Excellent,2,1,Optimal
4707,41,3,Master,HR,Low,45,58,77,94,8782,High,High,8,6,Low,5,80,82,Excellent,5,1,Optimal
4708,46,4,Bachelor,Finance,Medium,46,50,65,65,4581,Low,Medium,17,2,Low,7,73,91,Good,3,0,Reassignment Required
4709,27,3,PhD,R&D,High,94,79,78,52,9692,Medium,High,27,8,Medium,3,77,87,Average,5,1,Optimal
4710,57,12,Diploma,Marketing,Medium,92,85,60,46,8994,Low,Medium,6,2,Critical,4,67,72,Average,3,0,Suboptimal
4711,23,24,Bachelor,Marketing,Medium,56,79,73,73,1120,Medium,Medium,16,2,Medium,4,64,81,Excellent,5,4,Suboptimal
4712,43,12,Bachelor,IT,Medium,98,85,88,61,2775,Low,High,24,10,Low,3,83,74,Good,1,3,Suboptimal
4713,53,17,Master,HR,Low,48,94,52,59,1606,Medium,Low,24,7,Critical,3,88,82,Good,1,3,Optimal
4714,37,28,PhD,HR,High,70,78,97,82,9129,Medium,Expert,28,8,Low,4,68,92,Good,2,2,Reassignment Required
4715,39,26,Diploma,Operations,Expert,61,92,71,62,8375,Medium,Expert,27,3,Low,6,77,98,Good,4,2,Reassignment Required
4716,26,23,Bachelor,R&D,Medium,84,57,71,87,1819,Low,Expert,23,9,Critical,8,77,82,Good,2,2,Reassignment Required
4717,57,1,Diploma,Operations,Medium,48,51,42,53,1783,Medium,Low,23,8,Medium,3,87,75,Average,0,3,Reassignment Required
4718,51,15,Diploma,R&D,Medium,98,53,30,69,2846,High,Medium,14,6,High,9,96,98,Poor,4,1,Suboptimal
4719,40,0,Bachelor,Finance,Low,55,86,82,62,8560,Medium,Medium,27,9,Critical,7,69,85,Poor,1,0,Reassignment Required
4720,44,25,Diploma,R&D,Expert,75,57,69,86,1391,Low,Medium,10,3,Low,2,79,95,Poor,4,3,Reassignment Required
4721,55,18,Master,Marketing,Medium,73,83,75,91,8880,Low,Low,27,7,Low,3,97,72,Excellent,4,2,Optimal
4722,34,8,PhD,IT,Low,84,81,51,58,2132,High,High,28,5,Critical,7,82,76,Excellent,1,2,Optimal
4723,50,27,PhD,R&D,Low,52,51,81,78,5445,Medium,Low,25,8,Low,4,79,90,Average,0,1,Reassignment Required
4724,57,2,PhD,R&D,Medium,58,79,57,80,6318,Low,Expert,2,7,High,2,82,79,Average,0,2,Suboptimal
4725,43,24,Master,R&D,Medium,51,66,82,75,6562,Medium,Medium,13,7,Critical,4,64,99,Good,5,2,Suboptimal
4726,57,6,Master,IT,Low,75,45,92,45,5439,High,Low,1,6,Low,5,86,73,Average,3,0,Suboptimal
4727,30,28,Master,HR,Low,49,63,46,62,1676,High,Low,28,6,High,5,68,81,Excellent,5,1,Optimal
4728,40,9,PhD,IT,Medium,55,90,93,49,7251,Low,Low,18,3,Low,6,95,75,Average,3,4,Suboptimal
4729,59,0,Diploma,HR,Low,67,72,35,74,1594,Medium,High,14,8,Critical,9,99,87,Good,0,4,Optimal
4730,27,9,Master,Marketing,Low,95,84,43,60,4324,High,Medium,3,8,Medium,9,96,76,Good,0,2,Suboptimal
4731,36,20,Bachelor,IT,Medium,58,93,46,71,7168,High,Low,15,9,High,3,62,71,Good,3,2,Optimal
4732,41,8,Master,HR,Medium,79,55,67,99,7426,Low,Low,9,5,Critical,8,95,92,Excellent,5,0,Optimal
4733,30,27,Bachelor,Marketing,High,45,89,98,69,8730,High,Expert,26,10,Critical,8,94,77,Poor,3,4,Optimal
4734,53,14,PhD,Marketing,Expert,43,51,42,72,3934,Low,Medium,13,11,Critical,4,95,87,Poor,5,1,Reassignment Required
4735,25,14,Bachelor,HR,Medium,69,70,82,45,6033,High,Low,23,4,Medium,2,88,93,Excellent,0,1,Optimal
4736,39,2,Master,HR,Medium,78,96,38,44,7763,High,Low,5,4,Low,7,92,97,Good,1,3,Optimal
4737,26,24,Master,Finance,Medium,70,76,73,94,7086,Low,Low,5,3,Medium,3,85,82,Good,0,3,Optimal
4738,41,4,Diploma,Marketing,Expert,85,92,55,54,5333,Low,Low,22,11,Critical,6,67,92,Excellent,5,1,Suboptimal
4739,44,8,PhD,HR,High,66,52,48,96,1839,Medium,Medium,2,8,High,4,68,72,Poor,1,3,Optimal
4740,32,25,Bachelor,Marketing,Low,84,97,77,82,3510,High,Low,1,11,Low,7,81,82,Good,1,0,Reassignment Required
4741,58,21,PhD,IT,Expert,60,47,59,91,5687,Medium,High,27,3,Medium,7,64,76,Good,1,2,Suboptimal
4742,43,8,Master,Operations,Medium,76,77,61,64,3887,Medium,Low,17,8,High,4,95,70,Poor,3,1,Suboptimal
4743,25,22,Diploma,Operations,Medium,48,42,98,52,4043,Low,High,19,4,Critical,5,91,87,Excellent,2,4,Reassignment Required
4744,50,6,Master,R&D,High,74,96,40,45,2631,High,Medium,17,2,High,6,89,90,Average,0,4,Optimal
4745,55,23,Master,HR,High,81,97,55,76,2405,Low,Low,9,9,High,7,76,85,Good,4,1,Optimal
4746,34,22,Master,HR,High,86,59,55,41,8632,High,Expert,10,9,Critical,4,89,80,Poor,4,3,Suboptimal
4747,30,11,Bachelor,Marketing,Low,91,97,46,56,7115,Low,High,29,11,Medium,5,68,98,Excellent,0,3,Reassignment Required
4748,52,24,Master,R&D,Expert,60,43,73,63,7495,High,High,15,2,Critical,8,63,94,Poor,1,1,Suboptimal
4749,28,26,PhD,HR,Expert,56,83,52,51,3489,Medium,Low,13,7,High,8,71,86,Poor,3,1,Suboptimal
4750,25,8,PhD,Marketing,High,94,84,54,83,5490,High,Expert,29,5,Critical,5,94,74,Average,5,1,Optimal
4751,40,5,Diploma,HR,Low,63,41,66,93,1005,High,Expert,21,6,Low,2,79,75,Good,3,0,Optimal
4752,51,22,PhD,Marketing,Expert,70,90,94,53,3581,Low,Low,25,9,Low,7,76,83,Good,1,4,Reassignment Required
4753,52,1,Master,HR,Medium,45,75,31,46,9411,High,Medium,21,9,High,6,81,83,Good,0,0,Suboptimal
4754,56,8,Master,Finance,Medium,96,62,61,93,9203,High,Medium,17,8,Critical,6,66,88,Average,4,0,Reassignment Required
4755,42,27,PhD,Marketing,Medium,74,84,84,65,3842,High,Low,27,6,High,8,98,74,Poor,3,2,Suboptimal
4756,52,28,Diploma,Finance,Expert,89,58,79,71,6504,High,Medium,28,7,Critical,4,67,87,Excellent,1,0,Reassignment Required
4757,40,16,Diploma,Finance,High,76,79,94,68,7847,Medium,Expert,23,9,Low,8,68,80,Poor,3,4,Reassignment Required
4758,52,0,PhD,Finance,Medium,52,47,61,85,9649,Low,Medium,7,6,Low,2,65,93,Good,1,3,Reassignment Required
4759,53,18,Bachelor,Finance,High,64,55,66,78,9358,High,Medium,4,4,High,3,78,81,Average,3,4,Reassignment Required
4760,23,27,Bachelor,IT,Low,71,97,42,48,8283,Low,Medium,3,10,Low,4,81,88,Poor,4,1,Suboptimal
4761,31,5,Bachelor,R&D,Medium,98,82,83,53,2973,Medium,Low,1,10,High,5,79,90,Average,3,1,Reassignment Required
4762,23,4,Bachelor,Operations,Low,40,57,32,92,3195,Medium,Low,7,11,Medium,3,79,98,Excellent,0,1,Suboptimal
4763,23,1,PhD,IT,High,88,75,71,56,8574,High,High,5,2,High,3,86,97,Excellent,2,0,Reassignment Required
4764,45,8,Diploma,HR,Expert,97,63,69,88,9143,Low,Medium,26,8,Critical,7,86,86,Good,1,2,Optimal
4765,38,29,Master,HR,High,74,40,95,64,8552,Low,Low,17,5,Critical,9,66,90,Average,2,3,Suboptimal
4766,53,28,Master,R&D,Medium,97,40,89,92,4828,Low,Expert,17,7,Critical,9,83,86,Good,4,0,Suboptimal
4767,37,25,PhD,Operations,Medium,58,85,40,69,6085,Medium,High,15,8,High,4,67,94,Average,4,1,Suboptimal
4768,37,13,Master,Operations,High,92,75,30,84,5737,Medium,Expert,3,9,Medium,7,62,71,Average,2,4,Reassignment Required
4769,52,3,Bachelor,Operations,Medium,91,50,55,68,1239,High,Medium,3,6,High,2,70,75,Excellent,4,1,Suboptimal
4770,45,3,Diploma,Finance,Medium,93,57,71,98,3952,Low,Expert,2,6,High,6,95,94,Poor,4,4,Reassignment Required
4771,22,20,PhD,IT,Low,51,55,91,68,1855,Low,High,8,7,Medium,2,61,88,Poor,5,3,Reassignment Required
4772,32,14,Diploma,HR,Expert,79,56,90,57,4238,Medium,Medium,13,8,Low,4,60,75,Excellent,1,1,Optimal
4773,42,7,PhD,IT,High,79,63,91,70,1553,High,Low,28,6,Low,6,66,70,Excellent,1,3,Optimal
4774,25,25,PhD,IT,Low,86,73,41,58,9134,High,Expert,24,6,Low,3,83,83,Average,1,1,Optimal
4775,28,3,PhD,IT,Medium,82,43,56,56,9386,High,Expert,6,5,Low,8,71,92,Poor,0,1,Reassignment Required
4776,47,15,PhD,Operations,Low,59,74,96,45,8338,Medium,High,5,2,Low,8,67,71,Good,5,4,Suboptimal
4777,33,20,Diploma,R&D,Expert,72,54,57,51,6994,Low,Low,13,8,Medium,5,72,90,Good,0,2,Suboptimal
4778,52,27,Master,R&D,High,68,41,95,77,3693,High,Medium,22,8,Medium,7,65,90,Poor,0,4,Optimal
4779,38,3,PhD,Operations,Expert,55,95,57,42,2971,High,Medium,1,7,High,2,98,81,Poor,5,0,Suboptimal
4780,54,29,Bachelor,HR,Expert,53,90,50,86,6402,Low,Medium,18,11,Low,7,83,86,Poor,0,3,Optimal
4781,32,15,PhD,HR,Low,46,70,36,74,9691,High,High,7,3,Critical,7,83,96,Average,2,3,Optimal
4782,49,21,Diploma,HR,Low,45,48,43,94,5114,Medium,Expert,17,3,Medium,8,97,92,Excellent,5,2,Suboptimal
4783,53,11,PhD,R&D,Expert,60,49,68,86,4773,High,Expert,8,7,Medium,6,66,73,Excellent,5,1,Suboptimal
4784,22,15,Bachelor,R&D,Medium,75,92,91,72,4647,Low,Expert,19,10,Low,2,69,73,Average,1,3,Reassignment Required
4785,49,18,Diploma,IT,High,61,64,41,92,8909,Medium,Expert,16,6,Critical,6,89,76,Good,4,2,Suboptimal
4786,28,7,PhD,Operations,Medium,79,90,67,68,3866,High,High,14,8,Critical,5,98,95,Average,3,0,Suboptimal
4787,23,5,Bachelor,Finance,Medium,93,99,87,42,1686,Low,High,20,3,Medium,7,83,82,Poor,0,3,Optimal
4788,45,9,Diploma,IT,High,58,44,85,44,3067,Low,Low,23,7,High,4,86,86,Excellent,4,0,Reassignment Required
4789,25,4,PhD,Marketing,Low,64,53,68,98,6907,Low,High,10,7,Critical,8,89,83,Excellent,1,4,Suboptimal
4790,40,28,Bachelor,R&D,Medium,42,81,33,53,1447,Low,Expert,23,11,High,4,74,91,Average,2,3,Reassignment Required
4791,47,17,Diploma,IT,Low,75,87,77,75,1293,High,Medium,2,7,Low,6,61,86,Excellent,5,3,Reassignment Required
4792,32,9,PhD,Operations,High,84,77,36,93,5160,High,Low,21,7,Low,6,67,98,Average,4,1,Optimal
4793,32,9,Diploma,Marketing,Medium,92,96,89,67,3546,Medium,Medium,24,5,Low,4,76,85,Excellent,3,0,Optimal
4794,24,6,Bachelor,IT,Low,98,79,69,80,9267,Medium,Medium,16,6,High,3,72,85,Average,4,4,Suboptimal
4795,33,17,PhD,Operations,Low,73,41,37,71,8044,Low,Expert,25,5,Medium,8,77,75,Poor,5,2,Optimal
4796,24,0,PhD,Operations,Medium,50,57,87,57,4775,Low,High,13,7,High,3,80,95,Average,1,4,Reassignment Required
4797,48,6,PhD,R&D,High,87,68,86,81,5178,Medium,High,5,10,Low,8,95,71,Excellent,4,3,Optimal
4798,23,20,Bachelor,Finance,Expert,81,92,64,79,4534,High,High,18,6,Critical,3,71,95,Average,5,0,Optimal
4799,37,0,Master,IT,Low,86,92,42,52,3053,High,Expert,20,6,Medium,8,61,96,Average,2,3,Reassignment Required
4800,23,14,PhD,Operations,High,66,92,68,41,8112,High,Expert,11,4,High,5,79,86,Excellent,1,2,Reassignment Required
4801,51,3,Bachelor,HR,Medium,81,59,50,91,2699,Low,Medium,5,8,Critical,9,82,93,Poor,0,2,Optimal
4802,41,27,Diploma,Operations,Low,41,47,76,64,3518,Medium,Low,22,6,Critical,6,80,92,Average,1,3,Optimal
4803,59,28,Diploma,Finance,Low,45,98,31,59,6568,Medium,High,28,3,Low,2,90,71,Good,4,3,Optimal
4804,49,19,Bachelor,Operations,Low,85,76,73,46,7832,Medium,High,22,10,Low,2,75,87,Good,5,3,Reassignment Required
4805,46,9,Master,R&D,High,41,88,59,50,9561,High,Low,13,6,Critical,6,72,90,Poor,3,0,Reassignment Required
4806,53,22,Bachelor,IT,Low,81,87,84,44,4739,Medium,Medium,28,8,Medium,4,63,89,Poor,1,1,Optimal
4807,31,8,Diploma,R&D,Low,56,65,69,68,5373,Medium,Medium,1,8,High,9,61,81,Excellent,1,2,Suboptimal
4808,54,1,Diploma,IT,Medium,79,76,53,57,1339,High,Low,6,11,Medium,6,60,73,Excellent,1,0,Reassignment Required
4809,34,27,PhD,Marketing,Low,97,88,71,47,3862,Low,High,11,9,Medium,3,85,78,Average,1,2,Optimal
4810,58,13,Master,IT,High,87,43,57,66,1613,Low,Expert,10,5,High,3,89,80,Poor,4,3,Reassignment Required
4811,37,15,Bachelor,Marketing,Medium,53,72,80,97,2103,High,Expert,1,8,High,2,97,86,Average,0,2,Optimal
4812,43,0,Diploma,R&D,Expert,49,61,51,81,9984,Medium,Low,16,4,High,6,79,99,Excellent,3,4,Optimal
4813,41,1,Diploma,HR,Medium,84,45,37,41,7746,Low,High,13,10,Medium,2,84,82,Average,1,2,Optimal
4814,48,6,Diploma,Finance,Low,72,72,43,74,9258,Low,Low,21,9,Medium,4,78,95,Average,5,4,Suboptimal
4815,37,28,Bachelor,HR,Expert,81,67,74,65,5511,Low,Medium,27,11,High,7,86,94,Average,3,0,Suboptimal
4816,55,9,Bachelor,Marketing,Medium,93,63,67,62,8312,High,Medium,16,10,Critical,7,69,97,Poor,4,0,Reassignment Required
4817,53,21,Master,Operations,Low,51,43,61,44,6405,Low,Expert,15,3,Critical,7,76,88,Good,0,4,Reassignment Required
4818,47,19,PhD,Operations,Medium,71,41,91,55,1570,Medium,Medium,7,5,High,5,61,77,Poor,1,2,Suboptimal
4819,46,0,PhD,HR,High,88,52,96,81,9731,High,Medium,14,2,Medium,8,76,74,Average,0,0,Optimal
4820,23,12,PhD,Operations,Low,63,85,90,50,6356,High,Low,24,9,High,5,66,79,Excellent,1,2,Suboptimal
4821,33,0,Diploma,Marketing,High,53,88,42,58,1116,Low,Low,11,5,Low,4,75,84,Good,1,1,Suboptimal
4822,30,4,PhD,R&D,Low,44,50,76,55,8224,Medium,High,27,5,Critical,3,86,88,Average,5,1,Optimal
4823,33,15,Diploma,Finance,High,90,74,83,71,4031,High,Low,13,8,Critical,3,60,94,Average,2,4,Reassignment Required
4824,47,14,Master,IT,Expert,44,78,81,51,4456,Low,High,5,7,Critical,9,81,78,Excellent,5,4,Suboptimal
4825,30,16,Diploma,Marketing,High,86,49,54,41,4051,Medium,Expert,18,4,High,3,81,85,Average,3,2,Reassignment Required
4826,31,27,Master,Marketing,Medium,71,82,52,82,9433,Medium,Low,3,9,Low,2,86,85,Average,0,1,Suboptimal
4827,53,22,Master,IT,Low,84,49,59,61,9656,High,Low,12,3,Critical,8,75,77,Good,3,1,Suboptimal
4828,55,15,PhD,IT,Medium,88,47,40,65,8807,Low,Low,7,2,Low,7,95,72,Poor,3,4,Reassignment Required
4829,41,12,PhD,Finance,High,72,44,64,72,8302,Medium,Expert,26,3,Medium,2,75,72,Excellent,3,3,Reassignment Required
4830,23,10,Diploma,Finance,Low,99,62,56,63,2878,High,Low,20,10,Medium,5,83,79,Excellent,0,2,Optimal
4831,22,16,Bachelor,Finance,High,85,73,96,44,5881,High,Medium,15,6,Critical,3,94,81,Excellent,1,2,Optimal
4832,57,16,PhD,Operations,Expert,43,99,76,60,5636,High,Low,1,6,Medium,3,92,84,Poor,1,0,Suboptimal
4833,45,1,PhD,Marketing,Expert,96,99,79,85,3534,High,High,19,7,High,8,76,84,Poor,1,4,Suboptimal
4834,48,12,Bachelor,R&D,Expert,69,86,37,57,4809,High,Medium,10,4,Medium,7,64,96,Good,1,0,Optimal
4835,23,13,Bachelor,IT,High,80,71,84,78,9763,Medium,Low,14,2,High,8,94,95,Good,1,3,Optimal
4836,52,10,PhD,Marketing,High,56,55,71,44,6605,High,Low,15,9,Medium,9,78,88,Excellent,5,0,Suboptimal
4837,35,27,Bachelor,Marketing,Expert,42,43,96,47,8733,Low,Expert,2,8,Low,4,93,83,Poor,1,3,Optimal
4838,23,9,Diploma,Finance,High,52,93,49,60,4641,Low,High,25,9,Medium,5,91,80,Good,4,0,Reassignment Required
4839,50,2,Master,Finance,Medium,83,99,74,86,1656,Medium,Medium,17,10,Low,7,84,75,Average,4,4,Suboptimal
4840,36,28,Master,Marketing,High,87,67,64,96,4151,High,Medium,25,3,High,2,81,81,Poor,5,3,Suboptimal
4841,33,26,PhD,Finance,Medium,75,87,49,44,5110,High,Expert,10,6,Medium,5,98,87,Average,5,2,Suboptimal
4842,58,16,PhD,Operations,Expert,57,83,53,52,8207,Medium,Medium,5,3,Medium,7,86,94,Good,1,4,Suboptimal
4843,49,14,Diploma,IT,High,62,99,86,58,1306,High,Medium,28,9,Low,9,92,71,Average,5,4,Reassignment Required
4844,41,8,Bachelor,Marketing,Expert,74,53,84,68,9896,High,High,6,5,Medium,3,67,95,Good,5,1,Optimal
4845,45,9,PhD,IT,Low,88,51,38,41,5492,Low,Low,6,5,High,3,89,93,Excellent,0,2,Suboptimal
4846,42,7,Master,Operations,High,72,99,45,76,9869,High,Low,28,11,Low,2,85,95,Excellent,3,0,Suboptimal
4847,31,20,Diploma,Finance,High,90,60,84,65,9402,Medium,Medium,6,9,High,8,74,85,Excellent,3,4,Suboptimal
4848,35,12,Diploma,HR,Expert,93,87,87,68,5494,Low,High,25,8,Critical,2,95,73,Poor,0,0,Suboptimal
4849,58,26,Bachelor,Operations,Expert,75,55,93,97,2396,Medium,Expert,14,2,High,5,71,73,Poor,4,4,Reassignment Required
4850,39,17,PhD,HR,Expert,56,93,78,44,4460,Medium,Low,13,8,Low,6,71,90,Excellent,3,2,Optimal
4851,45,4,PhD,IT,Low,78,83,58,71,5353,High,Medium,13,11,High,3,63,99,Poor,4,4,Reassignment Required
4852,35,5,Diploma,Marketing,Low,73,41,36,77,3162,High,Medium,25,4,Medium,3,62,86,Good,2,0,Suboptimal
4853,55,29,Master,Finance,Expert,51,62,98,87,8676,Low,High,27,6,High,6,96,89,Average,3,0,Suboptimal
4854,33,16,PhD,Operations,High,44,95,31,41,5544,Medium,High,10,9,Medium,5,97,91,Good,2,2,Reassignment Required
4855,43,10,Master,Finance,High,87,68,62,44,4148,Medium,High,16,7,Low,4,91,97,Excellent,5,0,Suboptimal
4856,27,19,Diploma,HR,Expert,79,85,77,86,1827,High,Medium,7,9,Medium,4,85,79,Average,2,3,Reassignment Required
4857,57,15,PhD,HR,Medium,94,82,66,72,3655,Medium,High,3,6,High,3,63,87,Good,2,4,Reassignment Required
4858,57,8,Master,R&D,Low,66,48,59,90,7711,Medium,Medium,15,11,Critical,4,60,99,Average,2,3,Optimal
4859,43,1,Diploma,Marketing,Low,99,93,70,74,9691,Medium,Low,23,10,Medium,8,64,96,Poor,1,1,Optimal
4860,35,4,Master,HR,Medium,79,46,33,58,8864,Medium,Medium,5,7,Critical,5,61,88,Average,1,1,Optimal
4861,37,0,PhD,Marketing,Expert,52,68,68,54,8525,Medium,Medium,25,10,Critical,4,70,80,Average,5,4,Optimal
4862,57,3,Bachelor,R&D,High,65,83,53,74,6170,Low,Low,8,5,Critical,2,68,83,Excellent,0,0,Reassignment Required
4863,46,3,Master,Operations,High,53,56,79,47,4496,Medium,High,26,3,Critical,5,67,73,Poor,3,2,Suboptimal
4864,53,21,Bachelor,R&D,Low,71,48,66,86,7094,Medium,High,28,9,High,6,98,85,Good,0,1,Reassignment Required
4865,54,25,PhD,Marketing,Medium,50,45,82,40,5222,Low,Medium,22,6,Medium,3,74,72,Excellent,2,0,Suboptimal
4866,57,24,Bachelor,HR,High,77,83,54,77,2989,High,Medium,5,3,Low,5,68,94,Average,0,2,Optimal
4867,41,2,Diploma,IT,Low,55,59,60,61,7579,High,Low,26,7,Low,4,89,91,Good,1,4,Suboptimal
4868,39,8,Bachelor,Marketing,High,94,49,67,56,6504,Low,High,2,4,Medium,5,88,80,Average,4,0,Suboptimal
4869,59,21,Master,Finance,High,96,48,87,55,5180,Low,Low,27,2,Low,7,84,74,Average,5,3,Reassignment Required
4870,24,22,Master,IT,High,61,51,82,84,2382,High,Medium,28,7,Medium,6,81,90,Good,4,4,Optimal
4871,44,11,Bachelor,Marketing,Low,96,72,79,40,5167,Medium,Medium,19,9,High,7,93,71,Average,5,1,Reassignment Required
4872,53,9,Diploma,Finance,Medium,86,71,33,42,4166,Medium,Low,11,2,Medium,5,81,81,Average,4,4,Suboptimal
4873,37,1,PhD,R&D,Expert,55,73,81,95,3635,Low,Low,11,4,High,6,89,99,Good,4,4,Suboptimal
4874,26,10,Bachelor,IT,Medium,52,58,60,45,6545,Medium,Expert,3,7,Medium,6,69,82,Good,4,2,Suboptimal
4875,25,9,Master,Marketing,High,51,72,43,91,6209,Low,Expert,13,11,Critical,5,64,94,Excellent,3,1,Reassignment Required
4876,42,29,Master,Operations,Medium,57,87,30,92,6382,High,High,20,4,Critical,3,64,71,Good,2,2,Reassignment Required
4877,35,21,Bachelor,R&D,High,68,55,72,97,4983,Medium,Low,19,8,High,8,61,74,Excellent,1,4,Reassignment Required
4878,52,5,Bachelor,Finance,Low,57,89,88,42,2405,High,High,23,7,Low,3,89,92,Good,4,0,Optimal
4879,35,17,Bachelor,Operations,Low,85,89,90,86,8737,Medium,Expert,29,10,Critical,4,81,88,Excellent,3,3,Suboptimal
4880,27,1,PhD,HR,Low,41,62,70,69,7200,Medium,High,15,7,Medium,7,72,98,Excellent,1,3,Reassignment Required
4881,33,29,Master,R&D,High,93,65,47,86,6742,Medium,Expert,6,8,Low,5,98,93,Average,4,2,Reassignment Required
4882,37,1,Master,R&D,Medium,41,84,89,50,7711,Low,Low,13,3,Low,7,84,74,Poor,5,0,Reassignment Required
4883,38,9,Master,Marketing,Expert,42,93,98,66,2884,High,Low,24,11,High,7,86,95,Good,5,3,Reassignment Required
4884,44,15,PhD,Marketing,Expert,68,83,88,61,6172,Low,High,18,5,Low,5,86,97,Good,2,0,Reassignment Required
4885,35,11,Diploma,Finance,Low,95,80,71,45,3184,Low,Low,18,6,High,9,80,72,Average,0,2,Reassignment Required
4886,28,0,Master,R&D,Expert,47,76,65,77,7317,High,High,1,3,Critical,2,90,88,Poor,5,1,Reassignment Required
4887,53,20,Master,Marketing,High,50,48,69,80,8003,High,High,21,11,Critical,3,74,88,Poor,5,0,Optimal
4888,36,7,Diploma,HR,Medium,51,69,59,85,9410,Low,Expert,23,11,Low,9,97,80,Good,5,0,Reassignment Required
4889,38,15,PhD,Marketing,Expert,71,52,40,70,8430,Low,Medium,25,11,Low,9,98,81,Good,5,1,Optimal
4890,55,17,Diploma,R&D,Expert,43,87,54,97,5350,Low,High,21,8,Medium,6,95,88,Excellent,2,4,Optimal
4891,26,12,Diploma,IT,Medium,48,99,74,82,9461,High,Expert,27,5,Medium,9,95,89,Poor,2,4,Suboptimal
4892,48,14,Diploma,Operations,Expert,63,81,80,95,7367,Low,Expert,11,10,High,2,60,79,Poor,4,4,Suboptimal
4893,44,20,Diploma,R&D,Medium,88,55,72,45,5699,High,Expert,16,9,Low,5,70,86,Excellent,5,2,Optimal
4894,35,11,PhD,HR,High,95,85,95,89,2733,Low,Medium,1,11,Low,2,64,81,Excellent,0,4,Optimal
4895,36,7,PhD,R&D,High,55,96,76,59,3967,High,Low,19,10,Medium,3,93,72,Good,0,2,Reassignment Required
4896,54,9,Diploma,HR,High,56,41,53,86,1072,Low,High,8,9,High,5,96,95,Poor,1,1,Optimal
4897,52,13,Bachelor,R&D,Low,86,70,66,93,5993,Medium,High,19,6,Medium,9,64,95,Average,3,0,Reassignment Required
4898,56,4,Bachelor,Operations,High,91,99,85,80,7117,Medium,Low,23,10,Low,7,79,90,Excellent,5,3,Reassignment Required
4899,38,17,Bachelor,Operations,Expert,97,96,75,50,8885,High,Low,16,6,High,7,72,98,Poor,1,3,Suboptimal
4900,49,18,Bachelor,HR,Low,61,90,57,41,6042,High,Expert,26,9,Critical,3,68,77,Poor,4,2,Optimal
4901,40,14,Master,R&D,Low,46,82,81,70,9061,Medium,Expert,3,5,Low,2,64,77,Poor,0,2,Reassignment Required
4902,44,5,PhD,Operations,Low,49,58,44,77,1630,High,Low,2,6,Medium,9,97,94,Poor,2,0,Optimal
4903,53,26,PhD,Finance,High,68,99,74,65,6603,High,High,12,5,High,9,91,94,Excellent,2,1,Reassignment Required
4904,34,10,Diploma,R&D,Low,75,50,87,66,1877,Medium,Low,29,3,Medium,4,89,82,Average,3,0,Suboptimal
4905,41,20,Master,Operations,High,63,53,96,97,9948,Low,Low,10,5,Critical,8,87,91,Average,5,2,Reassignment Required
4906,56,10,Diploma,IT,High,95,86,70,97,5293,High,Medium,22,6,Low,9,96,82,Excellent,4,0,Suboptimal
4907,26,19,Diploma,IT,Low,85,64,94,94,3540,High,Medium,2,7,Low,6,87,79,Poor,4,2,Suboptimal
4908,30,19,PhD,Finance,Low,53,46,69,85,1081,Low,Expert,26,5,Medium,6,65,84,Excellent,1,3,Suboptimal
4909,50,20,Master,Operations,Expert,53,54,34,85,2331,Low,Expert,21,11,Low,8,88,92,Excellent,5,0,Suboptimal
4910,27,17,Bachelor,IT,Low,64,69,57,70,8955,High,High,5,5,Medium,8,63,97,Poor,0,1,Suboptimal
4911,46,24,PhD,R&D,High,85,98,67,63,1356,High,Low,5,7,Medium,4,77,85,Excellent,5,3,Optimal
4912,52,17,Master,Marketing,Expert,61,70,47,52,1579,Low,Low,6,8,High,4,74,82,Excellent,0,1,Optimal
4913,43,9,Master,Operations,Expert,91,63,66,64,1645,High,Medium,3,8,Critical,4,84,80,Poor,3,1,Reassignment Required
4914,23,1,PhD,Finance,High,89,94,56,76,7263,Low,High,10,5,Low,3,63,81,Average,2,2,Suboptimal
4915,26,25,PhD,Operations,Low,86,64,54,80,9499,Low,Low,5,6,Low,9,73,83,Excellent,5,1,Suboptimal
4916,48,29,Diploma,HR,Low,62,47,98,64,1233,High,High,24,4,Medium,5,76,89,Good,1,4,Optimal
4917,46,8,Diploma,HR,Medium,71,69,56,68,2034,High,Medium,20,6,Critical,4,93,72,Poor,3,1,Optimal
4918,29,13,Diploma,IT,Low,65,75,83,70,7017,Low,Low,5,11,High,9,78,84,Good,0,0,Suboptimal
4919,22,18,Bachelor,HR,Medium,90,89,36,82,6121,High,Medium,15,6,Medium,9,88,80,Excellent,5,2,Optimal
4920,41,9,PhD,Finance,Expert,66,53,56,78,2735,Low,Medium,17,5,Critical,3,81,72,Average,1,2,Optimal
4921,44,22,Master,IT,Expert,84,68,88,41,5277,Medium,Medium,17,7,Low,7,73,87,Excellent,4,4,Suboptimal
4922,53,3,PhD,Finance,Expert,51,66,60,95,1941,Medium,Low,24,6,High,2,95,77,Poor,2,2,Suboptimal
4923,32,28,Master,R&D,Medium,58,92,97,51,1349,Low,High,18,9,High,2,61,92,Average,0,2,Suboptimal
4924,45,28,Bachelor,Finance,High,58,89,33,44,2405,Low,Low,26,3,Medium,4,66,77,Excellent,0,3,Reassignment Required
4925,32,5,PhD,HR,High,91,75,47,66,8464,High,Medium,10,7,Medium,2,87,82,Poor,3,3,Suboptimal
4926,50,13,Master,R&D,Expert,73,99,92,95,2545,Low,Expert,23,3,High,4,67,75,Good,2,3,Reassignment Required
4927,47,3,Master,HR,Medium,71,73,81,73,5320,Low,High,7,7,Low,2,88,98,Excellent,0,4,Optimal
4928,37,25,Diploma,Finance,Medium,68,60,92,53,2746,High,Expert,11,5,Low,9,69,79,Good,0,2,Suboptimal
4929,56,14,Bachelor,HR,Expert,60,77,74,46,8896,High,Medium,14,2,High,9,80,84,Poor,0,2,Optimal
4930,41,15,PhD,HR,Low,74,50,41,76,2354,Medium,Low,9,7,Medium,2,94,97,Poor,3,2,Optimal
4931,24,6,Diploma,HR,Expert,81,72,37,75,8330,Low,High,17,4,Medium,5,63,95,Good,0,1,Reassignment Required
4932,22,16,Bachelor,Operations,Medium,44,54,51,49,5288,Low,Expert,2,8,Low,9,80,74,Average,3,2,Suboptimal
4933,22,18,Diploma,R&D,Low,51,51,70,68,5766,Medium,Low,17,4,Critical,8,97,70,Excellent,4,2,Reassignment Required
4934,38,28,PhD,R&D,High,46,63,70,55,6957,Low,High,17,11,Critical,5,84,77,Poor,4,0,Optimal
4935,23,18,Master,R&D,Low,80,89,86,77,7835,High,Medium,27,5,Critical,2,79,71,Average,4,0,Reassignment Required
4936,50,16,PhD,Finance,High,41,76,61,60,3585,Low,Medium,20,10,Low,5,66,70,Poor,4,2,Suboptimal
4937,41,5,Bachelor,Marketing,Medium,64,50,84,77,5707,High,Medium,24,8,High,4,66,94,Poor,1,1,Suboptimal
4938,27,28,PhD,Finance,Expert,49,95,35,80,1900,Low,Low,10,5,Critical,6,91,99,Poor,1,1,Optimal
4939,29,10,Bachelor,R&D,Expert,77,92,68,72,4341,Medium,Low,24,3,Low,4,91,96,Good,4,4,Suboptimal
4940,50,15,Diploma,IT,Expert,83,58,38,68,8694,High,Medium,12,6,Low,9,81,96,Good,5,4,Reassignment Required
4941,54,29,Bachelor,HR,Expert,45,93,61,87,1127,High,Medium,12,9,Medium,9,84,93,Poor,4,2,Reassignment Required
4942,24,24,Master,HR,Expert,66,40,65,98,2675,Medium,High,27,3,Medium,5,65,96,Excellent,2,3,Optimal
4943,56,7,Master,Marketing,Medium,74,56,45,56,2777,High,Expert,15,10,Low,3,86,85,Average,0,1,Optimal
4944,26,10,Master,IT,Medium,49,79,41,52,6165,Medium,High,9,6,Medium,8,77,94,Poor,5,3,Reassignment Required
4945,48,6,Diploma,Operations,Expert,48,94,70,45,9425,Low,Expert,18,7,Medium,2,71,74,Average,2,4,Optimal
4946,33,25,Bachelor,Finance,Low,59,55,96,41,1583,Medium,Low,16,8,Medium,5,87,88,Poor,2,1,Reassignment Required
4947,41,23,Diploma,Operations,Expert,76,65,87,47,2466,Low,High,29,10,Low,7,78,99,Average,2,3,Reassignment Required
4948,41,21,PhD,IT,High,74,97,38,94,9694,High,Low,7,8,Critical,7,76,80,Excellent,2,2,Reassignment Required
4949,30,24,PhD,Marketing,High,76,82,46,93,7750,High,Low,28,5,Medium,8,94,77,Average,5,3,Reassignment Required
4950,25,18,PhD,IT,High,79,98,34,71,2155,Medium,Expert,14,6,Low,9,74,73,Poor,2,4,Optimal
4951,40,25,PhD,Marketing,High,47,90,55,75,8960,Low,Expert,4,4,Low,8,64,83,Excellent,2,1,Reassignment Required
4952,59,9,Master,Operations,Expert,85,95,30,48,1935,Medium,High,3,2,High,5,95,86,Poor,4,1,Suboptimal
4953,48,8,Bachelor,Operations,High,95,82,30,62,1355,High,High,12,4,High,5,92,78,Poor,2,1,Optimal
4954,34,3,Master,IT,Low,93,54,64,46,2994,High,High,16,2,Critical,9,80,96,Good,5,2,Reassignment Required
4955,34,22,Bachelor,IT,Expert,70,47,38,70,6156,Low,Expert,4,6,High,7,94,73,Average,1,1,Optimal
4956,43,14,Bachelor,HR,High,88,69,67,60,7281,Low,Medium,4,8,Low,8,86,97,Poor,5,3,Suboptimal
4957,49,12,Diploma,Marketing,Expert,82,53,33,40,8409,High,Medium,3,10,High,4,89,71,Excellent,0,0,Suboptimal
4958,43,24,PhD,HR,Expert,97,72,81,85,6364,High,Expert,9,5,Medium,8,98,79,Excellent,5,0,Reassignment Required
4959,40,1,Bachelor,Finance,Expert,55,81,48,41,4974,Low,High,24,11,High,2,89,88,Excellent,5,2,Suboptimal
4960,29,1,PhD,Finance,Medium,67,46,34,79,3504,Medium,Medium,14,11,Low,6,80,91,Good,1,3,Reassignment Required
4961,29,15,PhD,IT,High,45,57,77,50,3146,Medium,Low,12,2,Critical,7,85,78,Poor,3,2,Reassignment Required
4962,47,8,PhD,Operations,Medium,71,51,92,76,8669,Low,Medium,10,8,Critical,7,83,91,Excellent,1,0,Optimal
4963,47,27,Master,Finance,Low,67,41,67,57,8304,Low,Medium,14,4,Critical,7,81,97,Good,3,1,Reassignment Required
4964,44,12,PhD,Finance,Low,50,89,81,83,2210,Low,Expert,12,2,Critical,8,96,85,Excellent,4,0,Reassignment Required
4965,34,2,Bachelor,HR,Medium,81,68,75,92,7179,High,Expert,12,5,Medium,8,85,97,Good,3,0,Reassignment Required
4966,49,8,Master,HR,High,62,60,38,63,9821,Medium,Medium,2,10,Medium,5,81,89,Average,2,0,Reassignment Required
4967,30,12,PhD,Finance,Expert,69,46,79,91,5882,Low,Low,19,7,Medium,8,92,86,Poor,2,2,Reassignment Required
4968,41,20,Diploma,IT,Low,48,91,95,58,7824,Medium,Low,13,7,High,3,83,71,Excellent,2,4,Reassignment Required
4969,40,21,PhD,HR,Low,67,66,67,44,7198,High,High,10,8,High,7,64,92,Good,3,2,Reassignment Required
4970,33,1,PhD,Finance,Low,63,51,56,68,2107,High,Medium,23,2,High,9,83,88,Poor,5,4,Optimal
4971,36,7,Master,Operations,High,98,59,49,78,5986,Low,Medium,21,6,Critical,2,94,71,Average,3,2,Optimal
4972,52,26,Bachelor,HR,Medium,67,96,91,41,4434,Low,Low,1,5,Critical,8,81,85,Good,3,0,Reassignment Required
4973,35,8,PhD,Finance,Medium,63,53,45,56,9023,Low,Expert,1,5,High,8,92,85,Excellent,0,1,Optimal
4974,32,15,Master,Marketing,High,54,49,42,84,3815,Low,Medium,28,8,Medium,6,76,97,Poor,0,3,Reassignment Required
4975,47,1,Master,HR,Low,78,80,49,50,8061,Medium,Low,8,3,Low,7,71,91,Average,0,4,Reassignment Required
4976,48,5,Bachelor,Marketing,High,89,62,53,76,3035,Low,Medium,6,6,High,3,89,83,Average,2,2,Suboptimal
4977,32,21,Master,HR,High,72,69,79,52,7807,Medium,Expert,20,8,Low,7,85,89,Good,4,1,Optimal
4978,59,7,Bachelor,HR,Medium,86,86,36,68,7973,High,High,3,4,Medium,8,72,70,Average,1,3,Suboptimal
4979,55,25,Diploma,R&D,High,73,97,58,94,1169,High,Expert,13,3,Low,6,65,78,Excellent,0,1,Reassignment Required
4980,40,27,PhD,R&D,High,61,70,34,71,9823,Medium,Expert,25,2,Critical,6,62,84,Good,1,4,Reassignment Required
4981,27,4,Master,Marketing,Low,68,91,64,84,9996,Medium,Low,25,6,Low,7,70,84,Average,0,4,Reassignment Required
4982,59,8,Diploma,IT,Expert,73,95,94,79,6015,Low,Low,12,6,High,8,69,94,Poor,3,3,Optimal
4983,49,0,Master,Finance,Low,81,49,99,82,7897,Low,Expert,20,5,High,2,70,80,Excellent,3,3,Optimal
4984,22,8,Master,IT,Medium,91,58,36,47,4034,Low,Low,16,9,Medium,4,75,74,Poor,2,4,Optimal
4985,56,9,Diploma,IT,Expert,86,58,73,49,5480,High,Expert,11,3,High,9,79,77,Average,2,4,Optimal
4986,29,22,Master,R&D,Low,49,83,42,64,4412,Medium,Expert,24,5,Low,3,78,91,Excellent,1,0,Suboptimal
4987,28,3,Master,Finance,High,90,62,67,98,5988,Medium,Medium,4,6,Critical,7,68,76,Poor,2,3,Suboptimal
4988,32,2,Diploma,R&D,High,93,98,42,50,8130,Medium,Expert,8,10,Low,5,95,98,Average,4,3,Optimal
4989,25,29,Master,R&D,Expert,99,83,83,67,4869,Medium,High,7,4,Low,6,74,75,Excellent,4,4,Optimal
4990,46,9,Bachelor,R&D,Expert,99,80,73,72,7099,Low,Low,16,2,Low,3,82,76,Excellent,4,2,Suboptimal
4991,33,14,Master,Operations,High,84,98,42,78,1791,Low,High,12,5,High,2,80,88,Excellent,2,0,Optimal
4992,47,10,PhD,IT,Medium,69,71,54,65,4841,Medium,Low,6,11,Medium,3,98,83,Average,0,2,Reassignment Required
4993,59,13,Master,IT,Low,95,59,53,47,4356,Low,Expert,23,7,High,5,64,80,Average,1,4,Reassignment Required
4994,33,5,PhD,IT,High,50,43,58,77,8522,High,High,6,8,Low,5,81,88,Excellent,5,0,Optimal
4995,58,11,PhD,Operations,Low,93,72,99,65,5925,Low,Medium,11,5,Medium,2,90,95,Excellent,1,0,Optimal
4996,45,12,Master,HR,Low,73,87,47,71,6074,High,Expert,12,5,Medium,3,74,83,Excellent,1,4,Reassignment Required
4997,37,16,Diploma,Marketing,Low,60,40,34,85,7700,High,Expert,16,7,Low,7,87,88,Average,5,1,Optimal
4998,34,15,Bachelor,Marketing,Low,98,52,47,67,3094,Medium,Expert,22,2,Low,4,97,95,Good,0,1,Reassignment Required
4999,46,2,Bachelor,Operations,Medium,52,42,92,91,7250,Medium,Medium,16,6,High,4,74,75,Poor,2,3,Reassignment Required
5000,25,1,Master,IT,Medium,93,51,66,46,9807,Low,High,23,4,Medium,7,78,70,Poor,0,4,Optimal
